acto;nome;tipo;ambito_geografico;primeiro_ano;ultimo_ano;n_publicacoes;n_organizacoes;codigos_organizacoes
312;CCT ANILT-AS  NAC  IND  LAVANDARIAS E TINT / SITESC-SIND. TRAB. ESCRITÓRIO SERVIÇOS E  COMÉRCIO;Contrato coletivo de trabalho;Nacional;1998;2003;61;17;1.133.1 1.152.1 1.248.3 1.31.1 1.31.2 2.10.3 2.15.2 2.20.2 2.21.1 2.23.2 2.26.1 2.33.0 2.39.0 2.4.1 2.40.0 2.6.4 5.69.0
317;CCT PARA O SECTOR TÊXTIL;Contrato coletivo de trabalho;Nacional;1980;1998;181;66;1.118.0 1.123.0 1.130.0 1.131.0 1.132.0 1.143.0 1.143.1 1.144.1 1.145.1 1.152.0 1.152.1 1.157.0 1.157.1 1.157.2 1.180.1 1.225.0 1.225.1 1.233.0 1.233.1 1.237.1 1.241.0 1.248.1 1.248.2 1.248.3 1.250.0 1.271.0 1.284.0 1.296.0 1.299.0 1.318.0 1.5.1 1.5.3 1.502.0 1.81.0 1.96.0 2.10.1 2.10.2 2.10.3 2.15.1 2.15.2 2.20.0 2.20.1 2.20.2 2.21.0 2.21.1 2.23.0 2.23.1 2.23.2 2.3.1 2.3.2 2.33.0 2.4.1 2.6.2 2.6.3 2.6.4 5.102.0 5.102.1 5.103.0 5.161.0 5.161.1 5.183.0 5.29.0 5.324.0 5.324.1 5.362.1 5.58.0
327;ACT OLARIAS DE BARRO VERMELHO E GRÉS DECORATIVO- ALTERAÇÃO SALARIAL E OUTRA E TEXTO CONSOLIDADO;Acordo coletivo de trabalho;Pluridistrital;2004;2007;8;3;2.12.2 2.15.2 2.46.0
328;CCT ANF-ASSOC. NAC. DAS FARMÁCIAS E O SINPROFARM - SINDICATO NACIONAL  DOS PROFISSIONAIS DE FARMÁCIA EE OUTROS - ALTERAÇÃO SALARIAL E OUTRAS;Contrato coletivo de trabalho;Nacional;2000;2008;23;8;1.133.1 1.133.2 1.229.1 1.84.1 1.84.2 2.26.1 5.100.0 5.100.1
338;CCT CELEBRADO ENTRE A ASSOCIAÇÃO PORTUGUESA DOS COMERCIANTES DE MATERIAIS DE CONSTRUÇÃO E O SITESC-SINDICATO DOS TRABALHADORES DE ESCRITÓRIO, SERVIÇOS E COMÉRCIO E OUTROS-ALTERAÇÃO SALARIAL E OUTRA.;Contrato coletivo de trabalho;Nacional;2000;2003;50;10;1.104.2 1.133.1 1.143.1 1.157.2 1.222.2 1.84.1 2.15.2 2.6.4 5.80.1 5.99.1
4100;CCT ENTRE A ASSOCIAÇÃO DOS BARBEIROS E CABELEIREIROS DO DISTRITO DE BRAGA E O SINDPAB - SINDICATO DOS PROFISSIONAIS DE PENTEADO, ARTE E BELEZA - ALTERAÇÃO SALARIAL;Contrato coletivo de trabalho;Distrital;2003;2003;2;2;1.263.1 5.216.0
4337;CCT ANIL - ASSOCIAÇÃO NACIONAL DOS INDUSTRIAIS DE LACTICÍNIOS E VÁRIAS COOPERATIVAS DE PRODUTORES DE LEITE/FETESE-FEDERAÇÃO DOS SINDICATOS DOS TRABALHADORES DE SERVIÇOS E OUTROS;Contrato coletivo de trabalho;Nacional;2001;2002;8;5;1.133.1 1.84.1 2.26.1 2.6.4 5.44.2
4370;CCT ASSOC. DOS IND. DE BOLACHAS E AFINS E OUTRAS / FETESE - FEDER. DOS SIND. DOS TRAB. DE ESCRITÓRIO E SERVIÇOS E OUTROS (DIST. DO PORTO E AVEIRO);Contrato coletivo de trabalho;Pluridistrital;1976;1992;118;22;1.125.0 1.133.0 1.133.1 1.207.1 1.222.2 1.241.0 1.281.2 2.2.1 2.26.0 2.29.2 2.6.3 2.6.4 5.106.0 5.11.0 5.12.0 5.30.0 5.329.0 5.484.0 5.485.0 5.65.0 5.9.0 6.6.0
4432;ASS. PORTUG. GROSSISTAS TÊXTEIS / FEPCES OUTROS;Contrato coletivo de trabalho;Nacional;1977;2005;246;49;1.108.0 1.123.0 1.130.0 1.131.0 1.131.1 1.132.0 1.133.0 1.133.1 1.133.2 1.152.0 1.204.1 1.210.0 1.218.0 1.222.1 1.222.2 1.235.0 1.241.0 1.248.0 1.248.1 1.248.2 1.248.3 1.248.4 1.271.0 1.281.2 1.284.0 1.49.0 1.548.0 1.548.1 1.66.0 1.84.0 1.84.1 1.84.2 1.87.1 2.15.0 2.15.1 2.15.2 2.2.0 2.2.1 2.26.0 2.26.1 2.4.0 2.4.1 2.6.0 2.6.2 2.6.3 2.6.4 5.102.2 5.67.0 5.67.1
4441;CCT ASSOC. DOS IND. DE MOAGEM DO SUL, ASSOC. DOS IND. DE MOAGEM DO CENTRO, ASSOC. NACIONAL DOS IND. ARROZ, ASSOC. PORT. DOS IND. DE ALIMENT. COMP. PARA ANIMAIS, ASSOC. DOS IND. MASSAS ALIMENTÍCIAS, BOL., E CHOCOLATES / SIND. DOS TRAB. DAS IND. QUÍMICAS DO CENTRO, SUL E ILHAS E MOAGEM DO CENTRO SUL;Contrato coletivo de trabalho;Pluridistrital;1977;2003;259;24;1.30.0 1.30.1 1.355.1 1.359.0 1.360.0 2.22.1 2.29.0 2.29.1 2.29.2 2.29.3 2.29.4 2.32.0 2.40.0 5.11.0 5.262.0 5.263.0 5.329.0 5.446.0 5.446.1 5.484.0 5.485.0 5.65.0 5.9.0 6.6.0
4458;CCT ENTRE A ANAP - ASSOCIAÇÃO NACIONAL DOS ARMAZENISTAS DE PAPEL E A FEPCES- FEDERAÇÃO PORTUGUESA DOS SINDICATOS DO COMÉRCIO, ESCRITÓRIOS E SERVIÇOS E OUTROS - ALTERAÇÃO SALARIAL E OUTRAS.;Contrato coletivo de trabalho;Nacional;2000;2006;54;13;1.133.1 1.133.2 1.248.3 1.248.4 1.548.0 1.548.1 1.84.1 1.84.2 2.15.2 2.26.1 2.32.0 2.6.4 5.137.0
4464;CCT ASSOC. LIVRE DOS IND. PELO FRIO/SIND. REPRESENTATIVOS DE TRABALHADORES AO SERVIÇO DE EMPRESAS QUE SE DEDICAM À IND. DE CONSERVAS DE PEIXE E OUTROS PRODUTOS ALIMENTARES PELO FRIO;Contrato coletivo de trabalho;Nacional;1977;2003;236;60;1.108.0 1.123.0 1.130.0 1.131.0 1.131.1 1.132.0 1.133.0 1.133.1 1.14.0 1.144.0 1.145.0 1.152.0 1.197.0 1.204.1 1.206.1 1.210.0 1.218.0 1.222.1 1.235.0 1.237.0 1.241.0 1.248.0 1.248.1 1.25.0 1.271.0 1.281.2 1.284.0 1.299.0 1.31.0 1.31.1 1.41.0 1.49.0 1.5.0 1.548.1 1.66.0 1.84.0 1.84.1 1.87.0 2.15.0 2.15.1 2.15.2 2.2.0 2.2.1 2.21.0 2.26.0 2.26.1 2.27.0 2.29.0 2.29.1 2.29.2 2.32.0 2.4.0 2.4.1 2.6.0 2.6.1 2.6.2 2.6.3 2.6.4 5.241.0 5.241.1
4466;CCT - ENTRE A ASSOC. COMERCIAL E INDUSTRIAL DE COIMBRA E O SIND. DOS TRABALHADORES DE ESCRITÓRIO E COMÉRCIO DO DISTRITO DE COIMBRA;Contrato coletivo de trabalho;Distrital;1977;1998;83;6;1.195.0 1.391.0 1.58.0 2.26.0 5.188.0 5.66.0
4471;CCT ASSOC. DOS IND. DE MOAGEM DO NORTE E CENTRO E OUTRAS / SIND. LIVRE DOS TRAB. DE PANIFICAÇÃO, MOAGENS E SIMILARES DO DIST. DO PORTO;Contrato coletivo de trabalho;Pluridistrital;1977;2004;212;17;1.112.0 1.112.1 2.29.0 2.29.1 2.29.2 2.29.3 2.29.4 2.32.0 2.40.0 5.11.0 5.30.0 5.329.0 5.446.0 5.446.1 5.65.0 5.9.0 6.6.0
4479;CCT-ENTRE A ASSOC. DOS IND. DE VIDRO EMBALAGEM E OUTROS E A FEDER. NACIONAL DOS SIND. DOS TRABALHADORES DAS IND. CERÂMICA, CIMENTO, VIDRO E OUTROS-ALT.SALARIAL;Contrato coletivo de trabalho;Nacional;1977;2008;211;40;1.104.0 1.104.1 1.116.0 1.13.0 1.132.0 1.152.0 1.195.0 1.237.0 1.237.1 1.30.0 1.31.0 1.5.0 1.5.1 1.82.0 1.87.0 1.87.1 1.96.0 2.10.1 2.10.2 2.10.3 2.12.1 2.12.2 2.15.0 2.15.1 2.15.2 2.21.0 2.23.0 2.4.0 2.4.1 2.46.0 2.50.0 2.6.0 2.6.1 2.6.2 2.6.3 5.142.1 5.25.0 5.261.0 5.261.1 5.286.0
4481;CCT ASSOC. NAC. DOS IND. DE MOAGEM DE RAMAS E ESPOADAS DE MILHO E CENTEIO E DOS TORREFACTORES / SIND. LIVRE DOS TRAB. DE PANIFICAÇÃO, MOAGENS, MASSAS E SIMILARES DO DIST DO PORTO E O SIND. DOS TRAB. DA IND. DE PANIFICAÇÃO E PRODUTOS ALIMENTARES AFINS DO DIST. LISBOA;Contrato coletivo de trabalho;Continente;1977;2003;101;16;1.102.0 1.112.0 1.112.1 1.31.1 1.31.2 1.359.0 2.29.0 2.29.1 2.29.2 2.29.3 2.29.4 2.40.0 5.106.0 5.106.1 5.62.0 5.62.1
4484;CCT -VERTICAL PARA OS FABRICANTES DE MATERIAL ELÉCTRICO E ELECTRÓNICO (TEXTO ACORDADO EM FASE DE NEGOCIAÇÕES DIRECTAS E DE CONCILIAÇÃO);Contrato coletivo de trabalho;Nacional;1977;1999;338;98;1.116.0 1.118.0 1.119.0 1.119.1 1.121.0 1.127.0 1.131.0 1.133.0 1.133.1 1.136.0 1.143.0 1.143.1 1.144.0 1.144.1 1.145.1 1.15.0 1.15.1 1.152.0 1.157.0 1.157.1 1.157.2 1.180.0 1.180.1 1.181.0 1.185.0 1.20.0 1.203.0 1.210.0 1.211.0 1.213.0 1.213.1 1.221.0 1.222.1 1.222.2 1.223.0 1.225.0 1.225.1 1.229.0 1.233.0 1.233.1 1.234.0 1.235.0 1.237.0 1.237.1 1.241.0 1.242.0 1.248.0 1.248.1 1.248.2 1.248.3 1.28.1 1.281.2 1.296.0 1.30.0 1.31.0 1.31.1 1.345.0 1.346.0 1.5.0 1.5.1 1.502.0 1.84.0 1.84.1 1.87.0 1.87.1 2.10.0 2.10.1 2.10.2 2.10.3 2.12.1 2.12.2 2.14.0 2.15.0 2.15.1 2.15.2 2.17.0 2.19.0 2.2.0 2.2.1 2.21.0 2.21.1 2.22.0 2.22.1 2.22.2 2.23.0 2.23.1 2.23.2 2.26.0 2.27.0 2.3.2 2.39.0 2.4.0 2.4.1 2.6.0 2.6.2 2.6.3 2.6.4 5.68.0
4485;CCT ENTRE A ARCDP - ASSOCIAÇÃO DOS RETALHISTAS DE CARNE DO DISTRITO DO PORTO E OUTRAS E O SIND. DO NORTE DOS TRAB. EM CARNES - ALTERAÇÃO SALARIAL E OUTRAS;Contrato coletivo de trabalho;Pluridistrital;2000;2003;44;16;1.282.0 1.282.1 5.162.1 5.164.0 5.166.2 5.169.1 5.173.1 5.245.0 5.246.0 5.249.0 5.341.2 5.427.0 5.432.0 5.481.1 5.75.0 5.75.1
4494;CCT - ENTRE A ASSOC. COMERCIAL DA GUARDA E OUTRAS E O SIND. DOS PROFISSIONAIS DE ESCRITÓRIO E COMÉRCIO DO DISTRITO DA GUARDA;Contrato coletivo de trabalho;Distrital;1977;2011;96;8;1.278.0 1.518.0 5.120.0 5.32.0 5.32.1 5.494.0 5.494.2 5.497.2
4497;CCT ENTRE A ASSOCIAÇÃO PORTUGUESA DE BARBEARIAS, CABELEIREIROS E INSTITUTOS DE BELEZA E O SINDICATO DOS PROFISSIONAIS DO PENTEADO, ARTE E BELEZA - SINDPAB - ALTERAÇÃO SALARIAL;Contrato coletivo de trabalho;Nacional;2001;2003;6;2;1.263.1 5.125.1
4498;CCT ENTRE A APEQ-ASSOCIAÇÃO PORTUGUESA DAS EMPRESAS QUÍMICAS E OUTRAS E A FETESE-FED. DOS SINDICATOS DOS TRABALHADORES DE SERVIÇOS E OUTROS-ALTERAÇÃO SALARIAL E OUTRAS;Contrato coletivo de trabalho;Nacional;2000;2003;114;34;1.129.1 1.131.2 1.131.3 1.131.4 1.133.1 1.143.1 1.157.2 1.166.1 1.193.1 1.222.2 1.384.1 1.502.0 1.84.1 1.84.2 2.15.2 2.21.1 2.23.2 2.26.1 2.32.0 2.39.0 2.40.0 2.6.4 5.105.0 5.154.1 5.24.0 5.38.2 5.39.1 5.40.1 5.426.0 5.461.0 5.71.0 5.72.0 5.85.0 5.86.1
4512;CCT ENTRE A ANCIPA -  ASSOC. NACIONAL DE COMERCIANTES E INDUSTRIAIS DE PRODUTOS ALIMENTARES E O SETAA - SIND. DA AGRICULTURA, ALIMENTAÇÃO E FLORESTAS (CONFEITARIA, PASTELARIA E CONSERVAÇÃO DE FRUTA - CENTRO/SUL);Contrato coletivo de trabalho;Pluridistrital;1997;2002;18;4;1.103.2 2.29.4 2.40.0 5.12.0
4514;CCT ENTRE A ASSOC. NACIONAL DOS INDUSTRIAIS DE MOAGEM DE RAMAS E ESPOADAS DE MILHO E CENTEIO E O SIND. DOS TRABALHADORES DAS IND. QUÍMICAS DO CENTRO, SUL E ILHAS ADJACENTES E MOAGENS DO CENTRO E SUL;Contrato coletivo de trabalho;Pluridistrital;1977;1992;33;9;1.30.0 1.30.1 1.359.0 1.359.1 2.29.0 2.29.1 2.29.2 2.29.3 5.106.0
4517;CCT ENTRE ASS.COMERC.PORTO E OS SIND.ENGENHEIROS TECN. E OFICIAIS MAQUINISTAS MARINHA MERCANTE;Contrato coletivo de trabalho;Concelhia;1977;2001;42;5;1.180.0 1.180.1 1.296.0 1.296.1 5.180.0
4519;CCT PARA OS TRABALHADORES DE  ESCRITÓRIO E CORRELATIVOS  SECTOR DA  INDÚSTRIA VIDREIRA;Contrato coletivo de trabalho;Continente;1977;2001;147;28;1.108.0 1.123.0 1.130.0 1.132.0 1.133.0 1.133.1 1.218.0 1.218.1 1.218.3 1.222.2 1.255.1 1.271.0 1.284.0 1.49.0 1.81.0 1.84.1 2.2.0 2.2.1 2.26.0 2.26.1 2.32.0 2.6.3 2.6.4 5.142.1 5.25.0 5.261.0 5.261.1 5.286.0
4520;CCT ASSOC. DOS IND. DE MOAGEM / SIND. DOS TRAB. DE ESCRITÓRIO DO DIST. DO PORTO;Contrato coletivo de trabalho;Distrital;1977;2004;123;15;1.133.0 1.133.1 1.222.1 1.222.2 1.241.0 2.2.0 2.2.1 2.26.0 2.26.1 2.6.3 2.6.4 5.30.0 5.329.0 5.446.0 5.446.1
4527;CCT ANIVEC - ASS. NAC. IND. VESTUÁRIO E CONFECÇÃO E A FESINTES - FED. SIND. TRAB. ESCRITÓRIO SERVIÇOS;Contrato coletivo de trabalho;Pluridistrital;1978;1999;54;8;1.133.1 1.281.2 2.2.0 2.2.1 2.26.0 2.26.1 5.58.0 5.58.1
4528;CCT ASS. NAC. IND. TEXTEIS ALGOD. FIBRAS OUTRAS/SIND. ENG. TÉC. NORTE OUTRO;Contrato coletivo de trabalho;Nacional;1978;1979;14;7;1.15.0 1.296.0 5.102.0 5.103.0 5.161.0 5.183.0 5.58.0
4534;CCT - ENTRE A ASSOC. NACIONAL DOS COMERCIANTES DE VEÍCULOS DUAS RODAS E A FEPCES - FEDER. PORTUGUESA DOS SIND. DO COMÉRCIO, ESCRITÓRIOS E OUTRO;Contrato coletivo de trabalho;Nacional;2000;2006;46;11;1.133.1 1.133.2 1.248.3 1.248.4 1.548.1 1.84.1 1.84.2 2.15.2 2.26.1 2.6.4 5.52.0
4535;CCT ENTRE A APCOR - ASSOCIAÇÃO PORTUGUESA DE CORTIÇA E O SITESC - SINDICATO DOS TRABALHADORES DE ESCRITÓRIO, SERVIÇOS E COMÉRCIO E OUTRO - ALTERAÇÃO SALARIAL E TEXTO CONSOLIDADO.;Contrato coletivo de trabalho;Nacional;2000;2025;52;10;1.133.1 1.133.2 1.133.3 1.133.4 1.222.2 1.222.3 1.222.4 2.26.3 2.26.4 5.167.3
4536;CCT ENTRE A IACA - ASSOCIAÇÃO PORTUGUESA DOS INDUSTRIAS DE ALIMENTOS COMPOSTOS PARA ANIMAIS E O SINDICATO DOS TÉCNICOS DE VENDAS DO NORTE E CENTRO E OUTRO - ALT. SALARIAL - TEXTO CONSOLIDADO;Contrato coletivo de trabalho;Nacional;1978;2005;56;5;1.548.1 1.84.0 1.84.1 1.84.2 5.65.0
4537;CCT ENTRE A ANF- ASSOCIAÇÃO NACIONAL DAS FARMÁCIAS E O SINDICATO NACIONAL DOS FARMACÊUTICOS - ALTERAÇÃO SALARIAL E OUTRAS.;Contrato coletivo de trabalho;Nacional;2000;2002;6;3;1.216.1 5.100.0 5.100.1
4549;CCT ENTRE A ASSOCIAÇÃO DOS INDUSTRIAIS DE CHAPELARIA E A FESETE-FEDERAÇÃO DOS SINDICATOS DOS TRABALHADORES TÊXTEIS, LANIFÍCIOS, VESTUÁRIO, CALÇADO E PELES DE PORTUGAL-ALTERAÇÃO SALARIAL E OUTRAS.;Contrato coletivo de trabalho;Continente;2001;2001;2;2;2.20.2 5.332.0
4557;CCT ADIPA-ASSOC. DISTRIBUIDORES DE PRODUTOS ALIMENTARES E OUTRAS E A FEPCES - FED.PORT.SIND.COMÉRCIO, ESCRITÓRIOS E SERVIÇOS  E OUTROS;Contrato coletivo de trabalho;Nacional;2000;2003;43;12;1.104.2 1.133.1 1.248.3 1.248.4 1.84.1 2.15.2 2.26.1 2.40.0 2.6.4 5.283.1 5.31.1 5.8.0
4558;CCT ENTRE A ASSOC. DOS CABELEIREIROS DE PORTUGAL E O CESNORTE - SIND. DOS TRABALHADORES DO COMERCIO, ESCRITORIOS E SERVIÇOS DO NORTE. ALTERAÇAO SALARIAL E OUTRA.;Contrato coletivo de trabalho;Pluridistrital;2000;2008;12;3;1.208.2 1.518.0 5.198.2
4559;CCT ENTRE A ASSOCIAÇÃO DOS INDUSTRIAIS DE GUARDA-SÓIS E ACESSÓRIOS E A FEPCES - FED. PORT. DOS SIND. DO COM., ESC, E SERV. E OUTROS - ALTERAÇÃO SALARIAL E OUTRAS;Contrato coletivo de trabalho;Nacional;2000;2003;22;7;1.133.1 1.31.2 1.84.1 1.84.2 2.26.1 2.6.4 5.61.0
4562;CCT ENTRE A ANIF- ASSOCIAÇÃO NACIONAL DOS INDUSTRIAIS DE FOTOGRAFIA E A FETESE - FEDERAÇÃO DOS SINDICATOS DOS TRABALHADORES DE SERVIÇOS E OUTROS - ALTERAÇÃO SALARIAL E OUTRAS.;Contrato coletivo de trabalho;Nacional;2000;2010;38;9;1.133.1 1.133.2 1.548.0 1.548.1 1.84.1 1.84.2 2.26.1 2.26.2 5.97.0
4563;CCT ASSOC. DOS IND. DE MOAGEM DO SUL E OUTRAS / FEDER. REGIONAL DOS SIND. DOS EMPREGADOS DE ESCRITÓRIO DO SUL E ILHAS ADJACENTES;Contrato coletivo de trabalho;Nacional;1978;2003;820;101;1.103.0 1.108.0 1.118.0 1.118.1 1.123.0 1.127.0 1.130.0 1.131.0 1.132.0 1.133.1 1.143.0 1.144.0 1.144.1 1.145.0 1.15.0 1.152.0 1.157.0 1.203.0 1.204.1 1.210.0 1.218.0 1.218.1 1.221.0 1.222.2 1.225.0 1.234.0 1.235.0 1.237.0 1.237.1 1.241.0 1.248.0 1.248.1 1.271.0 1.281.2 1.284.0 1.296.0 1.296.1 1.31.0 1.49.0 1.5.0 1.502.0 1.548.0 1.66.0 1.84.0 1.84.1 1.84.2 1.87.1 2.1.0 2.10.0 2.10.1 2.10.2 2.10.3 2.14.0 2.15.0 2.15.1 2.15.2 2.17.1 2.19.0 2.2.0 2.2.1 2.21.0 2.21.1 2.22.0 2.22.1 2.22.2 2.23.0 2.23.1 2.23.2 2.26.0 2.26.1 2.29.0 2.29.1 2.29.2 2.29.3 2.29.4 2.3.1 2.3.2 2.32.0 2.39.0 2.4.0 2.4.1 2.40.0 2.6.0 2.6.1 2.6.2 2.6.3 2.6.4 5.11.0 5.12.0 5.262.0 5.263.0 5.30.0 5.329.0 5.446.0 5.446.1 5.484.0 5.485.0 5.485.1 5.65.0 5.9.0 6.6.0
4564;CCT ENTRE A ASSOCIAÇÃO EMPRESARIAL DE VIANA DO CASTELO E OUTRAS E O CESNORTE-SIND. DOS TRABALHADORES DO COMÉRCIO, ESCRITÓRIOS E SERVIÇOS DO NORTE - ALTERAÇÃO SALARIAL E OUTRAS.;Contrato coletivo de trabalho;Distrital;1978;2003;152;12;1.208.2 1.280.0 5.162.0 5.162.1 5.166.0 5.166.2 5.169.0 5.169.1 5.173.0 5.173.1 5.341.0 5.341.2
4565;CCT - ASSOC. DOS INDUSTRIAIS DE PRÓTESE E O SIND.TÉCNICOS DE PRÓTESE DENTÁRIA E OUTROS;Contrato coletivo de trabalho;Nacional;2000;2003;11;6;1.133.1 1.160.0 2.26.1 2.6.4 5.178.0 5.178.2
4569;CCT - ENTRE A  ASSOC. NACIONAL DOS INDUSTRIAIS DE PRODUTOS DE CIMENTO E A FEDER. DOS SIND. DAS IND. DE CERAMICA, CIMENTO E VIDRO DE PORTUGAL E OUTROS;Contrato coletivo de trabalho;Nacional;2000;2003;41;16;1.129.1 1.133.1 1.143.1 1.31.2 1.519.0 1.548.1 1.84.1 2.12.2 2.15.2 2.21.1 2.23.2 2.26.1 2.32.0 2.39.0 2.6.4 5.95.0
4577;CCT ENTRE A APCOR - ASSOCIAÇÃO PORTUGUESA DE CORTIÇA E OUTRA E O SINDICATO DOS TRABALHADORES DA INDÚSTRIA CORTICEIRA DO SUL E OUTROS (PESSOAL FABRIL)-ALTERAÇÃO SALARIAL E OUTRAS;Contrato coletivo de trabalho;Nacional;2000;2003;65;20;1.143.1 1.15.1 1.171.0 1.248.3 1.248.4 1.274.0 1.296.1 1.296.2 1.31.2 1.376.0 2.15.2 2.20.2 2.21.1 2.23.2 2.32.0 2.39.0 2.40.0 2.6.4 5.133.1 5.167.3
4583;CCT  PARA A INDÚSTRIA E COMÉRCIO DE PRODUTOS  FARMACEUTICOS;Contrato coletivo de trabalho;Nacional;1978;1978;5;5;1.7.0 5.136.0 5.195.0 5.254.0 5.76.1
4590;CCT ADAPI -ASSOC. DOS ARMADORES DAS PESCAS IND./FED.SIND.SECTOR PESCA (PESCA DO ARRASTO COSTEIRO);Contrato coletivo de trabalho;Continente;2000;2000;2;2;2.30.0 5.5.0
4591;CCT GROQUIFAR - ASSOCIAÇAO DE GROSSISTAS DE PRODUTOS QUIMICOS E FARMACÊUTICOS E A FETESE - FEDERAÇAO DOS SIND. DOS TRAB. DE SERVIÇOS E OUTROS- ALTERAÇAO SALARIAL E OUTRAS.;Contrato coletivo de trabalho;Continente;2000;2026;222;31;1.103.2 1.133.1 1.133.2 1.15.2 1.15.3 1.15.4 1.218.2 1.218.5 1.221.0 1.221.1 1.248.3 1.248.4 1.360.2 1.360.3 1.5.4 1.548.1 1.84.1 1.84.2 2.15.2 2.26.1 2.26.2 2.26.3 2.32.0 2.40.0 2.47.0 2.50.0 2.6.4 4.5.0 4.9.1 4.9.2 5.136.0
4593;CCT ENTRE A ASSOCIAÇÃO DOS INDUSTRIAIS DE OURIVESARIA E RELOJOARIA DO NORTE E OUTRA E O SITESC - SIND. DOS TRAB. DE ESCRITÓRIO, SERVIÇOS E COMÉRCIO E OUTROS - ALTERAÇÃO SALARIAL E OUTRAS;Contrato coletivo de trabalho;Nacional;2000;2005;19;7;1.133.1 1.133.2 1.143.1 2.26.1 2.6.4 5.64.0 5.73.0
4598;CCT ENTRE A ANIPC - ASSOCIAÇÃO NACIONAL DOS INDUSTRIAIS DE PAPEL E CARTÃO E O SINDICATO DOS TRABALHADORES DAS INDÚSTRIAS DE CELULOSE, PAPEL, GRÁFICA E IMPRENSA E OUTROS - ALTERAÇÃO SALARIAL E OUTRAS.;Contrato coletivo de trabalho;Nacional;2004;2004;8;8;1.502.0 2.15.2 2.21.1 2.23.2 2.39.0 2.40.0 2.6.4 5.277.0
4600;CCT ENTRE A AIVE-ASSOCIAÇÃO DOS INDUSTRIAIS DE VIDRO DE EMBALAGEM E O SETN-SINDICATO DOS ENGENHEIROS TÉCNICOS E OUTROS-ALTERAÇÃO SALARIAL E OUTRA.;Contrato coletivo de trabalho;Nacional;2001;2001;3;3;1.296.1 4.5.0 5.142.1
4606;CCT ENTRE A ASSOC. DOS INDUSTRIAIS DE PANIFICAÇÃO DO NORTE E O SITESC - SIND. DOS TRABALHADORES DE ESCRITÓRIO, SERVIÇOS E COMÉRCIO E OUTROS;Contrato coletivo de trabalho;Pluridistrital;1978;2003;116;15;1.125.0 1.133.0 1.133.1 1.207.1 1.210.0 1.241.0 1.281.2 2.2.0 2.2.1 2.26.0 2.26.1 2.6.4 5.257.0 5.257.1 5.258.0
4607;CCT ENTRE A AIEC - ASSOCIAÇÃO DOS INDUSTRIAIS E EXPORTADORES DE CORTIÇA E A FETESE - FEDERAÇÃO DOS SINDICATOS DOS TRABALHADORES DE SERVIÇOS E OUTROS. -ALTERAÇÃO SALARIAL E OUTRAS;Contrato coletivo de trabalho;Nacional;1978;2009;33;7;1.548.0 1.548.1 1.84.1 2.26.1 2.6.4 5.133.1 5.167.1
4608;CCT ENTRE A ANAREC - ASSOCIAÇÃO NACIONAL DE REVENDEDORES DE COMBUSTÍVEIS E A FEPCES - FEDERAÇÃO PORTUGUESA DOS SINDICATOS DO COMÉRCIO, ESCRITÓRIOS E SERVIÇOS E OUTROS - ALTERAÇÃO SALARIAL E OUTRA;Contrato coletivo de trabalho;Nacional;2000;2010;41;10;1.133.1 1.133.2 1.248.3 1.248.4 2.15.2 2.21.1 2.26.1 2.50.0 2.6.4 5.293.0
4615;CCT ENTRE A ACIP - ASSOC. DO CENTRO DOS INDUSTRIAIS DE PANIFICAÇÃO E O SITESC - SIND. DOS TRABALHADORES DE ESCRITÓRIO, SERVIÇOS E COMÉRCIO;Contrato coletivo de trabalho;Pluridistrital;1978;2003;87;15;1.133.1 1.210.0 1.222.2 1.241.0 1.284.0 1.81.0 2.2.0 2.2.1 2.26.0 2.26.1 2.6.1 2.6.4 5.258.0 5.258.1 5.258.2
4616;CCT - ASSOC. DE COMERCIANTES DO DIST. DE VISEU E DO CONCELHO DE LAMEGO E O SIND. DOS TRABALHADORES DE ESCRITÓRIO E COMÉRCIO DO DISTRITO DE VISEU;Contrato coletivo de trabalho;Distrital;1978;2002;71;7;1.207.0 1.207.1 1.518.0 5.181.0 5.181.1 5.192.0 5.192.1
4618;CCT- ENTRE A ASSOC. PORTUGUESA  DOS INDUSTRIAIS DE CALÇADO, COMPONENTES ARTIGOS DE PELE E SEUS SUCEDANEOS E CURTUMES E A FEDER. DOS SIND. DOS EMPREGADOS DE ESCRITÓRIO DO NORTE E OUTROS;Contrato coletivo de trabalho;Nacional;1978;2000;153;31;1.108.0 1.123.0 1.130.0 1.132.0 1.133.1 1.218.0 1.222.0 1.222.1 1.222.2 1.271.0 1.281.2 1.284.0 1.31.0 1.31.1 1.31.2 1.49.0 1.5.0 1.5.1 1.81.0 1.84.0 1.84.1 2.2.0 2.2.1 2.26.0 2.26.1 2.32.0 2.6.2 2.6.3 2.6.4 5.172.0 5.301.0
4621;CCTENTRE A ASSOC. PORTUGUESA DOS INDUSTRIAIS DE CALÇADO, COMPONENTES E ARTIGOS DE PELE E SEUS SUCEDÂNEOS E O  SIND. DOS TRABALHADORES DE  CALÇADO, MALAS E AFINS;Contrato coletivo de trabalho;Nacional;1978;2003;252;44;1.107.0 1.107.1 1.107.2 1.131.0 1.131.1 1.144.1 1.145.0 1.146.0 1.152.0 1.152.1 1.166.0 1.166.1 1.193.0 1.193.1 1.210.0 1.230.0 1.237.0 1.241.0 1.248.1 1.296.0 1.296.1 2.10.1 2.10.2 2.10.3 2.15.0 2.15.1 2.15.2 2.20.1 2.20.2 2.21.0 2.21.1 2.23.0 2.23.1 2.23.2 2.39.0 2.4.0 2.4.1 2.40.0 2.6.0 2.6.2 2.6.3 2.6.4 5.172.0 5.301.0
4625;AE-ENTRE A ALCÂNTARA REFINARIAS-AÇÚCARES,SA. E A FESAHT- FEDER. DO SIND. DE ALIMENTAÇÃO, BEBIDAS, HOTELARIA E TURISMO DE PORTUGAL E OUTRAS- ALTERAÇÃO SALARIAL E OUTRAS-TEXTO CONSOLIDADO;Acordo de empresa;Nacional;2004;2016;73;21;1.143.1 1.143.2 1.144.1 1.218.5 1.31.2 1.532.0 1.548.1 1.591.0 2.15.2 2.23.2 2.26.1 2.26.2 2.26.3 2.40.0 2.40.1 2.46.0 2.47.0 2.50.0 2.58.0 2.6.4 4.9.2
4630;CCT ASSOC. DOS HOTÉIS DO CENTRO/SUL DE PORTUGAL E OUTROS E A FEDER. NAC. DOS SIND. DA IND. DE HOTELARIA E TURISMO E OUTROS;Contrato coletivo de trabalho;Pluridistrital;1981;1984;50;25;1.129.0 1.143.0 1.151.1 1.152.0 1.157.0 1.180.1 1.248.1 1.263.0 1.299.0 1.8.0 2.10.1 2.10.2 2.15.1 2.15.2 2.21.0 2.23.0 2.23.1 2.3.1 2.3.2 2.4.1 2.6.2 2.6.3 5.134.0 5.211.0 5.211.1
4631;CCTV PARA A IND. DE CARNES;Contrato coletivo de trabalho;Nacional;1978;1998;294;60;1.108.0 1.123.0 1.130.0 1.131.0 1.132.0 1.133.1 1.144.0 1.144.1 1.145.0 1.145.1 1.151.0 1.151.1 1.152.0 1.210.0 1.218.0 1.222.1 1.222.2 1.237.0 1.237.1 1.241.0 1.248.1 1.26.0 1.271.0 1.281.2 1.282.0 1.284.0 1.31.0 1.31.1 1.49.0 1.5.0 1.5.1 1.5.3 1.81.0 1.84.0 1.84.1 2.15.0 2.15.1 2.15.2 2.2.0 2.2.1 2.21.0 2.21.1 2.23.0 2.23.1 2.23.2 2.26.0 2.29.0 2.29.1 2.29.2 2.29.3 2.29.4 2.4.0 2.4.1 2.6.0 2.6.2 2.6.3 2.6.4 2.8.0 5.14.0 5.353.0
4639;CCT ENTRE A AIBA - ASSOCIAÇÃO DOS INDUSTRIAIS DE BOLACHAS E AFINS E OUTRA E O SINDICATO DOS TÉCNICOS DE VENDAS DO NORTE E CENTRO E OUTRO - ALTERAÇÃO SALARIAL;Contrato coletivo de trabalho;Nacional;1978;2005;70;8;1.548.1 1.84.0 1.84.1 1.84.2 5.484.0 5.485.0 5.485.1 5.9.0
4643;CCT ENTRE A AIM -ASSOCIAÇÃO INDUSTRIAL DO MINHO E O SINDICATO INDEPENDENTE DOS TRABALHADORES DO SECTOR EMPRESARIAL DA CERÂMICA, DOS CIMENTOS, DO VIDRO E ACTIVIDADES CONEXAS DOS DISTRITOS DE BRAGA, PORTO E VIANA DO CASTELO .-ALTERAÇÃO SALARIAL.;Contrato coletivo de trabalho;Pluridistrital;2000;2003;10;3;1.519.0 2.12.2 5.78.0
4644;CCT ENTRE A APAP - ASSOCIAÇÃO PORTUGUESA DAS EMPRESAS DE PUBLICIDADE E COMUNICAÇÃO E A FETESE- FEDERAÇÃO DOS SINDICATOS DOS TRABALHADORES DE SERVIÇOS E OUTROS - ALTERAÇÃO SALARIAL E OUTRAS.;Contrato coletivo de trabalho;Nacional;2000;2003;28;7;1.133.1 1.143.1 1.502.0 2.15.2 2.26.1 2.6.4 5.153.2
4648;CCT ASSIMAGRA - ASS. PORT. IND. MÁRMORES, GRANITOS E  RAMOS AFINS E A FEDER. NAC. SIND. CONSTRUÇÃO CIVIL MADEIRAS E OUTROS;Contrato coletivo de trabalho;Continente;1979;2003;305;55;1.123.1 1.130.0 1.132.0 1.133.1 1.143.0 1.143.1 1.144.1 1.145.1 1.149.0 1.157.0 1.157.1 1.157.2 1.175.0 1.18.0 1.194.0 1.220.0 1.222.1 1.237.1 1.248.1 1.253.0 1.264.0 1.271.0 1.281.2 1.284.0 1.286.1 1.286.2 1.287.0 1.297.0 1.308.0 1.342.0 1.5.1 1.51.0 1.54.0 1.548.1 1.64.0 1.67.0 1.81.0 1.84.1 2.15.0 2.15.1 2.15.2 2.2.1 2.21.0 2.21.1 2.23.0 2.23.1 2.23.2 2.26.0 2.26.1 2.39.0 2.4.1 2.6.2 2.6.3 2.6.4 5.124.0
4650;ASS. PORT. DE SUINICULTORES, OUTRA / SIND. TRAB. IND. CARNES DISTS. DE SETÚBAL E SANTARÉM, OUTRO;Contrato coletivo de trabalho;Pluridistrital;1979;2000;89;17;1.12.0 1.12.1 1.151.1 1.243.0 1.26.0 1.282.0 2.24.0 2.29.0 2.29.1 2.29.2 2.29.3 2.29.4 2.38.0 2.40.0 5.295.0 5.322.0 6.15.0
4653;CCT ENTRE A ARAN - ASSOC. NAC. DO RAMO AUTOMÓVEL E OUTRA E O SITESC - SINDICATO DOS TRABALHADORES DE ESCRITÓRIO, SERVIÇOS E COMÉRCIO E OUTROS - ALTERAÇÃO SALARIAL E OUTRAS.;Contrato coletivo de trabalho;Nacional;2000;2003;27;12;1.104.2 1.133.1 1.248.3 1.248.4 1.346.0 1.84.1 2.15.2 2.21.1 2.26.1 2.6.4 5.23.1 5.78.0
4655;CCT ENTRE A ASSOC. DOS INDUSTRIAIS DE PANIFICAÇÃO DE LISBOA E OUTRAS E O SIND. DE EMPREGADOS DE ESCRITÓRIO E OUTROS;Contrato coletivo de trabalho;Pluridistrital;1979;2012;197;25;1.108.0 1.123.0 1.130.0 1.132.0 1.152.0 1.218.0 1.241.0 1.248.1 1.271.0 1.284.0 1.49.0 1.81.0 2.26.0 2.26.1 2.26.2 2.26.3 2.29.3 2.29.4 2.40.0 2.6.2 2.6.3 2.6.4 5.253.0 5.256.0 5.330.0
4671;CCT ENTRE A ANCIPA - ASSOC. NACIONAL DE COMERCIANTES E INDUSTRIAIS DE PRODUTOS ALIMENTARES (DELEGAÇÃO REGIONAL AUTÓNOMA DO NORTE) E O SIND. NACIONAL DOS OPERÁRIOS CONFEITEIROS E OFÍCIOS CORRELATIVOS DO DIST. DO PORTO (CONFEITARIA, PASTELARIA E BISCOITARIA - PESSOAL FABRIL / NORTE);Contrato coletivo de trabalho;Pluridistrital;1997;2000;8;2;1.240.0 5.12.0
4687;ACT CELEBRADO ENTRE A SHELL PORTUGUESA, LDª. E OUTRAS EMPRESAS PETROLÍFERAS E A FEQUIMETAL - FEDERAÇÃO INTERSINDICAL DA METALURGIA, METALOMECÂNICA, MINAS, QUÍMICA, FARMACÊUTICA, PETRÓLEO E GÁS - ALTERAÇÃO SALARIAL E OUTRAS E TEXTO CONSOLIDADO;Acordo coletivo de trabalho;Nacional;2004;2010;95;25;1.129.1 1.133.1 1.133.2 1.143.1 1.157.2 1.173.2 1.296.2 1.296.3 1.31.2 1.360.2 1.361.1 1.361.2 1.379.0 1.502.0 1.548.1 1.8.2 2.15.2 2.21.1 2.26.1 2.32.0 2.39.0 2.40.1 2.48.0 2.50.0 2.6.4
4692;CCT ENTRE A FEDER. PORTUGUESA DOS IND. DE MOAGEM E OUTROS E A FEDER. DOS SIND. DE TRANSPORTES RODOVIÁRIOS;Contrato coletivo de trabalho;Nacional;1979;1979;9;9;2.15.0 5.11.0 5.12.0 5.262.0 5.263.0 5.30.0 5.65.0 5.9.0 6.6.0
4696;CCT- ENTRE A ASSOC. COMERCIAL E IND. VILA REAL E OUTRAS E O SIND. DOS TRABALHADORES DAS INDÚSTRIAS ELÉCTRICAS DO  NORTE;Contrato coletivo de trabalho;Pluridistrital;1979;2003;34;9;1.237.0 1.237.1 1.237.2 5.243.0 5.243.1 5.243.2 5.243.3 5.245.0 5.75.0
4703;CCT ENTRE A AID -ASSOC. DA IIMPRENSA DIÁRIA E O SIND.DOS TRABALHADORES DAS INDUSTRIAS DE CELULOSE,PAPEL,GRÁFICA E IMPRENSA E OUTROS-ALTERAÇÃO  SALARIAL;Contrato coletivo de trabalho;Nacional;1997;2007;42;16;1.119.1 1.133.1 1.143.1 1.502.0 2.10.3 2.15.2 2.21.1 2.23.2 2.26.0 2.32.0 2.40.0 2.40.1 2.46.0 2.48.0 2.6.4 5.201.0
4707;CCT ANCAVE - ASSOC. NACIONAL DOS CENTROS DE ABATE DE AVES/FETESE - FEDER. DOS SIND. DOS TRABALHADORES DE ESCRITÓRIO E SERVIÇOS E OUTROS;Contrato coletivo de trabalho;Nacional;1980;2005;119;21;1.125.0 1.133.0 1.133.1 1.195.0 1.207.0 1.207.1 1.222.0 1.222.2 1.278.0 1.280.0 1.281.0 1.281.2 2.2.1 2.26.0 2.26.1 2.6.1 2.6.2 2.6.3 2.6.4 5.278.0 5.278.1
4709;CCT - ENTRE A ASSOC. PORTUGUESA DOS INDUSTRIAIS DE CALÇADO, COMPONENTES E ARTIGOS DE PELE E SEUS SUCEDÂNEOS E OUTRA E A FEDER. DOS SIND. DOS TRANSPORTES RODOVIÁRIOS;Contrato coletivo de trabalho;Nacional;1980;1980;3;3;2.15.0 5.172.0 5.301.0
4711;CCT ASSOC.COMERCIAL E INDUSTRIAL DE VILA REAL - SIND.TRAB.ESCRITÓRIO E COMÉRCIO DOS DIST.VILA REAL E  BRAGANÇA;Contrato coletivo de trabalho;Concelhia;1981;1981;2;2;1.125.0 5.245.0
4714;CCT ANTROP - ASSOC. NAC. DE TRANSPORTADORES RODOVIÁRIOS DE PESADOS DE PASSAGEIROS/SITRA - SIND. DOS TRANSPORTES RODOVIÁRIOS E AFINS;Contrato coletivo de trabalho;Nacional;1980;1999;90;31;1.104.1 1.123.1 1.130.0 1.132.0 1.144.1 1.145.1 1.152.0 1.237.1 1.241.0 1.248.1 1.248.2 1.248.3 1.271.0 1.284.0 1.427.0 1.66.0 1.81.0 2.15.0 2.15.1 2.15.2 2.21.0 2.21.1 2.23.0 2.23.1 2.23.2 2.39.0 2.4.1 2.6.2 2.6.3 2.6.4 5.203.1
4719;CCT - ENTRE A APOMEPA-ASSOC. PORTUGUESA DOS MÉDICOS PATOLOGISTAS  E A FEPCES - FEDER. PORTUGUESA DOS SIND. DO COMÉRCIO, ESCRITÓRIOS E SERVIÇOS E OUTROS;Contrato coletivo de trabalho;Nacional;2000;2010;85;9;1.157.2 1.19.1 1.273.1 1.273.2 2.26.1 2.26.2 2.6.4 5.230.1 5.299.1
4721;AE ICC-IMP. COMERCIO DE CARVOES, LD.ª/ SIND TRAB. PORTUARIOS DO DOURO E LEIXOES;Acordo de empresa;Distrital;1980;1998;14;4;1.479.0 1.490.0 1.99.0 1.99.1
4729;CCT ASSOCIAÇAO DOS COMERCIANTES DE CARNES DO DISTRITO DE LEIRIA E O CESP -SIND.DOS TRAB.DO COMERCIO, ESCRITORIOS E SERVIÇOS DE PORTUGAL-ALTERAÇAO SALARIAL E OUTRAS;Contrato coletivo de trabalho;Distrital;2000;2010;20;2;1.518.0 5.199.0
4734;CCT ANIECA-ASSOCIAÇÃO NAC. IND. ENSINO CONDUÇÃO AUTOMÓVEL E A FESTRU-FEDERAÇÃO SIND. TRANSPORTES RODOVIÁRIOS E URBANOS E OUTROS - ALT.SALARIAL E OUTRAS.;Contrato coletivo de trabalho;Nacional;2000;2003;16;4;2.15.2 2.39.0 2.6.4 5.34.0
4749;CCT ENTRE A ACHOC-ASSOCIAÇÃO DOS INDUSTRIAIS DE CHOCOLATES E CONFEITARIA E O SIND.NAC. DOS OPERÁRIOS CONFEITEIROS E OFICIOS CORREL. DO DIST. DO PORTO (PES.FABRIL/NORTE)-ALT.SAL. E OUTRAS.;Contrato coletivo de trabalho;Pluridistrital;2000;2003;10;3;1.240.0 2.40.0 5.485.1
4751;CCT ENTRE A ASSOCIAÇÃO DOS COMERC. DE CARNES DO DIST. DE SANTARÉM E O CESP - SIND. DOS TRAB.  DO COM. , ESCRIT. E SERVIÇOS DE PORTUGAL - ALTERAÇÃO SALARIAL;Contrato coletivo de trabalho;Distrital;2000;2008;8;2;1.518.0 5.325.0
4756;CCT ANIT - ASS. NAC. DOS INDUSTRIAIS DE TOMATE E A FED. SIND. DAS IND. ALIMENTAÇÃO BEBIDAS E TABACOS E OUTROS;Contrato coletivo de trabalho;Nacional;1981;2003;254;51;1.103.0 1.103.1 1.103.2 1.12.0 1.133.1 1.14.0 1.143.0 1.143.1 1.152.0 1.218.3 1.222.1 1.222.2 1.243.0 1.246.0 1.247.0 1.248.1 1.254.0 1.281.2 1.288.1 1.292.0 1.296.0 1.31.0 1.31.1 1.31.2 1.84.0 1.84.1 1.97.0 2.10.1 2.10.2 2.15.1 2.15.2 2.19.0 2.21.0 2.23.0 2.23.1 2.26.0 2.26.1 2.29.0 2.29.1 2.29.2 2.29.3 2.29.4 2.38.0 2.4.1 2.40.0 2.6.2 2.6.3 2.6.4 5.336.0 5.55.0 5.55.1
4767;CCT ASSOC. DOS IND. DE CONSERVAS DE  PEIXE DO NORTE E OUTRA / SIND. DOS TRAB. DA IND. DE CONSERVAS E OFICIOS CORRELATIVOS DO  CENTRO E OUTROS;Contrato coletivo de trabalho;Pluridistrital;1981;2003;167;34;1.127.0 1.130.0 1.131.1 1.152.0 1.197.0 1.206.1 1.25.0 1.4.1 1.41.0 1.81.0 1.93.0 2.15.1 2.15.2 2.21.0 2.21.1 2.23.0 2.23.1 2.23.2 2.29.0 2.29.1 2.29.2 2.29.3 2.29.4 2.3.2 2.39.0 2.4.1 2.40.0 2.6.2 2.6.3 2.6.4 5.280.0 5.306.0 5.306.1 5.306.2
4768;CCT-ENTRE A ASSOC. COMERCIAL DE AVEIRO E OUTRAS E O SIND. DOS TRABALHADORES DE ESCRITÓRIO E DO COMÉRCIO DO DISTRITO DE AVEIRO;Contrato coletivo de trabalho;Distrital;1981;2005;193;10;1.222.0 1.222.1 1.222.2 1.518.0 2.6.4 5.164.0 5.165.0 5.168.0 5.200.0 5.200.1
4771;CCT ANCIPA - ASSOC. NAC. DE COMERCIANTES E INDUSTRIAIS DE PRODUTOS ALIMENTARES (DIVISÃO DE HORTO-FRUTÍCOLAS) / SETAA - SIND. DOS EMPREGADOS, TÉCNICOS E ASSALARIADOS AGRÍCOLAS;Contrato coletivo de trabalho;Nacional;1981;2006;319;48;1.103.1 1.103.2 1.131.1 1.131.2 1.14.0 1.152.0 1.248.1 1.296.0 1.31.0 1.31.1 1.31.2 1.346.0 1.5.1 1.5.2 1.548.1 1.84.0 1.84.1 1.84.2 1.93.0 2.10.1 2.10.2 2.10.3 2.15.1 2.15.2 2.19.0 2.21.0 2.21.1 2.22.1 2.22.2 2.23.0 2.23.1 2.23.2 2.29.0 2.29.1 2.29.2 2.29.3 2.29.4 2.32.0 2.38.0 2.39.0 2.4.1 2.40.0 2.40.1 2.46.0 2.6.2 2.6.3 2.6.4 5.12.0
4781;CCT ASSOC. NAC. DOS IND. DE CONSERVAS DE PEIXE E OUTROS/FESINTES - FEDER. DOS SIND. DOS TRAB. DE ESCRITÓRIO E SERVIÇOS E OUTROS;Contrato coletivo de trabalho;Nacional;1983;2000;97;14;1.133.1 1.222.1 1.281.2 1.31.0 1.31.1 1.31.2 1.84.1 2.2.1 2.26.0 2.26.1 2.6.4 5.280.0 5.306.1 5.306.2
4782;CCT DA REGULAMENTAÇÃO COLECTIVA DE TRABALHO PARA O SECTOR DA INDÚSTRIA E COMÉRCIO FARMACÊUTICOS;Contrato coletivo de trabalho;Nacional;1981;2007;129;20;1.15.1 1.296.0 1.296.1 1.296.2 1.31.1 1.31.2 1.360.0 1.360.2 1.84.1 2.22.1 2.22.2 2.26.0 2.26.1 2.32.0 2.39.0 5.136.0 5.254.0 5.254.1 5.76.0 5.76.1
4788;CCT-ENTRE A ASSOC. NAC. DAS IND. DE MADEIRAS E O SIND. DOS TRABALHADORES DAS IND. DE CALÇADO, ARTIGOS DE PELE, MALAS, CORREARIA E SIMILARES DO CENTRO, SUL E ILHAS E OUTROS;Contrato coletivo de trabalho;Continente;1981;2002;80;12;1.107.1 1.107.2 1.146.0 1.166.0 1.166.1 1.193.0 1.193.1 1.230.0 2.20.1 2.20.2 5.190.0 5.190.1
4793;CCT ASSOC. DOS IND. HOTELEIROS E SIMILARES DO ALGARVE / SIND. DEMOCRÁTICO DA HOTELARIA, ALIMENTAÇÃO E TURISMO E OUTROS;Contrato coletivo de trabalho;Distrital;1981;1996;41;3;1.354.0 2.26.0 5.211.1
4797;CCT ASS.  DOS ARMADORES DE TRÁFEGO FLUVIAL E O SIND. DOS TRANSPORTES FLUVIAIS , COSTEIROS E DA MARINHA MERCANTE E OUTROS - ALTERAÇÃO SALARIAL E OUTRAS.;Contrato coletivo de trabalho;Continente;2000;2002;8;4;1.173.2 1.5.5 1.8.2 5.4.0
4804;CCT ENTRE A ASSOC. PORTUGUESA DE EMPRESAS CINEMATOGRÁFICAS E OUTRA E A FETESE - FEDERAÇÃO DOS SINDICATOS  DOS TRABALHADORES DE SERVIÇOS - ALTERAÇÃO SALARIAL E OUTRAS.;Contrato coletivo de trabalho;Nacional;2000;2003;10;3;2.26.1 5.110.0 5.81.0
4806;CCT PARA A INDÚSTRIA METALÚRGICA E METALOMECÂNIICA;Contrato coletivo de trabalho;Nacional;1981;1997;245;59;1.119.0 1.119.1 1.129.0 1.129.1 1.133.1 1.143.0 1.143.1 1.152.0 1.157.0 1.157.1 1.157.2 1.19.0 1.19.1 1.195.0 1.210.0 1.222.2 1.248.1 1.248.2 1.248.3 1.281.2 1.299.0 1.31.0 1.31.1 1.373.0 1.84.0 1.84.1 2.10.1 2.10.2 2.10.3 2.15.1 2.15.2 2.2.1 2.21.0 2.21.1 2.22.1 2.22.2 2.23.0 2.23.1 2.23.2 2.26.0 2.3.1 2.3.2 2.33.0 2.4.1 2.6.2 2.6.3 2.6.4 5.156.0 5.156.1 5.20.0 5.22.0 5.221.1 5.242.0 5.291.0 5.3.0 5.33.0 5.53.0 5.78.0 6.8.0
4811;CCT ASS. DOS IND. DE CORDOARIA E REDES / SINDETEX - SIND. DEM. DOS TÊXTEIS E OUTRO;Contrato coletivo de trabalho;Nacional;1981;2003;44;4;1.31.1 1.31.2 1.370.0 5.29.0
4812;CCT ANITAF-ASS. NAC. DAS IND. TÊXTEIS ALG. FIBRAS OUTRAS / SINDETEX-SIND. DEM. DOS TÊXTEIS OUTROS;Contrato coletivo de trabalho;Nacional;1981;2003;159;19;1.31.0 1.31.1 1.31.2 1.370.0 1.5.4 1.5.5 1.84.0 1.84.1 5.102.0 5.102.1 5.103.0 5.161.0 5.161.1 5.183.0 5.324.0 5.324.1 5.362.0 5.362.1 5.362.2
4814;CCT ENTRE A FENAME - FEDERAÇÃO NACIONAL DO METAL E O SIMA - SINDICATO DAS INDÚSTRIAS METALURGICAS E AFINS - ALTERAÇÃO SALARIAL E OUTRAS;Contrato coletivo de trabalho;Nacional;1992;1992;2;2;1.346.0 6.8.0
4815;CCT ANIVEC - ASS. NAC. IND. VESTUÁRIO E CONF. / SINDETEX - SIND. DEM. DOS TÊXTEIS, OUTROS;Contrato coletivo de trabalho;Nacional;1981;2000;106;9;1.31.0 1.31.1 1.31.2 1.370.0 1.84.0 1.84.1 2.26.0 5.37.1 5.58.1
4816;AE FRANCISCO FINO, LD.ª / SITESC - SIND. TRAB. ESCRITÓRIO, COM. SERV. PORTALEGRE;Acordo de empresa;Concelhia;1981;1999;15;3;1.49.1 2.26.0 2.26.1
4817;CCT ENTRE A ASSOC. DOS INDUSTRIAIS DE PANIFICAÇÃO DE LISBOA E OUTRAS E O SIND. DEMOCRÁTICO DAS IND. DE PANIFICAÇÃO,  ALIMENTARES E AFINS;Contrato coletivo de trabalho;Pluridistrital;1981;1987;24;4;1.301.2 5.253.0 5.256.0 5.330.0
4821;CCT ENTRE A ANCIPA - ASSOC. NACIONAL DE COMERCIANTES E INDUSTRIAIS DE PRODUTOS ALIMENTARES (DIVISÃO DE CONFEITARIA) E O SITESC - SIND. DOS TRABALHADORES DE ESCRITÓRIO, SERVIÇOS E COMÉRCIO (CENTRO - SUL);Contrato coletivo de trabalho;Pluridistrital;1992;2010;72;8;1.133.1 2.26.0 2.26.1 2.29.3 2.29.4 2.40.0 2.6.4 5.12.0
4825;CCT ENTRE A AIPAN - ASSOC. DOS INDUSTRIAIS DE PANIFICAÇÃO DO NORTE E A FSIABT - FEDER. DOS SIND. DAS IND. DE ALIMENTAÇÃO, BEBIDAS E TABACOS E OUTRAS (SECTORES DE FABRICO, EXPEDIÇÃO E VENDAS, APOIO E MANUTENÇÃO - NORTE);Contrato coletivo de trabalho;Pluridistrital;1982;2004;122;18;1.133.1 2.21.0 2.21.1 2.23.0 2.23.1 2.23.2 2.29.0 2.29.1 2.29.2 2.29.3 2.29.4 2.39.0 2.4.1 2.40.0 2.5.0 5.257.0 5.257.1 5.258.0
4829;CCT AIPGN-ASS. DOS IND. PEDREIRAS DE GRANITO DO NORTE E A FED. NAC. SIND. DA CONSTRUÇÃO, MADEIRAS E MÁRMORES;Contrato coletivo de trabalho;Pluridistrital;1982;2003;10;4;2.23.1 2.23.2 5.218.0 5.218.1
4830;CCT ENTRE A ANCIPA - ASSOC. NACIONAL DE COMERCIANTES E INDUSTRIAIS DE PRODUTOS ALIMENTARES E O SETAA - SIND. DA AGRICULTURA, ALIMENTAÇÃO E FLORESTAS (APOIO);Contrato coletivo de trabalho;Nacional;1997;2003;44;10;1.103.2 1.502.0 1.84.1 2.15.2 2.21.1 2.23.2 2.29.4 2.40.0 2.6.4 5.12.0
4836;CCT ENTRE A ASSOCIAÇÃO DA IMPRENSA DIÁRIA E O SINDICATO DOS JORNALISTAS - ALTERAÇÃO SALARIAL E OUTRAS.;Contrato coletivo de trabalho;Nacional;2002;2003;4;2;1.11.0 5.201.0
4843;CCT ACOPE - ASSOCIAÇAO DOS COMERCIANTES DE PESCADO E O SINDEPESCAS - SINDICATO DEMOCRATICO DAS PESCAS E OUTROS - ALTERAÇAO SALARIAL E OUTRAS.;Contrato coletivo de trabalho;Continente;2000;2004;38;9;1.104.2 1.133.1 1.4.1 1.548.1 1.84.1 1.84.2 2.26.1 2.6.4 5.94.0
4845;CCT ANCIPA-ASS. NAC. COMS. E INDS. DE PROD. ALIMENTARES / SETAA;Contrato coletivo de trabalho;Nacional;1982;2006;36;7;1.103.2 1.14.0 2.29.0 2.40.0 2.40.1 2.6.4 5.12.0
4852;CONTRATO COLECTIVO ENTRE A ASSOCIAÇÃO NACIONAL DOS INDUSTRIAIS DE FOTOGRAFIA E O SINDICATO DOS TRABALHADORES DAS INDÚSTRIAS DE CELULOSE, PAPEL, GRÁFICA E IMPRENSA E OUTROS - ALTERAÇÃO SALARIAL E OUTRAS;Contrato coletivo de trabalho;Nacional;2000;2012;70;12;1.143.0 1.143.1 1.502.0 2.15.2 2.21.1 2.39.0 2.48.0 2.48.1 2.50.0 2.6.0 2.6.4 5.97.0
4855;CCT ASSOC. DOS IND. DE HOTELARIA, RESTAURANTES E SIMILARES DO CENTRO / SINDHAT - SIND. DEMOCRÁTICO DA HOTELARIA, ALIMENTAÇÃO E TURISMO E OUTROS;Contrato coletivo de trabalho;Pluridistrital;1982;2003;43;9;1.31.0 1.31.1 1.354.0 2.2.1 2.26.0 2.26.1 2.32.0 5.260.0 5.260.1
4862;CCT- ACAP- ASS. DO COMÉRCIO AUTOMOVEL DE PORTUGAL, E OUTRAS E A  FED. SIND. METALURGIA METALOMECÂNICA E MINAS DE PORTUGAL E OUTROS;Contrato coletivo de trabalho;Nacional;1987;1987;7;7;2.21.0 2.4.1 5.140.0 5.141.0 5.23.0 5.78.0 5.83.1
4872;AE FRANCISCO FINO, LD.ª / SIND. TRAB. ESCRITÓRIO, COM. SERV. DIST. PORTALEGRE (TRAB. ARMAZEM);Acordo de empresa;Concelhia;1982;1982;1;1;1.49.1
4879;CCT ASS. DOS IND. DE CORDOARIA E REDES / FED. DOS SIND. DOS TRAB. TÊXTEIS, LANIF. VEST. C. P. P. OUT;Contrato coletivo de trabalho;Nacional;1983;1998;129;37;1.143.0 1.143.1 1.152.0 1.152.1 1.157.0 1.157.1 1.157.2 1.180.1 1.225.1 1.233.1 1.248.1 1.248.2 1.250.0 1.296.0 1.299.0 1.318.0 1.502.0 2.10.1 2.10.2 2.10.3 2.15.1 2.15.2 2.20.1 2.20.2 2.21.0 2.21.1 2.23.0 2.23.1 2.23.2 2.3.1 2.3.2 2.33.0 2.4.1 2.6.2 2.6.3 2.6.4 5.29.0
4884;CONTRATO COLECTIVO DE TRABALHO ENTRE A ARAC - ASSOCIAÇÃO DOS INDUSTRIAIS DE ALUGUER DE AUTOMÓVEIS SEM CONDUTOR E A FETESE - FEDERAÇÃO DOS SINDICATOS DOS TRABALHADORES DE ESCRITÓRIOS E SERVIÇOS E OUTROS;Contrato coletivo de trabalho;Nacional;1983;1996;47;13;1.104.1 1.133.1 1.218.2 1.222.1 1.281.1 1.281.2 1.346.0 1.354.0 2.2.1 2.26.0 2.26.1 2.26.2 5.45.0
4886;CCT ENTRE A  ASSOC. NAC.  DOS INDUSTRIAIS DE PRODUTOS DE CIMENTO E A FETESE-FEDER. DOS SIND. DOS TRABALHADORES DE SERVIÇOS E OUTROS;Contrato coletivo de trabalho;Nacional;2000;2000;4;4;1.84.1 2.26.1 2.32.0 5.95.0
4890;CCT ENTRE A ARAC - ASSOC. DOS IND. DE ALUGUER DE AUTOMÓVEIS SEM CONDUTOR E A FESTRU - FEDER. DOS SIND. DE TRANSPORTES RODOVIÁRIOS E URBANOS E OUTRAS - ALT. SALARIAL E OUTRAS;Contrato coletivo de trabalho;Nacional;1983;1996;52;13;1.173.2 1.248.1 1.248.2 1.248.3 2.10.3 2.15.1 2.15.2 2.21.0 2.21.1 2.4.1 2.6.2 2.6.4 5.45.0
4894;CCT ENTRE A ASSOCIAÇÃO DOS INDUSTRIAIS DE OURIVESARIA E RELOJOARIA DO NORTE E A FEQUIMETAL-FEDERAÇÃO INTERSINDICAL DA METALÚRGIA, METALOMECÂNICA, MINAS, QUÍMICA, FARMACÊUTICA, PETRÓLEO E GÁS-ALTERAÇÃO SALARIAL E OUTRAS.;Contrato coletivo de trabalho;Pluridistrital;2001;2024;25;11;2.39.0 2.48.0 2.48.1 5.188.0 5.192.1 5.192.2 5.228.0 5.228.1 5.73.0 5.73.1 5.93.0
4897;CCT ENTRE A AIVE-ASSOC. DOS INDUSTRIAIS DE VIDRO DE EMBALAGEM E A FETICEQ-FEDER. DOS TRABALHADORES DAS INDUSTRIAS CERÂMICA, VIDREIRA, EXTRACTIVA, ENERGIA E QUIMICA-ALTERAÇAO SALARIAL E OUTRAS;Contrato coletivo de trabalho;Nacional;2000;2001;4;2;2.32.0 5.142.1
4904;CCT APEQ - ASSOC. PORTUGUESA DAS EMPRESAS QUÍMICAS E OUTRAS E O SITEMAQ-SINDICATO DA MESTRANÇA E MARINHAGEM DA MARINHA MERCANTE ENERGIA E FOGUEIROS DE TERRA E OUTRO-ALTERAÇÃO SALARIAL E OUTRAS.;Contrato coletivo de trabalho;Nacional;2000;2003;52;14;1.31.2 1.5.5 5.105.0 5.154.1 5.24.0 5.38.2 5.39.1 5.40.1 5.426.0 5.461.0 5.71.0 5.72.0 5.85.0 5.86.1
4905;CCT-ENTRE A ASSOC. PORTUGUESA DOS INDUSTRIAIS DE CALÇADO, COMPONENTES E ARTIGOS DE PELE E SEUS SUCEDÂNEOS E A FESINTES-FEDER. DOS SIND. DOS TRABALHADORES DE ESCRITÓRIO E SERVIÇOS E OUTROS;Contrato coletivo de trabalho;Nacional;1983;2003;105;15;1.133.1 1.222.1 1.281.2 1.31.0 1.31.1 1.31.2 1.84.1 2.2.1 2.26.0 2.26.1 2.6.2 2.6.3 2.6.4 5.172.0 5.301.0
4914;CCT ASSOC. DOS HOTÉIS DE PORTUGAL E OUTROS / FEDER. DOS SIND. DA IND. DE HOTELARIA E TURISMO DE PORTUGAL E OUTROS;Contrato coletivo de trabalho;Pluridistrital;1983;2008;77;31;1.129.0 1.143.0 1.143.1 1.151.1 1.157.0 1.157.1 1.157.2 1.180.1 1.8.0 1.8.1 1.8.2 2.10.2 2.10.3 2.15.2 2.21.0 2.21.1 2.23.1 2.23.2 2.39.0 2.4.1 2.40.0 2.40.1 2.46.0 2.48.0 2.50.0 2.6.2 2.6.3 2.6.4 5.134.0 5.345.0 5.345.1
4918;CCT ENTRE A ASSOCIAÇAO PORTUGUESA DE FORNECEDORES DE ARTIGOS DE ÓPTICA E A FEQUIMETAL-FEDER. INTERSINDICAL DA METALURGIA, MINAS, QUIMICA, FARMACEUTICA, PETROLEO E GAS - ALTERAÇAO SALARIAL E OUTRA.;Contrato coletivo de trabalho;Nacional;2000;2000;2;2;2.39.0 5.248.0
4919;CCT ANIMO-ASSOC.NAC.IND.DE MOSAICOS HIDRÁULICOS E A FETICEQ-FED.DOS TRAB.DAS IND, CERAMICA,VIDREIRA, EXTRACTIVA, ENERGIA E QUÍMICA E OUTRA-ALT.SAL. E OUTRAS.;Contrato coletivo de trabalho;Nacional;2000;2003;12;3;2.26.1 2.32.0 5.342.0
4920;CCT ENTRE A ASCOOP-ASSOCIAÇÃO DAS ADEGAS COOPERATIVAS DO CENTRO E SUL DE PORTUGAL/FEPCES - FED. PORT. SIND. COMÉRCIO, ESCRITÓRIOS E SERVIÇOS E OUTRAS-ALT. SALARIAL;Contrato coletivo de trabalho;Pluridistrital;2000;2017;36;8;2.15.2 2.40.0 2.40.1 2.50.0 2.58.0 2.6.4 5.358.0 5.601.0
4921;CCT ENTRE A ASCOOP - ASSOC. DAS ADEGAS COOPERATIVAS DO CENTRO E SUL DE PORTUGAL E O SETAA - SIND. DA AGRICULTURA, ALIMENTAÇÃO E FLORESTAS - ALTERAÇÃO SALARIAL E OUTRAS.;Contrato coletivo de trabalho;Pluridistrital;2000;2008;33;12;1.103.2 1.131.3 1.131.4 1.133.1 1.133.2 1.31.2 1.548.0 1.548.1 1.84.1 1.84.2 2.26.1 5.358.0
4942;CCT ENTRE A AFAL - ASSOCIAÇÃO DOS FABRICANTES DE ANÚNCIOS LUMINOSOS E A FSTIEP - FEDERAÇÃO DOS SINDICATOS DOS TRABALHADORES DAS INDÚSTRIAS ELÉCTRICAS DE PORTUGAL E OUTROS - ALTERAÇÃO SALARIAL E OUTRAS;Contrato coletivo de trabalho;Continente;2001;2008;53;16;1.143.1 1.248.3 1.248.4 1.361.2 1.502.0 2.21.1 2.23.2 2.26.1 2.32.0 2.39.0 2.40.0 2.40.1 2.46.0 2.48.0 2.6.4 5.6.0
4944;CCT ENTRE A ASSOCIAÇÃO DOS INDUSTRIAIS DE OURIVESARIA E RELOJOARIA DO NORTE E OUTRAS E O SIMA-SINDICATO DAS INDÚSTRIAS METALÚRGICAS E AFINS-ALTERAÇÃO SALARIAL E OUTRAS;Contrato coletivo de trabalho;Pluridistrital;2001;2010;18;9;1.346.0 5.188.0 5.192.1 5.192.2 5.228.0 5.228.1 5.73.0 5.73.1 5.93.0
4952;AE ENTRE A LEICA - APARELHOS ÓPTICOS DE PRECISÃO, SA E A FEVICCOM - FEDERAÇÃO PORTUGUESA DOS SINDICATOS DA CONSTRUÇÃO, CERAMICA E VIDRO - ALTERAÇÃO SALARIAL E OUTRAS;Acordo de empresa;Distrital;2008;2026;16;1;2.46.0
4960;CCT ENTRE A ANIB-ASSOCIAÇÃO NACIONAL DOS IND. DE BOTÕES E A FEQUIMETAL-FEDR.INTERSINDICAL DA METALÚRGIA, METAL.MINAS,QUÍM.FARMAC., PETRÓLEO E GÁS - ALTERAÇÃO SAL. E OUTRAS.;Contrato coletivo de trabalho;Nacional;2000;2000;2;2;2.39.0 5.333.0
4967;CCT - ENTRE AS ASS. COMERCIAIS E INDUSTRIAIS DO DISTRITO DE CASTELO BRANCO E O SIND. DOS TRABALHADORES DO COMÉRCIO E ESCRITÓRIO DO DISTRITO DE CASTELO BRANCO E OUTRO;Contrato coletivo de trabalho;Distrital;1984;2003;118;13;1.218.2 1.218.3 1.284.0 1.518.0 2.26.0 2.26.1 5.225.0 5.225.1 5.228.0 5.228.1 5.235.1 5.235.2 5.93.0
4969;CCT-ENTRE A ASS. COMERCIAL DO DIST. DE BEJA E O SITESE - SIND. DOS TRABALHADORES DE ESCRITÓRIO, SERVIÇOS E NOVAS TECNOLOGIAS;Contrato coletivo de trabalho;Distrital;1984;2002;28;4;1.218.3 2.26.0 2.26.1 5.16.0
4974;CCT ENTRE A AIBA-ASSOCIAÇÃO DOS INDUSTRIAIS DE BOLACHAS E AFINS E O SIFOMATE - SINDICATO DOS FOGUEIROS, ENERGIA E INDÚSTRIAS TRANSFORMADORAS - ALTERAÇÃO SALARIAL;Contrato coletivo de trabalho;Nacional;2000;2002;12;4;1.31.2 5.484.0 5.485.1 5.65.0
4980;ACORDO DE EMPRESA ENTRE A STCP - SOCIEDADE DE TRANSPORTES COLETIVOS DO PORTO, S.A. E A FEDERAÇAO DOS SINDICATOS DE TRANSPORTES E COMUNICAÇOES-FECTRANS E OUTROS - ALTERAÇAO SALARIAL E TEXTO CONSOLIDADO;Acordo de empresa;Distrital;2018;2026;15;6;1.104.3 1.392.1 1.427.0 1.427.2 1.585.3 2.50.0
4990;CCT ITA - ASS.PORT. IND.DE TRIPAS SIND.TRAB. DA IND.COM.DE CARNES DO SUL  E OUTRO;Contrato coletivo de trabalho;Pluridistrital;1999;2007;27;4;1.151.1 1.282.0 1.282.1 5.312.0
4992;AE S.T.C.P. - SIND.CONTABILISTAS E OUTROS - QUADROS TECNICOS;Acordo de empresa;Distrital;1985;2019;12;10;1.118.1 1.122.1 1.221.1 1.224.0 1.234.0 1.296.0 1.296.1 1.296.4 1.345.0 1.601.0
5004;CCT ENTRE A ANTRAM - ASSOCIAÇÃO NACIONAL DE TRANSPORTADORES PÚBLICOS RODOVIÁRIOS DE MERCADORIAS E O SITRA -SINDIICATO DOS TRABALHADORES DOS TRANSPORTES RODOVIÁRIOS E AFINS E OUTROS - ALTERAÇÃO SALARIAL  E OUTRAS.;Contrato coletivo de trabalho;Continente;1996;1996;4;4;1.104.2 1.133.1 2.26.1 5.15.0
5016;CCT ENTRE A APAVT - ASSOCIAÇÃO PORTUGUESA DAS AGÊNCIAS  DE VIAGENS E TURISMO E O SIMAMEVIP - SINDICATO DOS TRABALHADORES DA MARINHA MERCANTE, AGÊNCIAS DE VIAGENS, TRANSITÁRIOS E PESCA - ALTERAÇÃO SALARIAL E OUTRAS;Contrato coletivo de trabalho;Nacional;2001;2001;2;2;1.173.2 5.132.0
5028;ACORDO DE EMPRESA ENTE A EMPRESA DE TRANSPORTES DO RIO GUADIANA, LDA. E O SINDICATO DOS TRANSPORTES FLUVIAIS, COSTEIROS E DA MARINHA MERCANTE E OUTRO - ALTERAÇAO SALARIAL E OUTRAS E TEXTO CONSOLIDADO.;Acordo de empresa;Distrital;2009;2022;7;2;1.173.2 1.8.2
5034;CCT ENTRE A ASSOCIAÇÃO DOS AGRICULTORES DO CONCELHO DE VILA REAL E O SETAA - SIND. DA AGRICULTURA, ALIMENTAÇÃO E FLORESTAS- ALT. SALARIAL E OUTRAS;Contrato coletivo de trabalho;Concelhia;2000;2003;10;4;1.103.2 1.12.1 2.40.0 5.360.0
5060;CCT ENTRE A APFAO-ASSOC. PORTUGUESA DOS FORNECEDORES DE ARTIGOS DE ÓPTICA E OUTRA E A FETESE-FED. DOS SIND. DOS TRABALHADORES DE SERVIÇOS E OUTROS. ALTERAÇÃO SALARIAL E OUTRAS.;Contrato coletivo de trabalho;Nacional;2000;2003;28;6;1.133.1 1.84.1 1.84.2 2.26.1 5.128.0 5.248.0
5071;CCT - ASSOC. DOS AGRICULTORES DO RIBATEJO (COM EXCEPÇÃO DOS CONCELHOS DE ABRANTES, CONSTÂNCIA, SARDOAL E MAÇÃO) E O SIND. NAC. DOS TRAB. E TÉC. DA AGRICULTURA, FLORESTAS E PECUÁRIA E OUTROS;Contrato coletivo de trabalho;Concelhia;2000;2003;32;11;1.12.1 1.144.1 1.287.2 1.32.1 1.394.0 1.532.0 2.23.2 2.40.0 5.302.0 5.315.0 5.372.0
5072;CCT APIV-ASS. PORT. DOS IND. VESTUÁRIO / FED. DOS SIND. DOS TRAB. TÊXTEIS, LAN. VEST. C.P.P. OUTROS;Contrato coletivo de trabalho;Nacional;1986;2000;89;29;1.143.0 1.143.1 1.152.0 1.152.2 1.157.1 1.157.2 1.225.1 1.233.1 1.248.1 1.248.2 1.248.3 1.296.0 1.502.0 2.10.2 2.10.3 2.15.2 2.20.2 2.21.0 2.21.1 2.23.1 2.23.2 2.3.2 2.33.0 2.39.0 2.4.1 2.40.0 2.6.3 2.6.4 5.37.1
5073;CCT ASSOC. DOS IND. DE HOTELARIA, RESTAURANTES E SIMILARES DO CENTRO / FEDER. DOS SIND. DA IND. DA HOTELARIA E TURISMO DE PORTUGAL E OUTRAS;Contrato coletivo de trabalho;Pluridistrital;1986;2003;80;14;2.10.2 2.10.3 2.15.2 2.21.0 2.21.1 2.23.1 2.23.2 2.39.0 2.4.1 2.40.0 2.6.3 2.6.4 5.260.0 5.260.1
5074;AE ENTRE A TRANSTEJO -TRANSPORTES TEJO, SA E O SITRA - SINDICATO DOS TRABALHADORES DOS TRANSPORTES - ALTERAÇÃO SALARIAL E OUTRAS E TEXTO CONSOLIDADO.;Acordo de empresa;Concelhia;2007;2023;9;1;1.104.3
5076;CCT ANCAVE - ASS. NAC. DOS CENTROS DE ABATE E IND. TRANSFORMADORAS DE CARNES DE AVES/SIND. DOS TRABALHADORES DA IND. E COMÉRCIO DE CARNES DO SUL E OUTROS;Contrato coletivo de trabalho;Nacional;1987;2004;52;11;1.151.1 1.248.1 1.248.2 1.248.3 1.248.4 1.282.0 1.282.1 1.5.3 1.5.4 1.5.5 5.278.1
5077;CCT ANCAVE - ASSOC. NAC. DOS CENTROS DE ABATE E IND. TRANSFORMADORAS DE CARNE DE AVES/ SETAA - SIND. DA AGRICULTURA, ALIMENTAÇÃO E FLORESTAS;Contrato coletivo de trabalho;Nacional;1987;2001;159;26;1.103.2 1.151.1 1.248.1 1.248.2 1.282.0 1.31.1 1.31.2 1.5.3 1.5.4 2.10.2 2.10.3 2.15.2 2.21.0 2.21.1 2.23.1 2.23.2 2.29.1 2.29.2 2.29.3 2.29.4 2.39.0 2.4.1 2.40.0 2.6.3 2.6.4 5.278.1
5081;AE MANUFACTURA DE TAPEÇARIAS DE PORTALEGRE / SIND. TRAB. TÊXTEIS, LANIF. E  VESTUÁRIO DO SUL, OUTROS;Acordo de empresa;Concelhia;1987;1994;21;4;1.218.3 1.242.0 1.400.0 2.26.0
5089;"CCT ENTRE A ASSOC. DOS INDUSTRIAIS TRANSFORMADORES DE VIDRO PLANO DE PORTUGAL E A FEDER. DOS SIND. DAS IND. DE CERAMICA, CIMENTO E VIDRO DE PORTUGAL E OUTRA. 
ALTERAÇAO SALARIAL E OUTRAS.";Contrato coletivo de trabalho;Nacional;2000;2003;12;3;2.12.2 2.15.2 5.261.1
5091;CCT ANTROP - ASSOC. NAC. DE TRANSPORTADORES RODOVIÁRIOS DE PESADOS DE PASSAGEIROS/SITRA - SIND. DOS TRABALHADORES DOS TRANSPORTES RODOVIÁRIOS E AFINS E OUTROS;Contrato coletivo de trabalho;Nacional;1987;2001;31;7;1.104.2 1.133.1 1.222.2 1.281.2 2.2.1 2.26.0 5.203.1
5095;CCT ENTRE A APAN-ASSOCIAÇÃO DE AGENTES DE NAVEGAÇÃO E O SIMAMEVIP- SINDICATO DOS TRABALHADORES DA MARINHA MERCANTE, AGÊNCIAS DE VIAGENS, TRANSITÁRIOS E PESCA - ALTERAÇÃO SALARIAL E OUTRAS.;Contrato coletivo de trabalho;Nacional;2000;2005;43;9;1.173.2 1.334.0 5.210.2 5.328.1 5.328.2 5.417.0 5.459.0 5.466.1 5.63.2
5100;CCT ASS. NAC. IND. CONSERVAS DE PEIXE, OUTRO / FEPCES;Contrato coletivo de trabalho;Nacional;1987;1997;20;4;2.6.3 2.6.4 5.306.1 5.306.2
5102;CCT ANIVEC-ASS. NAC. DAS IND. VESTUÁRIO E CONFEC./FED. SIND. TRAB. TÊXTEIS, LAN. VEST. C.P.P. OUTROS;Contrato coletivo de trabalho;Nacional;1987;2000;39;22;1.143.0 1.143.1 1.152.0 1.152.2 1.157.2 1.225.1 1.233.1 1.248.3 1.502.0 2.10.2 2.10.3 2.15.2 2.20.2 2.21.1 2.23.1 2.23.2 2.33.0 2.39.0 2.4.1 2.40.0 2.6.4 5.58.1
5104;CCT ANIVEC - ASS. NAC. IND. VESTUÁRIO E CONFECÇÃO/FEPCES - FED. PORT. SINDICATOS COMÉRCIO, ESCRIT. SERV. E OUTRO;Contrato coletivo de trabalho;Nacional;1987;1998;21;3;2.20.2 2.6.4 5.58.1
5110;CCT ARESP - ASSOC. DOS RESTAURANTES E SIMILARES DE PORTUGAL / SINDHAT - SIND. DEMOCRÁTICO DA HOTELARIA, ALIMENTAÇÃO E TURISMO (CANTINAS, REFEITÓRIOS E FÁBRICAS DE REFEIÇÕES);Contrato coletivo de trabalho;Nacional;1988;1995;14;4;1.133.1 1.354.0 5.135.0 5.135.1
5111;CCT ENTRE A ASSOC. DOS INDUSTRIAIS DE PANIFICAÇÃO DO ALTO ALENTEJO E OUTRA E A FEDER. DOS SIND. DAS IND. DE ALIMENTAÇÃO, BEBIDAS E TABACOS E OUTRAS;Contrato coletivo de trabalho;Pluridistrital;1988;2002;71;12;2.21.0 2.21.1 2.23.1 2.23.2 2.29.2 2.29.3 2.29.4 2.39.0 2.4.1 2.40.0 5.253.0 5.330.0
5116;CCT ENTRE A ASSOCIAÇÃO PORTUGUESA DE ELECTROENCEFALOGRAFIA E NEUROFISIOLOGIA CLÍNICA E A FETESE - FEDERAÇÃO DOS SINDICATOS DOS TRABALHADORES DE SERVIÇOS -ALTERAÇÃO SALARIAL E OUTRAS.;Contrato coletivo de trabalho;Nacional;2001;2001;2;2;2.26.1 5.415.0
5118;CCT ENTRE A AGEFE -ASSOC.PORT. DOS GROSSISTAS E IMPORTADORES DE MATERIAL ELÉCTRICO, ELECTRÓNICO,ELECTRODOMÉSTICO, FOTOGRÁFICO E DE RELOJOARIA E A FEPCES-FEDER.PORT.DOS SIND. DO COMÉRCIO, ESCRITÓRIOS E SERVIÇOS E OUTROS -ALTERAÇÃO SALARIAL E OUTRAS.;Contrato coletivo de trabalho;Nacional;1988;2005;112;25;1.133.1 1.213.0 1.213.1 1.222.1 1.248.1 1.248.2 1.248.3 1.248.4 1.281.2 1.346.0 1.361.1 1.361.2 1.548.0 1.84.0 1.84.1 1.84.2 2.15.2 2.2.1 2.21.1 2.26.0 2.26.1 2.6.3 2.6.4 5.50.1 5.50.2
5119;CCT ENTRE A ADAPI -ASSOC. DOS ARMADORES DAS PESCAS INDUSTRIAIS E O SIND. NAC. DOS TRAB. DO SECTOR DAS PESCAS E OUTRO (PESCA DO ARRASTO DO LARGO -CRUSTÁCEOS);Contrato coletivo de trabalho;Nacional;2001;2001;3;3;1.277.2 1.5.5 5.5.0
5126;CCT ASS. NAC. DOS IND. CONSERVAS DE PEIXE / SINDEPESCAS - SIND. DEM. DAS PESCAS;Contrato coletivo de trabalho;Nacional;1988;1997;22;3;1.4.1 5.306.1 5.306.2
5128;CCT ENTRE A AEEP - ASSOCIAÇÃO DE ESTABELECIMENTOS DO ENSINO PARTICULAR E COOPERATIVO E O SINAPE - SINDICATO NACIONAL DOS PROFISSIONAIS DE EDUCAÇÃO E OUTROS - ALTERAÇÃO SALARIAL;Contrato coletivo de trabalho;Nacional;2002;2002;6;6;1.377.2 1.393.1 1.489.2 1.510.0 1.520.0 5.223.2
5131;CCT ENTRE A ASSOC.PORTUGUESA DE EMPRESAS CINEMATOGRÁFICAS E OUTRA E O SINTTAV-SIND. NAC. DOS TRABALHADORES DAS TELECOMUNICAÇÕES E AUDIOVISUAL - ALT. SALARIAL E OUTRAS;Contrato coletivo de trabalho;Nacional;2000;2003;7;3;1.504.0 5.110.0 5.81.0
5138;CCT ENTRE A ASSOCIAÇÃO COMERCIAL DE AVEIRO E OUTRAS E O SINDCES - SINDICATO DO COMÉRCIO, ESCRITÓRIO E SERVIÇOS (COMÉRCIO DE CARNES) -ALTERAÇÃO SALARIAL E OUTRAS;Contrato coletivo de trabalho;Distrital;2000;2011;69;8;1.222.2 1.518.0 2.6.4 5.164.0 5.165.0 5.165.1 5.168.0 5.200.1
5142;CCT ENTRE A ACIP - ASSOC. DO CENTRO DOS INDUSTRIAIS DE PANIFICAÇÃO E A FSIABT - FEDER. DOS SIND. DAS IND. DE ALIMENTAÇÃO, BEBIDAS E TABACOS E OUTRAS;Contrato coletivo de trabalho;Pluridistrital;1989;2003;70;13;2.21.0 2.21.1 2.23.1 2.23.2 2.29.2 2.29.3 2.29.4 2.39.0 2.4.1 2.40.0 5.258.0 5.258.1 5.258.2
5145;CCT ENTRE A ASSOC. DOS AGRICULTORES DOS CONCELHOS DE ABRANTES , CONSTÂNCIA , SARDOAL E MAÇÃO E O SIND. NAC. DOS TRAB. E TÉC. DA AGRICULTURA , FLORESTAS  E PECUÁRIA E OUTROS;Contrato coletivo de trabalho;Concelhia;2001;2003;18;8;1.12.1 1.144.1 1.287.2 1.394.0 1.532.0 2.23.2 2.40.0 5.406.0
5150;CCT ENTRE A ASSOC. DOS INDUSTRIAIS DE PANIFICAÇÃO DE LISBOA E A FSIABT - FEDER. DOS SIND. DAS IND. DE ALIMENTAÇÃO, BEBIDAS E TABACOS E OUTRAS;Contrato coletivo de trabalho;Pluridistrital;1989;2011;81;13;2.21.0 2.21.1 2.23.1 2.23.2 2.29.2 2.29.4 2.39.0 2.4.1 2.40.0 2.40.1 2.46.0 2.48.0 5.256.0
5151;CCT ANTROP - ASSOC. NAC. DE TRANSPORTADORES RODOVIÁRIOS DE PESADOS DE PASSAGEIROS/SIND. NAC. DOS MOSTORISTAS;Contrato coletivo de trabalho;Nacional;1989;2001;12;2;1.427.0 5.203.1
5158;CCT ENTRE A ASSOCIAÇÃO LIVRE DOS INDUSTRIAIS DE GESSOS E CALES E A FEDERAÇÃO DOS SINDICATOS DAS INDUSTRIAS DE CERÂMICA, CIMENTO E VIDRO DE PORTUGAL E OUTROS -ALTERAÇÃO SALARIAL E OUTRAS.;Contrato coletivo de trabalho;Nacional;2001;2003;15;5;2.12.2 2.15.2 2.23.2 2.39.0 5.297.0
5160;AE ENTRE A COOPERATIVA DE PRODUÇÃO E CONSUMO PROLETÁRIO ALENTEJANO, C.R.L., E O CESP - SINDICATO DOS TRABALHADORES DO COMÉRCIO, ESCRITÓRIOS E SERVIÇOS DE PORTUGAL - ALTERAÇÃO SALARIAL E OUTRAS.;Acordo de empresa;Pluridistrital;2006;2009;4;1;1.518.0
5163;CCT ASS. DOS IND. CORDOARIA E REDES / SITESC-SIND. DOS TRAB. ESCRITÓRIO COMÉRCIO E SERVIÇOS E OUTRO;Contrato coletivo de trabalho;Nacional;1989;2000;23;4;1.133.1 2.26.0 2.26.1 5.29.0
5165;CCT PARA O TRABALHO TEMPORARIO - CCT ENTRE A APETT - ASSOCIAÇAO PORTUGUESA DAS EMPRESAS DE TRABALHO TEMPORARIO E A FETESE -FEDERAÇAO  DOS SINDICATOS DOS TRABALHADORES DE ESCRITORIOS E SERVIÇOS;Contrato coletivo de trabalho;Nacional;1989;1989;2;2;2.26.1 5.413.0
5170;CCT ENTRE A ASSOCIAÇÃO PORTUGUESA DA HOSPITALIZAÇÃO PRIVADA E O SEP - SINDICATO DOS ENFERMEIROS PORTUGUESES - ALTERAÇÃO SALARIAL;Contrato coletivo de trabalho;Nacional;2000;2001;3;2;1.157.2 5.88.1
5172;CCT ENTRE A ASSOCIAÇÃO DOS INDUSTRIAIS DE OURIVERSARIA DO SUL E  FEQUIMETAL-FEDER. INTERSINDICAL DA METALURGIA, METALOMECÂNICA,.MINAS,QUÍMICA, FARMACÊUTICA, PETRÓLEO E GÁS-ALTERAÇÃO SALARIAL E OUTRAS.;Contrato coletivo de trabalho;Pluridistrital;1990;2000;4;3;2.39.0 2.4.1 5.64.0
5177;CCT ENTRE A ADAPI-ASSOCIAÇÃO DOS ARMADORES DAS PESCAS INDUSTRIAIS E O SINDICATO NACIONAL DOS TRABALHADORES DO SECTOR DAS PESCAS E OUTROS (PESCA DO LARGO) - ALTERAÇÃO SALARIAL E OUTRAS.;Contrato coletivo de trabalho;Nacional;2002;2002;5;5;1.277.2 1.438.1 1.475.0 1.5.5 5.5.0
5186;CCT FENAME - FEDER. NACIONAL DO METAL / SIND. DOS QUADROS E TÉCNICOS DE DESENHO;Contrato coletivo de trabalho;Nacional;1990;1994;8;2;1.143.1 6.8.0
5188;AE EMPRESA PETRÓLEOS DE PORTUGAL - PETROGAL, S.A.,  / FEQUIMETAL - FEDER. INTERSINDICAL DA METALURGIA, METALOMECÂNICA, MINAS, QUÍMICA FARMACÊUTICA, PETRÓLEO E GÁS E OUTROS;Acordo de empresa;Nacional;1990;2011;123;28;1.119.1 1.129.1 1.143.1 1.157.2 1.173.1 1.173.2 1.210.0 1.213.0 1.213.1 1.31.1 1.31.2 1.379.0 1.502.0 1.504.0 1.8.2 2.15.2 2.21.0 2.21.1 2.22.1 2.22.2 2.23.1 2.23.2 2.3.2 2.39.0 2.46.0 2.48.0 2.50.0 2.6.4
5189;AE ENTRE PETRÓLEOS DE PORTUGAL - PETROGAL, SA E A FETESE - FEDERAÇÃO DOS SINDICATOS DOS TRABALHADORES DE SERVIÇOS E OUTROS - ALTERAÇÃO E TEXTO CONSOLIDADO.;Acordo de empresa;Nacional;2006;2012;38;11;1.133.2 1.133.4 1.360.2 1.361.2 1.379.0 1.458.0 1.548.1 1.84.2 2.26.1 2.26.3 2.32.0
5190;AE ENTRE PETRÓLEOS DE PORTUGAL - PETROGAL, SA E A FENSIQ - CONFEDERAÇÃO NACIONAL DE SINDICATOS DE QUADROS E OUTROS - ALTERAÇÃO E TEXTO CONSOLIDADO.;Acordo de empresa;Nacional;2006;2012;28;9;1.15.2 1.221.1 1.224.0 1.234.0 1.296.2 1.296.3 1.404.1 2.47.0 4.5.0
5195;CCT - ENTRE A APAT - ASSOC. DOS TRANSITÁRIOS DE PORTUGAL E O SIMAMEVIP SIND. DOS TRABALHADORES DA MARINHA MERCANTE, AGENCIAS DE VIAGENS, TRANSITÁRIOS E PESCA;Contrato coletivo de trabalho;Nacional;2000;2003;14;3;1.173.2 2.26.1 5.57.1
5198;CCT ALIF-ASSOC.LIVRE DOS IND.P/FRIO/SETAA-SIND.AGRICULTURA, ALIMENTAÇÃO E FLORESTAS;Contrato coletivo de trabalho;Nacional;1990;2003;61;13;1.103.2 1.31.1 1.31.2 2.15.2 2.29.2 2.29.3 2.29.4 2.32.0 2.40.0 2.6.3 2.6.4 5.241.0 5.241.1
5200;ACT ENTRE A CIMIANTO-SOCIEDADE TÉCNICA HIDRÁULICA, SA E OUTRA E A FEDERAÇÃO DOS SINDICATOS DAS INDÚSTRIAS DE CERÂMICA, CIMENTO E VIDRO DE PORTUGAL-ALTERAÇÃO SALARIAL E OUTRAS.;Acordo coletivo de trabalho;Nacional;2001;2002;9;5;1.143.1 2.12.2 2.15.2 2.23.2 2.39.0
5207;ACT ENTRE VÁRIAS INSTITUTIÇÕES DE CRÉDITO E O SINDICATO DOS BANCÁRIOS DO NORTE E OUTROS - ALTERAÇÃO SALARIAL E OUTRAS E TEXTO CONSOLIDADO;Acordo coletivo de trabalho;Nacional;2005;2012;27;7;1.110.0 1.209.0 1.417.0 1.524.0 1.57.0 2.43.0 2.51.0
5213;AE ENTRE A IFM - INDÚSTRIA DE FIBRAS DE MADEIRA, SA E A FEVICCOM - FEDERAÇÃO PORTUGUESA DOS SINDICATOS DA CONSTRUÇÃO, CERÂMICA E VIDRO E OUTROS  - ALTERAÇÃO SALARIAL E OUTRAS.;Acordo de empresa;Distrital;2005;2009;22;8;1.394.0 1.518.0 1.565.0 2.21.1 2.39.0 2.40.1 2.46.0 2.48.0
5215;AE DOCAPESCA-PORTOS E LOTAS, SA E A FEDERAÇÃO DOS SINDICATOS SO SECTOR DAS PESCAS -ALTERAÇÃO SALARIAL E OUTRAS E TEXTO CONSOLIDADO;Acordo de empresa;Continente;2005;2018;6;1;2.30.0
5216;AE  ENTRE A DOCAPESCA - PORTOS E LOTAS, SA E O SINDEPESCAS -SINDICATO DEMOCRÁTICO DAS PESCAS - ALTERAÇÃO SALARIAL E OUTRAS E TEXTO CONSOLIDADO;Acordo de empresa;Continente;2005;2023;9;1;1.4.1
5227;AE ENTRE A RAR - REFINARIAS DE AÇÚCAR REUNIDAS, SA E A FESAHT -FEDERAÇÃO DOS SINDICATOS DA ALIMANETAÇÃO, BEBIDAS, HOTELARIL E TURISMO DE PORTUGAL E OUTROS - ALTERAÇÃO SALARIAL E OUTRAS E TEXTO CONSOLIDADO.;Acordo de empresa;Nacional;2004;2006;12;7;1.31.2 2.15.2 2.21.1 2.39.0 2.40.0 2.40.1 2.6.4
5233;CCT ENTRE A ANITIV - ASSOC. NACIONAL DOS INDUSTRIAIS TRANSFORMADORES DE VIDRO E A FEDER. DOS SINDICATOS DAS INDÚSTRIAS DE CERÂMICA, CIMENTO E VIDRO DE PORTUGAL E OUTRA - ALTERAÇÃO SALARIAL E OUTRAS.;Contrato coletivo de trabalho;Nacional;2000;2003;11;3;2.12.2 2.15.2 5.25.0
5235;CCT ENTRE UNIAO ASSOCIACOES COMERC. DIST.LISBOA E OUTROS E O CESL-SIND.TRAB.COMERC.SERVICOS DIST.LIS;Contrato coletivo de trabalho;Distrital;1991;2002;94;37;1.133.1 1.143.1 1.150.1 1.150.2 1.152.0 1.194.1 1.213.0 1.221.0 1.28.1 1.394.0 1.84.0 1.84.1 2.10.1 2.10.3 2.19.0 2.26.0 2.26.1 2.29.0 2.29.2 2.29.3 2.6.4 5.101.0 5.115.0 5.115.1 5.116.0 5.116.1 5.122.1 5.122.2 5.26.1 5.26.2 5.35.0 5.48.0 5.48.1 5.70.0 5.90.0 5.90.1 7.2.0
5237;CCT AECOPS - ASS. EMP. CONST. E OBR. PÚBLICAS DO SUL  OUTROS / FED. S. CONST. MAD. E MÁRMORES OUTROS;Contrato coletivo de trabalho;Continente;1991;1993;27;16;1.143.1 1.157.2 1.296.0 1.296.1 1.31.1 2.10.3 2.15.2 2.21.1 2.22.2 2.23.1 2.4.1 2.6.4 5.129.0 5.176.0 5.2.0 5.251.0
5244;ACT SAAL - SOCIEDADE ABASTECEDORA DE AERONAVES, LD.ª, E OUTRAS / FESHOT - FEDER. DOS SIND. DA HOTELARIA E TURISMO DE PORTUGAL E OUTRAS;Acordo coletivo de trabalho;Nacional;1991;1997;16;4;2.10.3 2.15.2 2.4.1 2.6.4
5246;AE ENTRE A COOPCASTRENSE - COOPERATIVA DE CONSUMO POPULAR CASTRENSE, CRL E O CESP - SINDICATO DOS TRABALHADORES DO COMÉRCIO, ESCRITÓRIOS E SERVIÇOS DE PORTUGAL - ALTERAÇÃO SALARIAL E OUTRAS E TEXTO CONSOLIDADO;Acordo de empresa;Distrital;2007;2010;4;1;1.518.0
5253;CCT - ENTRE A ASSOC. PORTUGUESA DE CASINOS E O SPBC - SIND. DOS PROFISSIONAIS DE BANCA DOS CASINOS E OUTROS;Contrato coletivo de trabalho;Nacional;2000;2002;12;4;1.269.1 1.457.0 2.26.1 5.316.1
5256;CCT ALIF - ASS. LIVRE DOS IND. PELO FRIO / SINDEPESCAS;Contrato coletivo de trabalho;Nacional;1991;1996;8;2;1.4.1 5.241.0
5257;AE ENTRE A EVA - TRANSPORTES, SA E A FESTRU - FEDERAÇÃO DOS SINDICATOS DE TRANPORTES RODOVIÁRIOS E URBANOS E OUTRAS . - ALTERAÇÃO SALARIAL;Acordo de empresa;Nacional;2006;2006;3;3;2.15.2 2.39.0 2.6.4
5259;AE ENTRE A CUF - ADUBOS DE PORTUGAL, SA E A FETESE -FEDERAÇÃO DOS SINDICATOS DOS TRABALHADORES DE SERVIÇOS E OUTROS - ALTERAÇÃO SALARIAL E OUTRAS .;Acordo de empresa;Nacional;2006;2009;13;6;1.15.2 1.221.1 1.360.2 2.26.1 2.32.0 4.5.0
5260;CCT APIV-ASS. PORT. IND. VESTUÁRIO / FEPCES-FED. PORT. SIND. COM. ESC. SERV. E FESETE;Contrato coletivo de trabalho;Nacional;1991;1999;21;3;2.20.2 2.6.4 5.37.1
5262;CCT APIV - ASS. PORT. IND. DE VESTUÁRIO / FETESE - FED. SIND. TRAB. ESC. E SERVIÇOS;Contrato coletivo de trabalho;Nacional;1991;2002;20;3;2.26.0 2.26.1 5.37.1
5269;CCT ENTRE A APECA-ASSOC.PORTUGUESA DAS EMPRESAS DE CONTABILIDADE, AUDITORIA E ADMINISTRAÇÃO E O SITESC-SIND. DOS TRABALHADORES DE ESCRITÓRIO, SERVIÇOS E COMÉRCIO E OUTROS-ALTERAÇÃO SALARIAL E OUTRA.;Contrato coletivo de trabalho;Nacional;2000;2015;28;8;1.133.1 1.133.2 1.282.3 2.26.1 2.26.4 2.6.4 5.419.1 5.419.2
5275;CCT ENTRE A ADAPI-ASSOCIAÇAO DOS ARMADORES DAS PESCAS INDUSTRIAIS E O SINDICATO NACIONAL DOS TRABALHADORES DO SECTOR DAS PESCAS E OUTRO (PESCA DO ARRASTO COSTEIRO) - ALTERAÇAO SALARIAL E OUTRAS;Contrato coletivo de trabalho;Nacional;2000;2000;3;3;1.277.2 1.5.5 5.5.0
5299;CCT ASSOC. DOS HOTÉIS DO NORTE DE PORTUGAL E OUTRAS / SINDHAT - SIND. DEMOCRÁTICO DA HOTELARIA, ALIMENTAÇÃO E TURISMO E OUTROS;Contrato coletivo de trabalho;Pluridistrital;1992;2000;58;15;1.133.1 1.31.1 1.354.0 2.26.0 2.26.1 5.204.0 5.204.1 5.205.1 5.206.0 5.206.1 5.207.0 5.208.0 7.3.1 7.3.2 7.3.4
5307;CCT AIHSA - ASSOC. DOS IND. HOTELEIROS E SIMILARES DO ALGARVE / FESHOT - FEDER. DOS SIND. DA HOTELARIA E TURISMO DE PORTUGAL E OUTROS;Contrato coletivo de trabalho;Distrital;1992;2018;124;18;1.143.1 1.143.2 1.8.2 2.10.3 2.15.2 2.21.1 2.23.2 2.39.0 2.4.1 2.40.0 2.40.1 2.46.0 2.48.0 2.48.1 2.50.0 2.58.0 2.6.4 5.211.1
5315;CCT ENTRE A FENAME-FEDERAÇÃO NACIONAL DO METAL E A FENSIQ-CONFEDERAÇÃO NACIONAL DE SINDICATOS DE QUADROS-ALTERAÇÃO SALARIAL E OUTRAS;Contrato coletivo de trabalho;Nacional;2000;2002;4;2;4.5.0 6.8.0
5320;CCT-ENTRE A AES-ASSOC. DAS EMPRESAS DE SEGURANÇA E OUTRA E A FETESE-FEDER. DOS SIND. DOS TRABALHADORES DE ESCRITÓRIO E SERVIÇOS E OUTROS;Contrato coletivo de trabalho;Nacional;1993;2003;57;9;1.133.1 1.300.2 1.361.1 1.361.2 1.84.1 2.26.0 2.26.1 5.439.0 5.440.0
5321;CCT -ENTRE A AES- ASSOC. DAS EMPRESAS DE SEGURANÇA E OUTRA E O SIND. DOS TRABALHADORES DE SERVIÇOS DE PORTARIA VIGILÂNCIA, LIMPEZA, DOMÉSTICAS E PROFISSÕES SIMILARES E ACTIVIDADES DIVERSAS E OUTROS-ALT. SALARIAL;Contrato coletivo de trabalho;Nacional;1998;2003;35;10;1.152.1 1.152.2 1.248.3 1.248.4 2.15.2 2.21.0 2.21.1 2.6.4 5.439.0 5.440.0
5323;CCT ENTRE A ASSOCIAÇÃO DAS EMPRESAS DE PRESTAÇÃO DE SERVIÇOS DE LIMPEZA E ACTIVIDADES SIMILARES E O STAD - SINDICATO DOS TRABALHADORES DE SERVIÇOS DE PORTARIA, VIGILÂNCIA, LIMPEZA, DOMÉSTICAS E PROFISSÕES SIMILARES E ACTIVIDADES DIVERSAS E OUTROS;Contrato coletivo de trabalho;Nacional;1993;2004;59;10;1.152.1 1.152.2 1.248.2 1.248.3 1.248.4 2.15.2 2.39.0 2.4.1 2.6.4 5.274.0
5325;CCT NORQUIFAR - ASS. NORTE IMPORTADORES E ARMAZENISTAS DE PRODUTOS QUÍMICOS E FARMACÊUTICOS E A FEQUIMETAL - FED. INTERSIND. DA METALURGIA, METALOMECANICA, MINAS, QUÍMICA, FARMACÊUTICA, PETRÓLEO E GAZ;Contrato coletivo de trabalho;Nacional;2000;2026;46;5;2.39.0 2.48.0 2.48.1 5.195.1 5.195.2
5332;CCT ENTRE A ASSOCIAÇÃO DA IMPRENSA NÃO DIÁRIA E O SINDICATO DOS JORNALISTAS - ALTERAÇÃO SALARIAL E OUTRAS.;Contrato coletivo de trabalho;Nacional;2000;2000;2;2;1.11.0 5.139.0
5334;"AE ENTRE A SOFLUSA - SOCIEDADE FLUVIAL DE TRANSPORTES; S.A. E O SINDICATO DOS TRANSPORTES FLUVIAIS, COSTEIROS E DA MARINHA MERCANTE E OUTROS - ALTERAÇÃO SALARIAL E OUTRAS E TEXTO CONSOLIDADO.";Acordo de empresa;Concelhia;2005;2023;42;5;1.173.2 1.5.5 1.5.6 1.525.0 1.8.2
5335;ACT ENTRE A NORMAX, LD.ª E OUTRAS E A FEVICCOM ¿ FEDERAÇÃO PORTUGUESA DOS SINDICATOS DA CONSTRUÇÃO, CERÂMICA E VIDRO ¿ ALTERAÇÃO SALARIAL E OUTRAS.;Acordo coletivo de trabalho;Pluridistrital;2005;2006;2;1;2.46.0
5339;CCT ENTRE A ASSOC. LIVRE DOS INDUSTRIAIS DE GESSOS E CALES E A FETESE - FEDER. DOS SIND. DOS TRABALHADORES DE SERVIÇOS E OUTROS-ALTERAÇÃO SALARIAL;Contrato coletivo de trabalho;Nacional;1999;2003;18;7;1.104.2 1.548.0 1.84.1 1.84.2 2.26.1 5.180.0 5.297.0
5342;CCT ENTRE A FAPEL - ASSOC. PORTUGUESA DE FABRICANTES DE PAPEL E CARTÃO  E O SITESC - SIND. DOS TRAB. DE ESCRITÓRIO, SERVIÇOS E COMÉRCIO E OUTRO;Contrato coletivo de trabalho;Nacional;1993;1993;3;3;1.133.1 1.31.1 5.282.1
5343;CCT ENTRE A ASSOCIAÇÃO PORTUGUESA DE HOSPITALIZAÇÃO PRIVADA E A FETESE - FEDERAÇÃO DOS SINDICATOS DOS TRABALHADORES DE SERVIÇOS - ALTERAÇÃO  SALARIAL.;Contrato coletivo de trabalho;Nacional;2001;2003;4;2;2.26.1 5.88.1
5353;CCT ENTRE A ASSOCIAÇÃO DOS OPERADORES PORTUÁRIOS DOS PORTOS DO DOURO E LEIXÕES E OUTRA E O SINDICATO DOS ESTIVADORES, CONFERENTES E TRÁFEGO DOS PORTOS DO DOURO E LEIXÕES - ALTERAÇÃO SALARIAL E OUTRAS;Contrato coletivo de trabalho;Distrital;2001;2001;2;2;1.490.0 5.459.0
5355;CCT ENTRE A ANEFA - ASSOCIAÇÃO  NACIONAL DE EMPRESAS FLORESTAIS, AGRÍCOLAS E DO AMBIENTE E O SETAA - SINDICATO DA AGRICULTURA, ALIMENTAÇÃO E FORESTAS - ALTERAÇÃO SALARIAL E OUTRAS.;Contrato coletivo de trabalho;Nacional;2000;2000;2;2;1.103.2 5.425.1
5359;CCT ENTRE A ANIECA - ASSOCIAÇÃO  NACIONAL DOS INDUSTRIAIS DO ENSINO DE  CONDUÇÃO AUTOMÓVEL E O SITESC - SINDICATO DOS TRABALHADORES DE ESCRITÓRIO, SERVIÇOS E COMÉRCIO - ALT. SALARIAL E OUTRAS.;Contrato coletivo de trabalho;Nacional;2000;2000;2;2;1.133.1 5.34.0
5360;CCT ENTRE A APED-ASSOC. PORTUGUESA DE  EMPRESAS DE  DISTRIBUIÇÃO E A FEPCES-FEDER. PORTUGUESA DOS SIND. DO COMÉRCIO, ESCRITÓRIOS E SERVIÇOS E OUTROS;Contrato coletivo de trabalho;Nacional;1994;1999;41;11;1.133.1 1.143.1 2.10.3 2.15.2 2.26.0 2.26.1 2.29.3 2.29.4 2.6.4 5.347.0 5.347.1
5361;CCT NORQUIFAR-ASSOC. DO NORTE DOS IMPORTADORES/ARMAZENISTAS PRODUTOS QUímicos E FARMACÊUTICOS E A FETICEQ - FEDER. TRAB. DAS IND. CERÂMICA, VIDREIRA, EXTRACTIVA, ENERGIA E QUÍMICA;Contrato coletivo de trabalho;Nacional;2000;2003;8;2;2.32.0 5.195.1
5362;CCT ANIECA-ASSOC.NAC. DOS IND. DO0 ENSINO DE COND. AUTOMOVEL/SITRA-SIND. DOS TRAB. DOS TRANSPORTES RODOVIARIOS E AFINS - ALT. SALARIAL E OUTRAS;Contrato coletivo de trabalho;Nacional;2000;2001;4;2;1.104.2 5.34.0
5365;AE EMEF-EMPRESA MANUTENÇ EQUIPAMENT FERROVIARIO,S.A./ SINDEFER-SIND.NAC. DEMOC. FERROVIARIOS E OUTRS;Acordo de empresa;Nacional;1994;2009;46;6;1.143.1 1.397.1 1.436.0 1.436.1 1.474.0 2.37.0
5367;CCT ENTRE A ASSOCIAÇÃO DOS AGRICULTORES DO BAIXO ALENTEJO /SETAA SINDICATO DA AGRICULTURA , ALIMENTAÇÃO E FLORESTAS - ALTERAÇÃO SALARIAL E OUTRAS.;Contrato coletivo de trabalho;Distrital;2000;2003;8;2;1.103.2 5.321.0
5368;CCT ANIECA-ASSOC. NAC.DOS IND.DO ENSINO DE CONDUÇAO AUTOMOVEL E A FETESE-FED.SIND. DOS TRABALHADORES DE SERVIÇOS-ALT.SAL.E OUTRAS;Contrato coletivo de trabalho;Nacional;2000;2001;4;2;2.26.1 5.34.0
5370;CCT ENTRE A ASSOCIAÇÃO DAS EMPRESAS DE ESTIVA DOP PORTO DE AVEIRO E OUTRA E O SINDICATO DOS TRABALHADORES DO PORTO DE AVEIRO - ALTERAÇÃO SALARIAL E OUTRAS;Contrato coletivo de trabalho;Distrital;2002;2003;4;2;1.170.2 5.339.1
5375;CCT ENTRE A ANTRAL -ASSOCIAÇÃO NACIONAL DOS TRANSPORTADORES RODOVIÁRIOS EM AUTOMÓVEIS LIGEIROS E A FESTRU - FEDERAÇÃO DOS SINDICATOS DE TRANSPORTES RODOVIÁRIOS E URBANOS - ALTERAÇÃO SALARIAL E OUTRAS.;Contrato coletivo de trabalho;Nacional;2002;2010;18;3;2.15.2 2.50.0 5.7.0
5376;CCT-ENTRE A AIC-ASSOC. INDUSTRIAL DE CRISTALARIA E A FEDER. DOS SIND. DAS IND. DE CERAMICA, CIMENTO E VIDRO DE PORTUGAL E OUTRA;Contrato coletivo de trabalho;Nacional;2000;2001;6;3;2.12.2 2.15.2 5.473.0
5379;CCT - ENTRE A ANTRAL - ASSOC. NACIONAL DOS TRANSPORTADORES RODOVIÁRIOS EM AUTOMÓVEIS LIGEIROS E O SNM - SIND. NAC. DOS MOTORISTAS;Contrato coletivo de trabalho;Nacional;2000;2002;6;2;1.427.0 5.7.0
5382;CCT ENTRE A AIC-ASSOCIAÇÃO INDUSTRIAL DE CRISTALARIA E A FETICEQ-FEDERAÇÃO DOS TRABALHADORES DAS INDÚSTRIAS CERÂMICA, VIDREIRA, EXTRACTIVA, ENERGIA E QUÍMICA E OUTRA-ALTERAÇÃO SALARIAL E OUTRAS;Contrato coletivo de trabalho;Nacional;2001;2001;3;3;2.26.1 2.32.0 5.473.0
5389;CCT- ENTRE A ASSOC. DOS COMERCIANTES DE CARNES DO CONCELHO DE LISBOA E OUTROS E O SIND. DOS TRAB. INDÚSTRIA E COMÉRCIO DO SUL E OUTROS;Contrato coletivo de trabalho;Concelhia;2000;2010;95;15;1.151.1 5.101.1 5.101.2 5.116.1 5.122.1 5.228.0 5.228.1 5.231.2 5.255.0 5.271.0 5.48.1 5.70.0 5.70.1 5.90.1 5.93.0
5399;CCT ENTRE A AIND - ASSOCIAÇÃO PORTUGUESA DE IMPRENSA E O SINDEQ  - SINDICATO DEMOCRÁTICO DA ENERGIA, QUÍMICA, TÊXTIL E INDÚSTRIAS DIVERSAS E OUTROS - ALTERAÇÃO SALARIAL E OUTRAS/TEXTO CONSOLIDADO;Contrato coletivo de trabalho;Nacional;2000;2010;38;7;1.360.2 1.385.2 2.26.1 2.26.2 2.32.0 5.139.0 5.139.1
5400;CCT-ENTRE A ARESP-ASSOC. DA RESTAURAÇÃO E SIMILARES DE PORTUGAL E A FETESE-FEDER. DOS SIND. DOS TRABALHADORES DE SERVIÇOS E OUTRO (CANTINAS, REFEITÓRIOS E FÁBRICAS DE REFEIÇÃO) ALTERAÇÃO SALARIAL;Contrato coletivo de trabalho;Nacional;1995;2003;19;7;1.361.1 1.361.2 1.84.1 2.26.0 2.26.1 5.135.1 5.508.0
5405;CCT ASSOC. IMPRENSA NÃO DIÁRIA / SIND. DOS TRABALHADORES DAS IND. DE CELULOSE, PAPEL, GRAFICA E IMPRENSA E OUTRAS;Contrato coletivo de trabalho;Nacional;2000;2007;38;6;1.143.1 1.502.0 2.15.2 2.6.4 5.139.0 5.139.1
5406;CCT GROQUIFAR-ASSOC.GROSSISTAS PROD.QUIMICOS FARMACÊU(SERV.DESINFESTAÇAO/APLICAÇAO DE PESTICIDAS) E FEQUIMETAL-FEDER.INTERS.METALURG. METALOM. MINAS QUIMICA,FARMAC.PETROLEO GAS-ALTER.SALARIAL E OUTRAS;Contrato coletivo de trabalho;Nacional;2000;2017;20;4;2.39.0 2.48.0 2.48.1 5.136.0
5407;CCT AECOPS E OUTRAS/FETESE E OUTROS;Contrato coletivo de trabalho;Continente;1995;1995;8;8;1.133.1 1.286.1 1.84.1 2.26.0 5.129.0 5.176.1 5.2.0 5.251.0
5408;CCT ASS.NAC.IND. ÁGUAS MINEROMEDIC. MESA, OUTRA/SIND.TRAB.IND.COM. BEBIDAS REG.NORTE CENTRO, OUTRA;Contrato coletivo de trabalho;Nacional;1995;2008;98;14;1.103.2 1.131.2 1.131.3 1.131.4 1.133.1 1.133.2 1.548.1 1.84.1 1.84.2 2.26.0 2.26.1 5.118.0 5.119.0 5.119.1
5409;APIM - ASSOCIAÇÃO PORUGUESA DAS INDÚSTRIAS DE MALHA E CONFECÇÃO E OUTRAS E O SITESC - SINDICATO DOS TRABALHADORES DE  ESCRITÓTIO, SERVIÇOS E COMÉRCIO;Contrato coletivo de trabalho;Nacional;1995;2002;27;5;1.133.1 5.102.1 5.103.0 5.161.1 5.362.1
5410;CCT ITA-ASS.PORT. IND.TRIPAS E AFINS / FSIABT-FED. SIND. TRAB. IND. ALIMENTAÇÃO, BEBIDAS E TABACOS;Contrato coletivo de trabalho;Nacional;1995;2003;14;3;2.29.4 2.40.0 5.312.0
5412;CCT ENTRE A ASSOCIAÇÃO PORTUGUESA DAS INDÚSTRIAS DE MALHA E CONFECÇÃO E OUTRAS E A FEPCES - FEDERAÇÃO PORTUGUESA DOS SINDICATOS DO COMÉRCIO, ESCRITÓRIOS E SERVIÇOS E OUTRA - ALTERAÇÃO SALARIAL E OUTRAS;Contrato coletivo de trabalho;Nacional;1995;2003;20;8;2.20.2 2.6.4 5.102.1 5.102.2 5.103.0 5.161.1 5.362.1 5.362.2
5416;CCT ENTRE A AIC-ASSOC. INDUSTRIAL DE CRISTALARIA E O CESP-SINDICATO DOS TRABALHADORES DO COMÉRCIO,ESCRITÓRIOS E SERVIÇOS DE PORTUGAL-ALTERAÇÃO SALARIAL E OUTRAS;Contrato coletivo de trabalho;Distrital;1995;2001;6;3;1.518.0 1.81.1 5.473.0
5418;CCT UNIÃO ASS. COMERCIANTES DISTRITO DE LISBOA E OUTRAS E A FETESE - FED. SIND. TRAB. ESCRITÓRIO E SERVIÇOS E OUTROS;Contrato coletivo de trabalho;Distrital;1995;2018;107;19;1.133.1 1.133.2 1.15.2 1.218.5 1.221.0 1.221.1 1.438.1 1.548.1 1.84.1 1.84.2 2.19.0 2.26.0 2.26.1 4.5.0 5.101.0 5.70.0 5.70.1 7.2.0 7.2.2
5420;ASSOCIAÇÃO PORTUGUESA DAS INDÚSTRIAS DE MALHA E CONFECÇÃO E OUTRAS E A FETESE - FEDERAÇÃO DOS SINDICATOS DOS TRABALHADORES DE ESCRITÓRIO ESERVIÇOS;Contrato coletivo de trabalho;Nacional;1995;2002;14;6;2.26.0 2.26.1 5.102.1 5.103.0 5.161.1 5.362.1
5421;CCT ENTRE A APS-ASSOC.PORTUGUESA DE SEGURADORES E O SEP-SIND. DOS ENFERMEIROS PORTUGUESAS E OUTROS-ALTERAÇÃO SAL. E OUTRAS;Contrato coletivo de trabalho;Nacional;2000;2003;16;6;1.157.2 1.225.1 1.225.2 1.233.0 1.233.1 5.448.0
5422;CCT APS - ASSOC. PORTUGUESA DE SEGURADORES/SIND. DOS TRABALHADORES DE SEGUROS DO SUL E REGIÕES AUTÓNOMAS E OUTROS;Contrato coletivo de trabalho;Nacional;1995;2009;59;6;1.187.0 1.187.1 1.454.0 1.85.2 1.85.3 5.448.0
5423;CCT ENTRE A APS-ASSOCIAÇÃO PORTUGUESA DE SEGURADORES E A FENSIQ-CONFEDERAÇÃO NACIONAL DE SINDICATOS DE QUADROS E OUTRO-ALTERAÇÃO SALARIAL E OUTRAS;Contrato coletivo de trabalho;Nacional;2000;2003;12;3;1.221.0 4.5.0 5.448.0
5424;CCT- ASSOC. COM. DOS CONCELHOS OEIRAS E AMADORA E OUTRAS E O CESL - SIND. DOS  TRAB. DO COM. ESCRIT. E SERV. E OUTROS;Contrato coletivo de trabalho;Distrital;1995;2003;113;28;1.143.0 1.143.1 1.150.2 1.152.1 1.152.2 1.194.1 1.194.2 1.213.0 1.213.1 1.287.1 1.287.2 1.394.0 1.518.0 2.10.3 2.29.4 2.40.0 2.6.4 5.115.1 5.116.1 5.122.1 5.122.2 5.26.1 5.26.2 5.35.0 5.48.0 5.48.1 5.90.0 5.90.1
5429;CCT ASSOCIAÇÃO PORTUGUESA DOS IND. DE CURTUMES E O DOS SIND.OPERÁRIOS DA IND.DE CURTUMES E OUTRO;Contrato coletivo de trabalho;Nacional;1995;2003;24;4;1.268.0 1.33.0 1.33.1 5.172.0
5431;CCT ASS. COMERCIAL E  INDUSTRIAL DE  BRAGANÇA E A FEPCES - FEDER. PORTUGUESA DOS  SIND. DO COMERCIO,  ESCRITÓRIOS E SERVIÇOS;Contrato coletivo de trabalho;Distrital;1995;2003;30;5;2.6.4 5.249.0 5.427.0 5.75.0 5.75.1
5432;CCT-ENTRE A ASSOC. PORTUGUESA DOS INDUSTRIAIS DE CURTUMES E O SIND. NACIONAL DOS OPERÁRIOS DA INDUSTRIA DE CURTUMES DO DIST. DE SANTARÉM (PRODUÇÃO E FUNÇÕES AUXILIARES);Contrato coletivo de trabalho;Nacional;1995;2003;24;4;1.165.0 2.20.1 2.20.2 5.172.0
5434;CCT - ENTRE A ASSOC. PORTUGUESA DOS INDUSTRIAIS DE CURTUMES E A FETICEQ - FEDER. DOS TRABALHADORES DA INDUSTRIA CERAMICA, VIDREIRA, EXTRACTIVA, ENERGIA E QUÍMICA (PRODUÇÃO E FUNÇÕES AUXILIARES);Contrato coletivo de trabalho;Nacional;1995;2003;16;2;2.32.0 5.172.0
5440;AE ENTRE A SAINT GOBAIN SEKURIT PORTUGAL, VIDRO AUTOMÓVEL, S.A. (SGSP) E A FEDERAÇÃO PORTUGUESA DOS SINDICATOS DA CONSTRUÇÃO, CERÂMICA E VIDRO - ALTERAÇÃO SALARIAL E OUTRAS.;Acordo de empresa;Distrital;2008;2008;1;1;2.46.0
5442;AE ENTRE OS CTT - CORREIOS DE PORTUGAL, SA E O SNTCT - SINDICATO NACIONAL DOS TRABALHADORES DOS CORREIOS E TELECOMUNICAÇÕES E OUTROS - ALTERAÇÃO SALARIAL E OUTRAS E TEXTO CONSOLIDADO;Acordo de empresa;Nacional;2004;2004;15;15;1.15.2 1.157.2 1.221.0 1.224.0 1.236.1 1.296.2 1.338.1 1.385.2 1.451.0 1.47.0 1.504.0 1.516.1 1.533.0 4.5.0 4.7.0
5444;CCT ENTRE A NORQUIFAR-ASSOC. DO NORTE DOS IMPORTADORES/ARMAZENISTAS DE PRODUTOS QUÍMICOS E FARMACÊUTICOS E O SINDICATO DOS TÉCNICOS DE VENDAS E OUTROS-ALTERAÇÃO SALARIAL E OUTRAS.;Contrato coletivo de trabalho;Nacional;2001;2026;121;19;1.133.1 1.133.2 1.133.3 1.133.4 1.360.2 1.360.3 1.548.1 1.84.1 1.84.2 2.15.2 2.26.1 2.32.0 2.47.0 2.50.0 2.6.4 4.9.1 4.9.2 5.195.1 5.195.2
5445;CCT ENTRE A  UNIÃO ASS. EMPRESARIAIS DA  REGIÃO DE LEIRIA E O CESP - SIND.TRABALHADORES DO COMÉRCIO ESCRITÓRIOS E SERVIÇOS DE PORTUGAL;Contrato coletivo de trabalho;Concelhia;1996;2009;47;12;1.518.0 1.81.1 5.131.1 5.155.2 5.213.0 5.222.0 5.226.2 5.305.2 5.504.0 5.564.0 7.7.0 7.7.1
5447;CCT ASS. NAC. DE OSTEOPATAS - SIMAC (SIND. NAC. MASSAGISTAS DE RECUPERAÇÃO E CINEOTERAPEUTAS;Contrato coletivo de trabalho;Nacional;1996;2010;21;3;1.420.1 5.496.0 5.496.1
5448;CCT FENAME - FEDER. NACIONAL DO METAL / FETESE - FEDER. DE SINDICATOS DE TRAB. DE SERVIÇOS  E OUTROS.;Contrato coletivo de trabalho;Nacional;1996;2003;39;7;1.361.1 1.84.1 1.84.2 2.26.0 2.26.1 5.156.2 6.8.0
5449;CCT FENAME - FEDER. NACIONAL DO METAL / SITESC - SIND. DOS TRAB. DE ESCRITÓRIO, SERVIÇOS E COMÉRCIO;Contrato coletivo de trabalho;Nacional;1996;2000;18;3;1.133.1 5.156.2 6.8.0
5450;CCT FENAME - FEDER. NACIONAL DO METAL / SIMA - SIND. DAS INDÚSTRIAS MTALÚRGICAS E AFINS;Contrato coletivo de trabalho;Nacional;1996;1997;6;2;1.346.0 6.8.0
5451;CCT ANIMEE - FABRICANTES DE MATERIA L  ELECTRICO / SIMA E OUTRO;Contrato coletivo de trabalho;Nacional;1996;2003;33;11;1.133.1 1.221.0 1.31.1 1.346.0 1.361.2 1.84.1 2.19.0 2.26.1 4.5.0 5.68.0 5.68.1
5452;CCT ASS. COMÉRCIO SERVIÇOS DO  DISTRITO DE SETÚBAL E OUTRA E O CES/SUL-SIND. TRAB. COMÉRCIO ESCRITÓRIOS E SERVIÇOS DO SUL OUTROS;Contrato coletivo de trabalho;Distrital;1996;2016;81;9;1.108.2 1.382.0 1.400.0 1.518.0 1.565.0 5.231.2 5.231.3 5.234.1 5.234.2
5453;ACT ENTRE LISBOAGÁS GDL - SOCIEDADE DISTRIBUIDORA DE GÁS  NATURAL DE LISBOA, SA E OUTRAS E A FETESE - FEDERAÇÃO DOS SIONDICATOS  DOS TRABALHADORES DE SERVIÇOS E OUTROS - ALTERAÇÃO SALARIAL E OUTRAS E TEXTO CONSOLIDADO;Acordo coletivo de trabalho;Nacional;2005;2005;15;15;1.133.2 1.143.1 1.144.1 1.15.2 1.157.2 1.221.1 1.296.2 1.361.2 1.458.0 1.502.0 2.26.1 2.32.0 2.39.0 2.6.4 4.5.0
5460;CCT ENTRE A APAN- ASSOCIAÇÃO DE AGENTES DE NAVEGAÇÃO E OUTRA E O SAP - SINDICATO DOS TRABALHADORES ADMINISTRATIVOS DA ACTIVIDADE PORTUÁRIA - ALTERAÇÃO SALARIAL E OUTRAS.;Contrato coletivo de trabalho;Nacional;2000;2005;16;5;1.334.0 5.210.2 5.328.1 5.328.2 5.63.2
5461;CCT - ENTRE A  ASS. COMERCIAL  DO  DISTRITO DE  BEJA E O CESSUL SIND.TRABALHADORES COMERCIO ESCRITÓRIO E SERVIÇOS DO SUL E OUTRO;Contrato coletivo de trabalho;Distrital;1996;2019;41;5;1.382.0 1.400.0 1.518.0 1.565.0 5.16.0
5462;AE ENTRE A ADP-ADUBOS DE PORTUGAL,SA E A FEQUIMETAL - FEDERAÇÃO INTERSINDICAL DA METALURGIA, METALOMECÂNICA, MINAS, QUÍMICA, FARMACÊUTICA, PETRÓLEO E GÁS E OUTROS - ALTERAÇÃO SALARIAL E OUTRAS;Acordo de empresa;Nacional;2005;2008;22;8;1.143.1 2.15.2 2.21.1 2.39.0 2.46.0 2.48.0 2.50.0 2.6.4
5468;CCT APEC - ASSOC. PORTUGUESA DE ESCOLAS DE CONDUÇAO E A FESTRU - FEDER.SIND. TRANSPORTES  RODOVIÁRIOS  E URBANOS;Contrato coletivo de trabalho;Nacional;2000;2017;15;3;2.15.2 2.50.0 5.463.0
5473;CCT ASSOC. DAS IND. MADEIRA E MOBILIARIO DE PORTUGAL E A FETICEQ-FED.TRAB. DAS IND. CERAMICA, VIDREIRA,EXTRACTIVA, ENERGIA E QUIMICA (FABRICAÇÃO DE VASSOURAS, ESCOVAS E PINCÉIS) - ALT.SAL.E OUTRAS;Contrato coletivo de trabalho;Continente;2000;2003;8;2;2.32.0 5.190.1
5475;AE ENTRE A MORAIS MATIAS, SA E A FEVICCOM - FEDERAÇÃO PORTUGUESA DOS SINDICATOS DA CONSTRUÇÃO, CERÂMICA E VIDRO - ALTERAÇÃO SALARIAL E OUTRAS.;Acordo de empresa;Distrital;2006;2019;12;1;2.46.0
5476;CCT ENTRE A APEB-ASSOCIAÇÃO PORTUGUESA DAS EMPRESAS DE BETÃO PRONTO E A FEDERAÇÃO DOS SINDICATOS DAS INDÚSTRIAS DE CERÂMICA, CIMENTO E VIDRO DE PORTUGAL E OUTROS-ALTERAÇÃO SALARIAL E OUTRAS;Contrato coletivo de trabalho;Nacional;2000;2002;21;14;1.104.2 1.129.1 1.133.1 1.221.0 1.286.2 1.296.1 1.84.1 2.12.2 2.15.2 2.26.1 2.32.0 2.6.4 4.5.0 5.392.0
5477;CCT APEB - ASSOC. EMPRESAS BETÃO PRONTO E A FETESE - FEDER. DOS SIND.TRABALHADORES  DE SERVIÇOS E OUTROS;Contrato coletivo de trabalho;Nacional;2000;2002;24;14;1.104.2 1.129.1 1.133.1 1.221.0 1.286.2 1.296.1 1.84.1 2.12.2 2.15.2 2.26.1 2.32.0 2.6.4 4.5.0 5.392.0
5482;CCT ASS. IND. ÁGUAS MINERO-MEDICINAIS E DE  MESA E  OUTRA E A FSIABT-FED.SIND. TRAB. IND. ALIMENTAÇÃO, BEBIDAS E TABACOS E OUTROS;Contrato coletivo de trabalho;Nacional;1997;2003;37;10;1.31.1 1.31.2 2.10.3 2.15.2 2.29.4 2.40.0 2.6.4 5.118.0 5.119.0 5.119.1
5484;CCT UNIÃO DAS ASS.DE COMERCIANTES DIST.LISBOA E OUT. E O CESL-SIND. DOS TRAB. DO COMÉRCIO, ESCRITÓRIOS E SERVIÇOS DO DISTRITO DE LISBOA E OUTROS;Contrato coletivo de trabalho;Distrital;1997;2011;121;24;1.143.1 1.150.1 1.150.2 1.152.0 1.152.1 1.152.2 1.194.1 1.194.3 1.213.0 1.213.1 1.287.2 1.394.0 1.518.0 1.565.0 2.10.3 2.29.2 2.29.4 2.40.0 2.40.1 2.6.4 5.70.0 5.70.1 7.2.0 7.2.2
5486;CCT - ASSOC. DOS AGRICULTORES DO BAIXO ALENTEJO E O SIND. NACIONAL DOS TRABALHADORES E TÉCNICOS DA AGRICULTURA, FLORESTAS E PECUÁRIA;Contrato coletivo de trabalho;Distrital;2000;2003;8;3;1.12.1 2.40.0 5.321.0
5487;CCT ENTRE A  ANAREC- ASSOCIAÇÃO NACIONAL DE REVENDEDORES COMBUSTÍVEIS E A FEQUIMETAL- FEDERAÇÃO INTERSINDICAL DA METALURGIA, METALOMECÂNICA , MINAS, QUÍMICA, FARMACÊUTICA, PETRÓLEO E GÁS - ALTERAÇÃO SALARIAL E OUTRAS.;Contrato coletivo de trabalho;Nacional;2006;2009;6;3;2.39.0 2.48.0 5.293.0
5488;CCT ASSOCIAÇÃO COMERCIAL DO DISTRITO DE ÉVORA E O CES/SUL - SIND. TRABALHADORES DO COMERCIO,  ESCRITÓRIOS E SERVIÇOS DO SUL E OUTROS;Contrato coletivo de trabalho;Distrital;1997;2018;69;9;1.144.1 1.382.0 1.388.0 1.400.0 1.518.0 1.565.0 1.593.0 5.47.0 5.47.1
5490;AE ENTRE A RÁDIO  RENASCENÇA, LDª.  E O SMAV - SINDICATO DOS MEIOS AUDIOVISUAIS - ALTERAÇÃO SALARIAL E OUTRAS .;Acordo de empresa;Nacional;2005;2005;1;1;1.440.1
5496;CCT ACRAL-ASS.COM.REGIÃO ALGARVE E OUTRA/FETESE-FED.SIND.TRAB ESCRITÓRIO E SERVIÇOS;Contrato coletivo de trabalho;Distrital;1997;2003;20;5;2.26.0 2.26.1 5.271.0 5.334.1 5.334.2
5497;CCT ACRAL-ASSO.COM.REGIÃO ALGARVE E OUTRA/CESSUL - SIND. TRAB. COM.ESCRIT.SERVIÇOS DO SUL E OUTROS;Contrato coletivo de trabalho;Distrital;1997;2018;116;9;1.144.1 1.242.0 1.400.0 1.518.0 1.56.0 1.565.0 5.271.0 5.334.1 5.334.2
5505;CCTV ENTRE A ACIRO-ASSOC.COM.IND.REGIÃO OESTE/CESL-SIND.TRAB.COM.ESCRIT.SERV.DIST.LISBOA E OUTROS;Contrato coletivo de trabalho;Concelhia;1997;2021;111;23;1.143.1 1.150.2 1.152.1 1.152.2 1.194.2 1.194.3 1.213.0 1.213.1 1.218.5 1.287.2 1.394.0 1.518.0 1.565.0 1.84.1 2.10.3 2.26.1 2.29.4 2.40.0 2.40.1 2.58.0 2.6.4 5.101.1 5.101.2
5506;CCT ENTRE A ACAP - ASS. DO COMÉRCIO AUTOMÓVEL DE PORTUGAL E OUTRAS E A FEPCES - FEDERAÇÃO PORTUGUESA DOS SINDICATOS DO COMÉRCIO, ESCRITÓRIOS E SERVIÇOS - ALTERAÇÃO SALARIAL E OUTRAS;Contrato coletivo de trabalho;Nacional;2000;2000;6;6;2.6.4 5.140.0 5.141.0 5.23.1 5.78.0 5.83.1
5507;ACT PORTLINE-TRANSP.MARÍTIMOS INTERNACIONAIS,SA E OUTRAS /SIND.TRAB.M. M.AGÊNCAS V. TRANS E PESCA;Acordo coletivo de trabalho;Pluridistrital;1998;2014;8;1;1.173.2
5509;CCT ADAPI-ASS.ARM.PESCAS IND./SIND.NAC.SECTOR PESCAS E OUTRO - PESCA DE PALANGRE DE SUPERFÍCIE;Contrato coletivo de trabalho;Nacional;1998;2001;6;4;1.277.2 1.5.4 1.5.5 5.5.0
5510;CONTRATO COLETIVO ENTRE A ASSOCIAÇAO DOS HOTEIS E EMPREENDIMENTOS TURISTICOS DO ALGARVE (AHETA) E O SINDICATO DOS TRABALHADORES E TECNICOS DE SERVIÇOS, COMERCIO, RESTAURAÇAO E TURISMO - SITESE - ALTERAÇAO SALARIAL E OUTRAS;Contrato coletivo de trabalho;Distrital;1998;2018;16;4;1.218.5 2.26.0 2.26.1 5.499.0
5514;ACT CATERAIR PORTUGAL, LD.ª, E OUTRA / FESHOT- FEDER. DOS SIND. DA HOTELARIA E TURISMO DE PORTUGAL E OUTRAS;Acordo coletivo de trabalho;Nacional;1998;1999;8;6;2.10.3 2.15.2 2.21.1 2.39.0 2.4.1 2.6.4
5515;CCT ENTRE A ANIPC - ASSOCIAÇÃO NACIONAL DOS INDUSTRIAIS DE PAPEL E CARTÃO E O SINDEGRAF - SINDICATO DEMOCRÁTICO DOS GRÁFICOS E AFINS - ALTERAÇÃO SALARIAL E OUTRAS.;Contrato coletivo de trabalho;Nacional;2000;2001;4;2;1.399.1 5.277.0
5516;CCT ENTRE A ACB -  ASSOC. COMERCIAL DE BRAGA E OUTRAS E O SITESC - SIND.TRABALHADORES DE ESCRITÓRIO, SERVIÇOS E COMÉRCIO E OUTRO;Contrato coletivo de trabalho;Distrital;1998;2026;115;16;1.133.1 1.133.2 1.177.2 1.177.3 1.282.3 1.518.0 5.159.1 5.160.0 5.160.1 5.160.2 5.163.1 5.174.1 5.174.2 5.217.2 5.217.3 5.482.0
5518;CCT ENTRE A ANIL-ASSOCIAÇÃO NACIONAL DOS INDUSTRIAIS DE LACTICINIOS E VÁRIAS COOPERATIVAS DE PRODUTORES DE LEITE E A FESAHT-FEDERAÇÃO DOS SINDICATOS DA ALIMENTAÇÃO, BEBIDAS, HOTELARIA E TURISMO DE PORTUGAL E OUTROS-ALTERAÇÃO SALARIAL E OUTRAS.;Contrato coletivo de trabalho;Nacional;2001;2001;6;6;1.31.2 2.15.2 2.21.1 2.39.0 2.40.0 5.44.2
5519;CCT-ENTRE A AIBA - ASSOC. DOS INDUSTRIAIS DE BOLACHAS E AFINS E A FETICEQ - FEDER. DOS TRABALHADORES DAS IND. CERÂMICA, VIDREIRA, EXTRACTIVA, ENERGIA E QUÍMICA (PESSOAL FABRIL E APOIO E MANUTENÇÃO);Contrato coletivo de trabalho;Nacional;2000;2003;8;2;2.32.0 5.484.0
5523;CCT ENTRE A AIBA - ASSOCIAÇÃO DOS IND. DE BOLACHAS E AFINS E A FESAHT - FED.  DOS SIND. DA ALIMENTAÇÃO, BEBIDAS, HOTELARIA E TURISMO DE PORTUGAL (PES. FABRIL E APOIO E MANUTENÇÃO) - ALT. SAL. E OUTRA.;Contrato coletivo de trabalho;Nacional;2000;2003;8;2;2.40.0 5.484.0
5524;CCT - ENTRE A ANIPC - ASSOCIAÇÃO NACIONAL DOS INDÚSTRIAIS DE PAPEL E CARTÃO E A FETESE - FEDERAÇÃO DOS SINDICATOS  DOS TRABALHADORES DE SERVIÇOS - ALTERAÇÃO SALARIAL;Contrato coletivo de trabalho;Nacional;2000;2001;4;2;2.26.1 5.277.0
5525;AE ENTRE A LUSOSIDER - AÇOS PLANOS, S.A. / FETESE - FEDER. SIND. TRABALHADORES DE ESCRITÓRIO E SERVIÇOS E OUTRO;Acordo de empresa;Nacional;1998;2003;10;5;1.346.0 1.361.1 1.361.2 2.26.0 2.26.1
5526;CCT ARESP - ASSOC. DA RESTAURAÇÃO E SIMILARES PORTUGAL E OUTRA / FESHOT - FEDER. DOS SIND. DA HOTELARIA E TURISMO DE PORTUGAL;Contrato coletivo de trabalho;Nacional;1998;2000;9;4;2.10.3 2.40.0 5.12.0 5.508.0
5527;AE ENTRE A PARMALAT PORTUGAL ¿ PRODUTOS ALIMENTARES, LD.ª E O SINQUIFA ¿ SINDICATO DOS TRABALHADORES DA QUÍMICA, FARMACÊUTICA, PETRÓLEO E GÁS DO CENTRO, SUL E ILHAS - ALTERAÇÃO SALARIAL E OUTRA.;Acordo de empresa;Concelhia;2008;2026;13;3;1.500.0 2.48.0 2.48.1
5530;CCT ENTRE A ACP -  ASSOCIAÇÃO COMERCIAL DE PORTALEGRE E OUTRA E A FETESE - FEDERAÇÃO DOS SINDICATOS DOS TRABALHADORES DE SERVIÇOS E OUTRO - ALTERAÇÃO SALARIAL E OUTRAS.;Contrato coletivo de trabalho;Distrital;1998;2016;50;11;1.518.0 2.26.0 2.26.1 2.26.2 2.26.3 2.26.4 5.227.0 5.227.1 5.227.2 5.506.0 5.77.1
5531;ACT ENTRE EMPRESAS ASSOCIADAS NA PROPEIXE OP -COOPERATIVA DE PRODUTORES DE PEIXE DO NORTE, C.R.L. E O SINDICATO DOS TRABALHADORES  DA PESCA DO NORTE (PESCA DO CERCO)-ALTERAÇÃO /TEXTO CONSOLIDADO;Acordo coletivo de trabalho;Pluridistrital;2005;2005;1;1;1.491.0
5533;CCT ENTRE A ASSOCIAÇÃO NACIONAL DOS INDUSTRIAIS DE PAPEL E CARTÃO E O SITESC - SINDICATO DOS TRABALHADORES DE ESCRITÓRIO, SERVIÇOS E COMÉRCIO - ALTERAÇÃO SALARIAL E OUTRAS.;Contrato coletivo de trabalho;Nacional;2001;2001;2;2;1.133.1 5.277.0
5535;CCT AIMMAP - ASSOC. DOS IND. METALÚRGICOS, METALOMECÂNICOS E AFINS DE PORTUGAL / SIMA - SIND. DAS IND. METALÚRGICAS E AFINS;Contrato coletivo de trabalho;Nacional;1998;2003;10;2;1.346.0 5.156.2
5536;CCT  UNIHSNOR - UNIÃO DAS  ASSOC. DA HOTELATIA E RESTAURAÇÃO DO NORTE DE PORTUGAL / FESHOT - FEDER. DOS SIND. DA HOTELARIA E TURISMO DE PORTUGAL E OUTROS;Contrato coletivo de trabalho;Pluridistrital;1998;2000;24;11;1.129.1 2.10.3 2.15.2 2.21.1 2.23.2 2.39.0 2.4.1 2.40.0 2.6.4 7.3.3 7.3.4
5539;CCT ASSOC.COMERCIANTES PORTOE OUTRAS/CESNORTE- SIND.TRAB.COMÉRCIO,ESCRIT.SERV.DO NORTE E OUTROS;Contrato coletivo de trabalho;Pluridistrital;1998;2003;90;29;1.133.1 1.143.1 1.208.2 1.49.1 1.84.1 1.84.2 2.26.0 2.26.1 2.6.4 5.180.0 5.186.1 5.187.1 5.187.2 5.189.1 5.192.1 5.192.2 5.193.0 5.194.1 5.197.1 5.197.2 5.209.1 5.212.1 5.250.1 5.357.0 5.46.1 5.49.0 5.87.0 5.98.1 7.8.1
5541;CCTASSOC. DAS INDÚSTRIAS DE MADEIRA E MOBILIÁRIO DE PORTUGAL E OUTRAS E O SETACCOP - SINDICATO DA CONSTRUÇÃO, OBRAS PÚBLICAS E SERVIÇOS AFINS E OUTROS - ALTERAÇÃO SALARIAL E OUTRAS;Contrato coletivo de trabalho;Continente;2000;2000;6;6;1.133.1 1.286.2 2.26.1 5.190.1 5.388.0 5.78.0
5542;CCT-  ARESP -ASSOC. DA RESTAURAÇÃO E SIMILARES DE PORTUGAL E A FESAHT - FEDER. DOS SIND. DA ALIMENTAÇÃO, BEBIDAS, HOTELARIA E TURISMO DE PORTUGAL E OUTROS (CANTINAS, REFEITÓRIOS E FÁB.REFEIÇÕES)-ALT.;Contrato coletivo de trabalho;Nacional;2000;2003;10;5;1.143.1 2.15.2 2.40.0 2.6.4 5.508.0
5546;CCT ENTRE A AEEP- ASSOCIAÇÃO DOS ESTABELECIMENTOS DO ENSINO PARTICULAR E COOPERATIVO E A FENPROF-FED. NAC. DOS PROFESSORES E OUTROS - ALT. SAL E OUTRAS;Contrato coletivo de trabalho;Nacional;2000;2000;13;13;1.118.1 1.12.1 1.122.1 1.152.2 1.157.2 1.248.3 1.287.1 2.15.2 2.21.1 2.33.0 2.40.0 2.6.4 5.223.2
5550;CCT ENTRE A ACAP-ASSOCIAÇÃO DO COMÉRCIO AUTOMÓVEL DE PORTUGAL OUTRAS E A FETESE - FEDERAÇÃO DOS SINDICATOS DOS TRABALHADORES DE SERVIÇOS E OUTRO - ALTERAÇÃO SALARIAL E OUTRAS;Contrato coletivo de trabalho;Nacional;1999;2001;12;7;1.84.1 2.26.1 5.140.0 5.141.0 5.23.1 5.78.0 5.83.1
5551;CCT ACAP-ASSOC. COMERCIO AUTOMOVEL DE PORTUGAL E OUTRAS / SITESC - SIND.TRAB. ESCRIT.SERV.E COMERCIO;Contrato coletivo de trabalho;Nacional;2000;2002;18;6;1.133.1 5.140.0 5.141.0 5.23.1 5.78.0 5.83.1
5552;CCT ENTRE A ASSOCIAÇÃO DAS EMPRESAS DE PRESTAÇÃO DE SERVIÇOS DE LIMPEZA E ACTIVIDADES SIMILARES E O SLEDA - SINDICATO LIVRE DOS TRABALHADORES DE SERVIÇOS DE LIMPEZA, PORTARIA, VIGILÂNCIA, MANUTENÇÃO, BENEFICÊNCIA, DOMÉSTICO E AFINS E OUTROS - ALTERAÇÃO SALARIAL E OUTRAS.;Contrato coletivo de trabalho;Nacional;2001;2001;5;5;1.133.1 1.300.2 1.84.1 2.26.1 5.274.0
5553;CCT ANIL-ASS.NAC.DOS IND.DE LACTICÍNIOS E VÁRIAS COOP.PROD.DE LEITE E O SIND.PROF.DE LACTICÍNIOS;Contrato coletivo de trabalho;Pluridistrital;1999;2002;8;3;1.138.0 1.138.1 5.44.2
5564;CCT ENTRE A  APROSE-ASSOCIAÇÃO PORTUGUESA DOS PRODUTORES PROFISSIONAIS DE SEGUROS E O SISEP-SINDICATO DOS PROFISSIONAIS DE SEGUROS DE PORTUGAL-ALTERAÇÃO SALARIAL E OUTRA;Contrato coletivo de trabalho;Nacional;2001;2009;23;3;1.454.0 1.85.3 5.273.1
5565;CCT AECOPS-ASSOC. EMPRESAS DE CONSTRUÇÃO E OBRAS  PÚBLICAS  E OUTRAS E A FEDER. NAC. SIND. CONSTRUÇÃO, MADEIRAS, MÁRMORES E MATERIAIS DE  CONSTRUÇÃO E OUTROS;Contrato coletivo de trabalho;Continente;1999;1999;13;13;1.129.1 1.143.1 1.157.2 2.10.3 2.15.1 2.21.1 2.23.2 2.39.0 2.6.4 5.129.1 5.176.1 5.2.0 5.251.0
5566;CCT AECOPS ASSOC DE EMPRESAS DE CONSTRUÇLÃO E OBRAS PÚBLICAS E OUTRAS RE A FETESE-FEDER. SIND.TRAB.SERVIÇOS E OUTROS;Contrato coletivo de trabalho;Continente;1999;1999;8;8;1.133.1 1.221.0 1.286.1 2.26.1 5.129.1 5.176.1 5.2.0 5.251.0
5567;CCT FENAME-FEDER.NACIONAL DO METAL E SQTD-SIND.DOS QUADROS E TÉCNICOS DE DESENHO;Contrato coletivo de trabalho;Nacional;1999;2002;6;2;1.143.1 6.8.0
5571;CCT ANACS-ASSOC.NAC.DE AGENTES E CORRETORES DE SEGUROS E O STAS-SINDICATO DOS TRABALHADORES DA ACTIVIDADE SEGURADORA-ALTERAÇÃO SALARIAL E OUTRAS;Contrato coletivo de trabalho;Nacional;2000;2001;4;3;1.85.2 1.85.3 5.477.0
5572;AE UNICER-UNIÃO CERVEJEIRA, SA /SIND.TRAB.IND.COMÉR. BEBIDAS REGIÃO NORTE E CENTRO E OUTROS;Acordo de empresa;Concelhia;1999;1999;5;5;1.103.2 1.131.2 1.133.1 1.31.1 1.84.1
5575;CCT ENTRE A ARESP- ASSOCIAÇÃO DA RESTAURAÇÃO E SIMILARES DE PORTUGAL E A FETESE- FEDERAÇÃO DOS SINDICATOS DOS TRABALHADORES DE SERVIÇOS- ALT. SAL. E OUTRAS.;Contrato coletivo de trabalho;Nacional;2000;2000;2;2;2.26.1 5.508.0
5577;AE ENTRE A TRANSTEJO - TRANSPORTES TEJO, SA E O SINDICATO DOS TRANSPORTES FLUVIAIS, COSTEIROS E DA MARINHA MERCANTE - ALTERAÇÃO SALARIAL E OUTRAS E TEXTO CONSOLIDADO.;Acordo de empresa;Concelhia;2007;2023;10;1;1.8.2
5578;ACORDO DE EMPRESA ENTRE A TRANSTEJO - TRANSPORTES TEJO, SA E O SIMAMEVIP - SINDICATO DOS TRABALHADORES DA MARINHA MERCANTE, AGENCIAS DE VIAGENS, TRANSITÁRIOS E PESCA - ALTERAÇÃO SALARIAL E OUTRAS E TEXTO CONSOLIDADO;Acordo de empresa;Distrital;2010;2020;6;1;1.173.2
5580;ACORDO DE EMPRESA ENTRE A TRANSTEJO - TRANSPORTES TEJO, SA  E O SITESE - SINDICATO DOS TRABALHADORES E TECNICOS DE SERVIÇOS, COMERCIO, RESTAURAÇAO E TURISMO - ALTERAÇAO E TEXTO CONSOLIDADO;Acordo de empresa;Concelhia;2007;2023;18;6;1.218.5 1.218.6 1.5.5 1.5.6 2.26.2 2.26.3
5582;AE ENTRE A COMPANHIA CARRIS DE FERRO DE LISBOA, SA E O SITRA - SINDICATO DOS TRABALHADORES DE TRANSPORTES E OUTRO - ALTERAÇÃO SALARIAL E OUTRAS;Acordo de empresa;Distrital;2008;2008;3;3;1.104.3 1.346.0 2.26.1
5583;AE ENTRE A COMPANHIA CARRIS DE FERRO DE LISBOA, SA E O SNM - SINDICATO NACIONAL DOS MOTORISTAS - ALTERAÇÃO SALARIAL E OUTRAS;Acordo de empresa;Distrital;2008;2008;1;1;1.427.0
5586;AE ENTRE A TAP - AIR PORTUGAL, SA E O SPAC - SINDICATO DOS PILOTOS DA AVIAÇÃO CIVIL - ALTERAÇÃO;Acordo de empresa;Nacional;2008;2008;1;1;1.320.0
5587;AE ENTRE A GESLOURES -GESTÃO DE EQUIPAMRNTOS SOCIAIS, E.M. E O CESP - SINDICATO DOS TRABALHADORES DO COMÉRCIO, ESCRITÓRIOS E SERVIÇOS DE PORTUGAL - ALTERAÇÃO SALARIAL E OUTRAS;Acordo de empresa;Concelhia;2002;2002;1;1;1.518.0
5588;AE INCM-IMPRENSA NACIONAL-CASA DA MOEDA,SA/SIND.DOS TRAB.DAS IND.DE CELULOSE, PAPEL E OUTROS;Acordo de empresa;Nacional;1999;2023;6;5;1.129.1 1.157.2 1.186.1 1.502.0 2.48.1
5589;ACORDO DE EMPRESA ENTRE A IMPRENSA NACIONAL - CASA DA MOEDA, S.A. E O SINDICATO DOS TRABALHADORES DO SETOR DE SERVIÇOS - SITESE - ALTERAÇAO SALARIAL E OUTRAS;Acordo de empresa;Nacional;1999;2023;2;2;1.218.6 2.26.1
5590;CCT ENTRE A ASSOCIAÇÃO DOS INDUSTRIAIS TRANSFORMADORES DE VIDRO PLANO DE PORTUGAL E A FETICEQ - FEDERAÇÃO DOS TRABALHADORES DAS INDÚSTRIAS CERÂMICA, VIDREIRA, EXTRACTIVA, ENERGIA E QUÍMICA E OUTROS - ALTERAÇÃO SALARIAL E OUTRAS;Contrato coletivo de trabalho;Nacional;2000;2004;18;7;1.133.1 1.548.1 1.84.1 1.84.2 2.26.1 2.32.0 5.261.1
5591;CCT ENTRE A LIGA PORTUGUESA DE FUTEBOL PROFISSIONAL E O SINDICATO DOS JOGADORES PROFISSIONAIS DE FUTEBOL - ALTERAÇÃO SALARIAL;Contrato coletivo de trabalho;Nacional;2009;2026;29;2;1.283.0 5.319.1
5592;AE HOSPITAL AMADORA SINTRA-SOCIEDADE GESTORA, SA/SINDICATO INDEPENDENTE DOS MÉDICOS- ALTERAÇÃO SALARIAL E OUTRAS.;Acordo de empresa;Concelhia;2005;2014;3;2;1.365.0 2.34.1
5595;CCT ENTRE A ANASE-ASSOCIAÇÃO NACIONAL DE SERVIÇOS DE LIMPEZA A SECO, LAVANDARIA E TINTURARIA E A FETESE-FEDERAÇÃO DOS SINDICATOS DOS TRABALHADORES DE SERVIÇOS E OUTRO-ALTERAÇÃOI SALARIAL E OUTRAS.;Contrato coletivo de trabalho;Nacional;1999;2003;10;3;1.133.1 2.26.1 5.517.0
5598;CCT ENTRE A ASSOCIAÇÃO NACIONAL DOS ÓPTICOS E A FEPCES - FEDERAÇÃO PORTUGUESA DOS SIND. DO COMÉRCO, ESCRITÓRIOS E SERVIÇOS E OUTROS - ALTERAÇÃO SALARIAL E OUTRAS.;Contrato coletivo de trabalho;Nacional;2001;2003;12;5;1.248.3 1.248.4 2.15.2 2.6.4 5.128.0
5600;AE ENTREANTÓNIO M.R.FERNANDES - DESPACHANTES OFICIAIS ASSOCIADOS, LDª E A FETESE - FEDERAÇÃO DOS SINDICATOS DOS TRABALHADORES DE SERVIÇOS E OUTRO ALTERAÇÃO SALARIAL.;Acordo de empresa;Nacional;2006;2009;6;2;1.28.1 2.26.1
5601;AE ENTRE RUI PEREIRA PATO - DESPACHANTES OFICIAIS, LDª E A FETESE- FEDERAÇÃO DOS SINDICATOS DOS TRABALHADORES DE SERVIÇOS E OUTRO -ALTERAÇÃO SALARIAL.;Acordo de empresa;Nacional;2006;2008;4;2;1.28.1 2.26.1
5603;CCT APICER - ASSOC. PORTUGUESA DA IND. DE CERÂMICA  E A FEPCES - FEDER. PORTUGUESA DOS SIND. DO COMÉRCIO,  ESCRITÓRIOS E SERVIÇOS E OUTRA (ADMINISTRATIVOS);Contrato coletivo de trabalho;Nacional;2000;2000;3;3;2.12.2 2.6.4 5.511.0
5604;CCT APICER - ASSOC. PORTUGUESA DA IND. DE CERÂMICA / FEDER. DOS SIND. DAS IND. DE CERÂMICA, CIMENTO E VIDRO DE PORTUGAL E OUTROS;Contrato coletivo de trabalho;Nacional;2000;2001;16;9;1.143.1 1.296.1 1.31.2 2.12.2 2.15.2 2.23.2 2.39.0 2.6.4 5.511.0
5605;CCT APICER - ASSOC. PORTUGUESA DA IND. CERÂMICA / FETICEQ - FEDER. DOS TRABALHADORES DAS IND. DE CERÂMICA, VIDREIRA, EXTRACTIVA, ENERGIA E QUIMICA;Contrato coletivo de trabalho;Nacional;2000;2003;6;2;2.32.0 5.511.0
5606;CCT ANACPA - ASSOC. NAC.  DE COMERCIANTES DE  PRODUTOS  ALIMENTARES / FETESE - FEDER. DOS SIND. DOS  TRABALHADORES  DE SERVIÇOS;Contrato coletivo de trabalho;Nacional;2000;2008;12;2;2.26.1 5.491.1
5607;CCT APICER - ASSOC.PORT.IND.CERAMICA /SITESC-SIND.TRAB.ESCRT.SERVIÇOS E COMERCIO  (ADM);Contrato coletivo de trabalho;Nacional;2000;2000;2;2;1.133.1 5.511.0
5608;CCT APICER-ASSOC.PORT.IND.CERAMICA/FETESE-FEDER. DOS SIND. DOS TRAB.SERVIÇOS E OUTRO (ADM);Contrato coletivo de trabalho;Nacional;2000;2000;2;2;2.26.1 5.511.0
5609;AE ENTRE A AIL - ASSOCIAÇÃO DOS INQUILINOS LISBONENSES E O CESP - SINDICATO DOS TRABALHADORES DO COMÉRCIO, ESCRITÓRIOS E SERVIÇOS DE PORTUGAL E OUTRA - ALTERAÇÃO SALARIAL E OUTRAS.;Acordo de empresa;Pluridistrital;2005;2013;11;2;1.518.0 2.26.1
5610;CCT ENTRE A ANIC- ASSOCIAÇÃO NACIONAL DOS INDUSTRIAIS DE CARNES E O SETAA - SINDICATO  DA AGRICULTURA, ALIMENTAÇÃO E FLORESTAS ¿ ALTERAÇÃO SALARIAL E OUTRAS.;Contrato coletivo de trabalho;Nacional;2000;2008;20;7;1.103.2 1.151.1 1.282.0 1.282.1 5.14.0 5.14.1 5.353.0
5611;CCT ASSOC. DOS EMPRESÁRIOS DE ESPECTÁCULOS E OUTRAS E O SIND. DOS MÚSICOS;Contrato coletivo de trabalho;Nacional;2000;2003;32;9;1.46.0 5.134.1 5.205.1 5.211.1 5.260.1 5.345.0 5.508.0 5.82.0 7.3.4
5612;CCT-AECOPS-ASSOC. DE EMPRESAS DE CONSTRUÇÃO E OBRAS PÙBLICAS E OUTRAS E A FETESE -FEDER. DOS SIND. DOS TRAB. DE SERVIÇOS E OUTROS;Contrato coletivo de trabalho;Continente;2000;2001;14;9;1.133.1 1.286.2 1.361.1 1.84.1 2.26.1 5.129.1 5.176.1 5.2.0 5.251.0
5613;CCT ENTRE A ASSOCIAÇÃO DOS INDUSTRIAIS DE OURIVESARIA E RELOJOARIA DO NORTE E OUTRA E O SINDICATO DOS TÉCNICOS DE VENDAS DO NORTE E CENTRO E OUTRO - ALTERAÇÃO SALARIAL E OUTRA E TEXTO CONSOLIDADO;Contrato coletivo de trabalho;Nacional;2000;2005;17;5;1.548.1 1.84.1 1.84.2 5.64.0 5.73.0
5614;CCT ENTRE A FAPEL - ASSOCIAÇÃO PORTUGUESA DOS FABRICANTES DE PAPEL E CARTÃO E A FETESE - FEDERAÇÃO DOS SIND. DOS TRABALHADORES DE SERVIÇOS E OUTROS.;Contrato coletivo de trabalho;Nacional;2000;2003;16;6;1.133.1 1.31.2 1.84.1 2.26.1 2.32.0 5.282.1
5616;CCT ENTRE A AHP-ASSOCIAÇÃO DOS HOTÉIS DE PORTUGAL E A FETESE-FEDERAÇÃO DOS SINDICATOS DOS TRABALHADORES DE SERVIÇOS.;Contrato coletivo de trabalho;Nacional;2000;2003;8;2;2.26.1 5.345.0
5618;AE ENTRE A EMEF - EMPRESA DE MANUTENÇÃO DE EQUIPAMENTO FERROVIÁRIO, SA E O SINDICATO NACIONAL DOS TRABALHADORES DO SECTOR FERROVIÁRIO - ALTERAÇÃO SALARIAL E OUTRAS E TEXTO CONSOLIDADO;Acordo de empresa;Nacional;2008;2008;1;1;1.525.0
5621;CCT - ENTRE A ASSOC. DOS INDUSTRIAIS DE VIDRO DE EMBALAGEM (AIVE) E A FEDER. DOS SIND. DAS INDUSTRIAS DE CERAMICA, CIMENTO E VIDRO DE PORTUGAL E OUTROS;Contrato coletivo de trabalho;Nacional;2000;2001;7;4;2.12.2 2.15.2 2.40.0 5.142.1
5622;CCT - ENTRE A LIGA PORTUGUESA DE FUTEBOL PROFISSIONAL E A FESAHT - FEDER. DOS SIND. DA ALIMENTAÇÃO, BEBIDAS, HOTELARIA E TURISMO DE PORTUGAL;Contrato coletivo de trabalho;Nacional;2000;2001;4;2;2.40.0 5.319.1
5623;CCT- ENTRE A LIGA PORTUGUESA DE FUTEBOL PROFISSIONAL E A FEPCES - FED.PORTUGUESA DOS SIND. DO COMÉRCIO, ESCRITÓRIOS E SERVIÇOS E OUTROS;Contrato coletivo de trabalho;Nacional;2000;2001;12;6;1.133.1 2.15.2 2.21.1 2.26.1 2.6.4 5.319.1
5624;ACT GATE GOURMET PORTUGAL-SERVIÇOS DE CATERING, LD.ª E OUTRA / FESAHT - FEDER. DOS SIND. DA ALIMENTAÇÃO , BEBIDAS, HOLTELARIA E TURISMO DE PORTUGAL E OUTRAS;Acordo coletivo de trabalho;Nacional;2000;2002;12;4;2.15.2 2.39.0 2.40.0 2.6.4
5627;AE ENTRE A REFER - REDE FERROVIÁRIA NACIONAL E.P. E O SINDICATO NACIONAL DOS TRABALHADORES DO SECTOR FERROVIÁRIO E OUTROS - ALTERAÇÃO SALARIAL E OUTRAS E TEXTO CONSOLIDADO;Acordo de empresa;Continente;2008;2011;33;18;1.103.2 1.143.1 1.15.2 1.221.1 1.224.0 1.296.3 1.338.3 1.367.2 1.396.0 1.396.2 1.397.1 1.404.1 1.436.1 1.511.1 1.525.0 1.530.0 1.544.0 1.569.0
5633;CCT - ENTRE A APIMINERAL - ASSOC. PORTUGUESA DA IND. MINERAL E A FETICEQ - FEDER. DOS TRABALHADORES DAS IND. CERAMICA, VIDREIRA, EXTRACTIVA, ENERGIA E QUÍMICA E OUTROS;Contrato coletivo de trabalho;Nacional;2000;2000;4;4;1.133.1 2.26.1 2.32.0 5.51.1
5634;CCT  ENTRE A FENAME - FEDER. NACIONAL DO METAL E A FEQUIMETAL - FEDER. INTERSINDICAL DA METALURGIA, METALOMECANICA, MINAS, QUÍMICA, FARMCÊUTICA, PETRÓLEO E GÁS E OUTROS;Contrato coletivo de trabalho;Nacional;2000;2000;14;14;1.129.1 1.157.2 1.19.1 1.31.2 1.44.3 1.502.0 2.15.2 2.21.1 2.23.2 2.33.0 2.39.0 2.40.0 2.6.4 6.8.0
5635;CCT - ENTRE A APFAO - ASSOC. PORTUGUESA DOS FORNECEDORES DE ARTIGOS DE ÓPTICA E A FEPCES - FEDER. PORTUGUESA DOS SIND. DO COMÉRCIO, ESCRITÓRIO E SERVIÇOS E OUTROS;Contrato coletivo de trabalho;Nacional;2000;2003;11;4;1.248.3 2.15.2 2.6.4 5.248.0
5636;CCT ENTRE A APED - ASSOCIAÇÃO PORTUGUESA DE EMPRESAS DE DISTRIBUIÇÃO E A FEPCES - FEDERAÇÃO PORTUGUESA DOS SINDICATOS DO COMÉRCIO ESCRITÓRIOS E SERVIÇOS E OUTROS;Contrato coletivo de trabalho;Nacional;2000;2004;19;7;1.133.1 1.143.1 2.15.2 2.26.1 2.40.0 2.6.4 5.347.1
5639;CCT ENTRE A ACIC - ASSOCIAÇÃO COMERCIAL E INDUSTRIAL DE COIMBRA E OUTRA E O CESP - SINDICATO DOS TRABALHADORES DO COMÉRCIO, ESCRITÓRIOS E SERVIÇOS DE PORTUGAL;Contrato coletivo de trabalho;Distrital;2000;2009;18;3;1.518.0 5.188.0 5.66.0
5640;CCT ENTRE A ASSOCIAÇÃO PORTUGUESA DE HOSPITALIZAÇÃO PRIVADA E A FESAHT - FEDERAÇÃO DOS SINDICATODS DA ALIMENTAÇÃO, BEBIDAS, HOTELARIA E TURISMO DE PORTUGAL E OUTROS.;Contrato coletivo de trabalho;Nacional;2000;2001;21;12;1.19.1 1.273.2 1.299.0 1.31.2 2.15.2 2.21.1 2.23.2 2.33.0 2.39.0 2.40.0 2.6.4 5.88.1
5643;CCT ENTRE A ANESUL - ASS. DOS AGENTES DE NAVEGAÇÃO E EMPRESAS OPERADORAS PORTUÁRIAS E O SINDICATO DOS TRABALHADORES DOS PORTOS DE SETUBAL E SESIMBRA;Contrato coletivo de trabalho;Concelhia;2000;2000;2;2;1.45.1 5.328.1
5646;CCT ENTRE A UIPSS - UNIÃO DAS INSTITUIÇÕES PARTICULARES DE SOLIDARIEDADE SOCIAL E A FENPROF - FEDERAÇÃO NACIONAL DOS PROFESSORES E OUTROS;Contrato coletivo de trabalho;Nacional;2001;2002;25;13;1.118.1 1.12.1 1.157.2 1.19.1 1.333.1 1.502.0 2.15.2 2.20.2 2.23.2 2.25.1 2.33.0 2.40.0 2.6.4
5647;CCT ENTRE A UNIÃO DAS ASSOCIAÇÕES DO COMÉRCIO RETALHISTA DO DISTRITO DE SANTARÉM E O CESP - SINDICATO DOS TRABALHADORES DO COMÉRCIO, ESCRITÓRIOS E SERVIÇOS DE PORTUGAL.;Contrato coletivo de trabalho;Distrital;2001;2005;10;3;1.518.0 7.9.0 7.9.1
5651;CCT -ENTRE A ASSOC. PORTUGUESA DOS INDUSTRIAIS DE FERRAGENS E OUTRA E O SITESC - SIND DOS TRABALHADORES DE ESCRITÓRIO SERVIÇOS E COMÉRCIO E OUTRO;Contrato coletivo de trabalho;Nacional;2001;2002;10;6;1.133.1 1.222.2 1.361.1 2.26.1 5.20.0 5.242.0
5653;AE ENTRE A PT COMUNICAÇÕES, SA E O SINDETELCO - SINDICATO DEMOCRÁTICO DOS TRABALHADORES DAS COMUNICAÇÕES E DOS MÉDIA E OUTROS - ALTERAÇÃO SALARIAL E OUTRAS;Acordo de empresa;Nacional;2004;2006;35;19;1.119.1 1.133.2 1.15.2 1.218.4 1.221.0 1.236.1 1.248.4 1.296.2 1.338.3 1.385.1 1.385.2 1.433.1 1.451.0 1.47.0 1.504.0 1.536.0 2.26.1 4.5.0 4.7.0
5655;AE ENTRE O ICP - INSTITUTO DAS COMUNICAÇÕES DE PORTUGAL E O SINDICATO NACIONAL DOS TRABALHADORES DAS TELECOMUNICAÇÕES E DO AUDIOVISUAL E OUTRO;Acordo de empresa;Nacional;2001;2001;2;2;1.385.1 1.504.0
5656;AE ENTRE O HOSPITAL DA CRUZ VERMELHA PORTUGUESA E A FESAHT - FEDERAÇÃO DOS SINDICATOS DA ALIMENTAÇÃO, BEBIDAS, HOTELARIA E TURISMO DE PORTUGAL E OUTRO.;Acordo de empresa;Nacional;2001;2001;2;2;1.157.2 2.40.0
5657;CCT ENTRE A ARNICA - ASSOC. REGIONAL DO NORTE DA IND. E COMÉRCIO ALIMENTAR E O SIND. NACIONAL DOS OPERÁRIOS CONFEITEIROS E OFÍCIOS CORRELATIVOS DO DISTRITO DO PORTO (PESSOAL FABRIL / NORTE);Contrato coletivo de trabalho;Pluridistrital;2001;2003;6;2;1.240.0 5.158.0
5658;"CCT ENTRE  A AEVP-ASSOCIAÇÃO DAS EMPRESAS DE VINHO DO PORTO E OUTRAS E O SITESC-SINDICATO DOS TRABALHADORES DE ESCRITÓRIOS, SERVIÇOS E
 COMÉRCIO E OUTROS (ADMINISTRATIVOS E VENDAS)";Contrato coletivo de trabalho;Nacional;2001;2003;21;10;1.131.3 1.131.4 1.133.1 1.548.0 1.84.1 1.84.2 2.26.1 5.308.3 5.331.0 5.42.1
5661;CCT ENTRE A AEVP-ASSOCIAÇÃO DAS EMPRESAS DE VINHO DO PORTO E OUTRAS E O SINDICATO NACIONAL DOS TRABALHADORES DA INDÚSTRIA E COMÉRCIO DE ALIMENTAÇÃO, BEBIDAS E AFINS E OUTROS (ARMAZÉNS);Contrato coletivo de trabalho;Nacional;2001;2003;15;6;1.131.3 1.131.4 1.31.2 5.308.3 5.331.0 5.42.1
5662;CCT ENTRE A AEVP - ASSOCIAÇÃO DAS EMPRESAS DE VINHO DO PORTO E OUTRAS E O SETAA -SINDICATO DA AGRICULTURA, ALIMENTAÇÃO E FLORESTAS (ARMAZÉNS);Contrato coletivo de trabalho;Nacional;2001;2003;12;4;1.103.2 5.308.3 5.331.0 5.42.1
5663;CCT ENTRE A AEVP-ASSOCIAÇÃO DAS EMPRESAS DE VINHO DO PORTO E OUTRAS E O SETAA -SINDICATO DA AGRICULTURA, ALIMENTAÇÃO E FLORESTAS (ADMINISTRATIVOS E VENDAS);Contrato coletivo de trabalho;Nacional;2001;2003;12;4;1.103.2 5.308.3 5.331.0 5.42.1
5665;CCT ENTRE A ARESP-ASSOCIAÇÃO DA RESTAURAÇÃO E SIMILARES DE PORTUGAL E OUTRA  E A FESAHT- FEDERAÇÃO DOS SINDICATOS DE ALIMENTAÇÃO, BEBIDAS, HOTELARIA E TURISMO DE PORTUGAL.;Contrato coletivo de trabalho;Nacional;2001;2003;8;3;2.40.0 5.12.0 5.508.0
5667;AE ENTRE A PORTUGÁLIA - COMPANHIA PORTUGUESA DE TRANSPORTES AÉREOS, SA E O SITAVA - SINDICATO OS TRABALHADORES DA AVIAÇÃO E AEROPORTOS - ALTERAÇÃO SALARIAL E OUTRAS E TEXTO CONSOLIDADO;Acordo de empresa;Nacional;2009;2021;4;1;1.372.0
5669;CCT-ENTRE A ANEFA-ASSOC. NACIONAL DE EMPRESAS FLORESTAIS, AGRÍCOLAS E DO AMBIENTE E O SETAA - SIND. DA AGRÍCULTURA, ALIMENTAÇÃO E FLORESTAS;Contrato coletivo de trabalho;Nacional;2001;2003;6;2;1.103.2 5.425.1
5670;CCT ENTRE A ASSOCIAÇÃO DAS INDÚSTRIAS DE MADEIRA E MOBILIÁRIO DE PORTUGAL E OUTRAS E O SETACCOP - SINDICATO DA CONSTRUÇÃO, OBRAS PÚBLICAS E SERVIÇOS AFINS E OUTROS.;Contrato coletivo de trabalho;Continente;2001;2003;19;8;1.133.1 1.286.2 1.84.1 2.26.1 5.190.1 5.388.0 5.78.0 5.92.0
5673;CCT ENTRE A ARESP - ASSOCIAÇÃO DA RESTAURAÇÃO E SIMILARES DE PORTUGAL E A FETESE - FEDERAÇÃO DOS SINDICATOS DOS TRABALHADORES DE SERVIÇOS;Contrato coletivo de trabalho;Nacional;2001;2003;6;2;2.26.1 5.508.0
5675;CCT ENTRE A FPAS- FEDERAÇÃO PORTUGUESA DE ASSOC. DE SUINICULTORES  E A FESAHT-FEDERAÇÃO DOS SINDICATOS DA ALIMENTAÇÃO, BEBIDAS, HOTELARIA E TURISMO DE PORTUGAL E OUTRO;Contrato coletivo de trabalho;Nacional;2001;2004;6;3;2.40.0 2.40.1 6.15.0
5677;CCT ENTRE A ASSOCIAÇÃO DOS AGRICULTORES DO CONCELHO DE VILA REAL E O SETAA- SINDICATO DA AGRICULTURA , ALIMENTAÇÃO, E FLORESTAS.;Contrato coletivo de trabalho;Concelhia;2001;2003;6;2;1.103.2 5.360.0
5678;CCT ENTRE A ASCOOP-ASSOCIAÇÃO DAS ADEGAS COOPERATIVAS DO CENTRO E SUL DE PORTUGAL E O SETAA - SINDICATO DA AGRICULTURA, ALIMENTAÇÃO E FLORESTAS.;Contrato coletivo de trabalho;Pluridistrital;2001;2008;12;3;1.103.2 1.133.2 5.358.0
5679;CCT ENTRE A APIMINERAL-ASSOC. PORTUGUESA DA IND. MINERAL E A FETICEQ - FEDER. DOS TRABALHADORES DAS IND. CERÂMICA, VIDREIRA, EXTRACTIVA,ENERGIA E QUÍMICA E OUTROS;Contrato coletivo de trabalho;Nacional;2001;2001;6;6;1.133.1 1.15.1 1.221.0 2.26.1 2.32.0 5.51.1
5680;CCT ENTRE A AEEP - ASSOC. DE ESTABELECIMENTOS DO ENSINO PARTICULAR E COOPERATIVO E A FENPROF - FEDER. NACIONAL DOS PROFESSORES E OUTROS;Contrato coletivo de trabalho;Nacional;2001;2001;12;12;1.118.1 1.12.1 1.152.2 1.157.2 1.248.3 1.287.2 2.15.2 2.21.1 2.33.0 2.40.0 2.6.4 5.223.2
5681;ACT ENTRE A SANTA CASA DA MISERICÓRDIA DE ABRANTES E OUTRAS E A FNE - FEDERAÇÃO NACIONAL DOS SINDICATOS DA EDUCAÇÃO E OUTROS - ALTERAÇÃO SALARIAL E OUTRAS;Acordo coletivo de trabalho;Nacional;2010;2010;11;11;1.103.2 1.104.3 1.133.2 1.225.2 1.300.2 1.363.0 1.368.2 1.377.2 1.393.1 2.26.1 2.31.1
5682;AE ENTRE A UNIÃO DAS MISERICÓRDIAS PORTUGUESAS (UMP) E A FNE - FEDERAÇÃO NACIONAL DOS SINDICATOS DA EDUCAÇÃO E OUTROS ¿ ALTERAÇÃO SALARIAL E OUTRAS.;Acordo de empresa;Nacional;2005;2023;36;22;1.103.2 1.104.3 1.122.1 1.133.2 1.157.2 1.19.1 1.225.2 1.300.2 1.310.2 1.313.1 1.324.2 1.333.2 1.363.0 1.368.2 1.377.2 1.393.1 2.25.1 2.26.1 2.31.1 2.33.0 2.40.0 2.6.4
5683;ACT ENTRE O BANCO COMERCIAL PORTUGUÊS, SA E OUTROS E O SINDICATO DOS BANCÁRIOS DO NORTE E OUTROS;Acordo coletivo de trabalho;Nacional;2001;2019;22;4;1.110.0 1.209.0 1.57.0 2.51.0
5685;AE ENTRE A PORTUCEL VIANA - EMPRESA PRODUTORA DE PAPEIS INDUSTRIAIS S.A. E O SINDEQ - SINDICATO DEMOCRÁTICO DA ENERGIA, QUÍMICA, TÊXTEIS E INDÚSTRIAS DIVERSAS  E OUTROS - ALTERAÇÃO SALARIAL E OUTRAS/TEXTO CNSOLIDADO;Acordo de empresa;Distrital;2009;2009;3;3;1.360.2 1.5.5 2.26.1
5686;ACORDO DE EMPRESA ENTRE A EUROPA&C KRAFT VIANA, SA E O SITE - NORTE - SINDICATO DOS TRABALHADORES DAS INDÚSTRIAS TRANSFORMADORAS ENERGIA E ACTIVIDADES DO AMBIENTE DO NORTE E OUTROS - ALTERAÇÃO SALARIAL E OUTRAS.;Acordo de empresa;Distrital;2007;2025;24;10;1.17.1 1.31.2 1.502.0 1.518.0 1.592.0 2.15.2 2.21.1 2.39.0 2.48.0 2.6.4
5687;CCT- ENTRE A APEMI-ASSOC. PORTUGUESA DE EMPRESAS DE MEDIAÇÃO IMOBILIÁRIA E O SITESC - SIND. DOS TRABALHADORES DE ESCRITÓRIO, SERVIÇOS E COMÉRCIO;Contrato coletivo de trabalho;Nacional;2002;2003;6;4;1.133.1 2.26.1 5.314.0 5.416.1
5690;CCT-ENTRE A AIMMAP-ASSOC. DOS INDUSTRIAIS METALÚRGICOS, METALOMECÂNICOS E AFINS DE PORTUGAL E A FEQUIMETAL-FEDER. INTERSINDICAL DA METALURGIA, METALOMECÂNICA, MINAS, QUÍMICA, FARMACÊUTICA, PETRÓLEO E GÁS E OUTROS;Contrato coletivo de trabalho;Nacional;2002;2003;29;15;1.119.1 1.129.1 1.157.2 1.19.1 1.31.2 1.44.3 1.502.0 2.15.2 2.21.1 2.23.2 2.33.0 2.39.0 2.40.0 2.6.4 5.156.2
5691;AE ENTREO METROPOLITANO DE LISBOA, E.P. E A FESTRU - FEDERAÇÃO DOS SINDICATOS DE TRANSPORTES RODOVIÁRIOS E URBANOS E OUTROS - ALTERÇÃO SALARIAL E OUTRAS E TEXTO CONSOLIDADO.;Acordo de empresa;Distrital;2005;2005;8;8;1.104.2 1.143.1 1.157.2 1.402.0 1.477.0 2.15.2 2.26.1 2.6.4
5692;CCT-ENTRE A AIMMAP-ASSOC. DOS INDUSTRIAIS METALÚRGICOS, METALOMECÂNICOS E AFINS DE PORTUGAL E O SINDEL-SIND. NACIONAL DA IND. E DA ENERGIA;Contrato coletivo de trabalho;Nacional;2002;2003;4;3;1.361.1 1.361.2 5.156.2
5693;CCT-ENTRE A AECOPS - ASSOC. DE EMPRESAS DE CONSTRUÇÃO E OBRAS PÚBLICAS E OUTRAS E O SETACCOP-SIND. DA CONSTRUÇÃO, OBRAS PÚBLICAS E SERVIÇOS AFINS E OUTRO;Contrato coletivo de trabalho;Continente;2002;2002;6;6;1.15.1 1.286.2 5.129.1 5.176.1 5.2.0 5.251.0
5694;CCT-ENTRE A AECOPS-ASSOC. DE EMPRESAS DE CONSTRUÇÃO E OBRAS PÚBLICAS E OUTRAS E A FEDER. NACIONAL DOS SIND. DA CONSTRUÇÃO, MADEIRAS, MÁRMORES E MATERIAIS DE CONSTRUÇÃO E OUTROS - ALTERAÇÃO;Contrato coletivo de trabalho;Continente;2002;2002;12;12;1.143.1 1.157.2 2.15.2 2.21.1 2.23.2 2.39.0 2.40.0 2.6.4 5.129.1 5.176.1 5.2.0 5.251.0
5695;CCT ENTRE A ANIECA - ASSOCIAÇÃO NACIONAL DOS INDUSTRIAIS DO ENSINO DE CONDUÇÃO AUTOMÓVEL E O SITRA - SINDICATO DOS TRABALHADORES DOS TRANSPORTES RODOVIÁRIOS E AFINS;Contrato coletivo de trabalho;Nacional;2002;2003;4;2;1.104.2 5.34.0
5697;CCT ENTRE A ASSOCIAÇÃO DOS INDUSTRIAIS DE OURIVESARIA DO SUL E O SIMA - SINDICATO DAS INDUSTRIAS METALÚRGICAS E AFINS - ALTERAÇÃO SALARIAL E OUTRAS;Contrato coletivo de trabalho;Pluridistrital;2002;2010;20;5;1.346.0 2.39.0 2.48.0 5.64.0 5.64.1
5698;AE ENTRE A IOLA - INDÚSTRIA DE ÓPTICA, SA E A FEVICCOM -  FEDERAÇÃO DOS SINDICATOS DAS INDÚSTRIAS DE CERÂMICA, CIMENTO E VIDRO  - ALTERAÇÃO SALARIAL E OUTRAS;Acordo de empresa;Pluridistrital;2005;2005;1;1;2.46.0
5702;CCT ENTRE A ANCAVE ASSOCIAÇÃO NACIONAL DOS CENTROS DE ABATE  E INDÚSTRIAS TRANSFORMADORAS DE CARNE DE AVES E O SETAA - SINDICATO DA AGRICULTURA, ALIMENTAÇÃO E FLORESTAS.-ALTERAÇÃO SALARIAL E OUTRAS;Contrato coletivo de trabalho;Nacional;2003;2008;12;2;1.103.2 5.278.1
5711;CCT ENTRE A ANIL - ASSOCIAÇÃO DOS INDUSTRIAIS DE LACTICÍNIOS E VÁRIAS  COOPERATIVAS DE PRODUTORES DE LEITE E O SETAA - SINDICATO DA AGRICULTURA,  ALIMENTAÇÃO E FLORESTAS - ALTERAÇÃO SALARIAL E OUTRAS;Contrato coletivo de trabalho;Nacional;2003;2003;2;2;1.103.2 5.44.2
5712;CCT ENTRE A FENAME- FEDERAÇÃO NACIONAL DO METAL E O SINDEL- SINDICATO DA INDÚSTRIA E DA ENERGIA;Contrato coletivo de trabalho;Nacional;2002;2002;2;2;1.361.1 6.8.0
5713;ACT ENTRE A ASSOCIAÇÃO DE BENEFICIÁRIOS DO MIRA E OUTRAS E O SETAA-SINDICATO DA AGRICULTURA, ALIMENTAÇÃO E FLORESTAS.;Acordo coletivo de trabalho;Nacional;2002;2002;1;1;1.103.2
5714;CCT ENTRE A ASSOCIAÇÃO PORTUGUESA DE RADIODIFUSÃO - APR E O SINDICATO DOS JORNALISTAS;Contrato coletivo de trabalho;Nacional;2002;2006;8;2;1.11.0 5.502.0
5715;CCT ENTRE A UNIHSNOR - UNIÃO DAS ASSOCIAÇÕES DA HOTELARIA E RESTAURAÇÃO DO NORTE DE PORTUGAL E A FESAHT - FEDERAÇÃO DOS SINDICATOS DA ALIMENTAÇÃO, BEBIDAS, HOTELARIA E TURISMO DE PORTUGAL E OUTROS.;Contrato coletivo de trabalho;Pluridistrital;2002;2003;16;8;1.129.1 2.15.2 2.21.1 2.23.2 2.39.0 2.40.0 2.6.4 7.3.4
5716;CCT ASSOCIAÇÃO DOS INDUSTRIAIS DE OURIVESARIA E RELOJOARIA DO NORTE E OUTRAS/SINDEL - SINDICATO NACIONAL DA INDÚSTRIA E ENERGIA;Contrato coletivo de trabalho;Pluridistrital;2002;2005;15;6;1.361.2 5.192.1 5.192.2 5.228.1 5.73.0 5.93.0
5717;AE ENTRE A PORT'AMBIENTE - TRATAMENTO DE RESÍDUOS INDUSTRIAIS, SA E O SIFOMATE - SINDICATO DOS FOGUEIROS, ENERGIA E INDÚSTRIAS TRANSFORMADORAS - ALTERAÇÃO SALARIAL E OUTRAS E TEXTO CONSOLIDADO;Acordo de empresa;Nacional;2004;2018;5;1;1.31.2
5718;CCT ASSOC. DOS AGRICULTORES DO DISTRITO DE ÉVORA E OUTRAS/SETAA - SIND. DA AGRICULTURA, ALIMENTAÇÃO E FLORESTAS;Contrato coletivo de trabalho;Pluridistrital;2002;2009;20;4;1.103.2 5.318.0 5.391.0 5.435.0
5719;CCT ENTRE A UNIHSNOR - UNIÃO DAS ASSOCIAÇÕES DE HOTELARIA E RESTAURAÇÃO DO NORTE DE PORTUGAL E A FETESE - FEDERAÇÃO DOS SINDICATOS DOS TRABALHADORES DE SERVIÇOS. - ALTERAÇÃO SALARIAL E OUTRAS.;Contrato coletivo de trabalho;Pluridistrital;2002;2004;4;3;2.26.0 2.26.1 7.3.4
5722;AE ENTRE A COVILIS ¿ COMPANHIA DO VIDRO DE LISBOA UNIPESSOAL, LDA E A FEVICCOM ¿ FEDERAÇÃO PORTUGUESA DOS SINDICATOS DA CONSTRUÇÃO, CERÂMICA E VIDRO ¿ ALTERAÇÃO SALARIAL E OUTRAS.;Acordo de empresa;Distrital;2005;2005;1;1;2.46.0
5723;CCT ENTRE A ASSOCIAÇÃO DAS INDÚSTRIAS DE MADEIRA E MOBILIÁRIO DE PORTUGAL E A FEDERAÇÃO NACIONAL DOS SINDICATOS DA CONSTRUÇÃO, MADEIRAS MÁRMORES E MATERIAIS DE CONSTRUÇÃO E OUTROS.;Contrato coletivo de trabalho;Continente;2002;2002;11;11;1.143.1 1.157.2 2.15.2 2.21.1 2.23.2 2.39.0 2.6.4 5.190.1 5.388.0 5.78.0 5.92.0
5724;ACT ENTRE O BANCO COMERCIAL PORTUGUÊS, SA E OUTROS E O SINDICATO NACIONAL DOS QUADROS E TÉCNICOS BANCÁRIOS E OUTRO - ALTERAÇÃO SALARIAL E OUTRAS E TEXTO CONSOLIDADO;Acordo coletivo de trabalho;Nacional;2005;2020;11;3;1.417.0 1.524.0 2.43.0
5728;CCT ASSOCIAÇÃO NACIONAL DOS INDUSTRIAIS DE PAPEL E CARTÃO/SINDEGRAF - SINDICATO DEMOCRÁTICO DOS GRÁFICOS, PAPEL E AFINS;Contrato coletivo de trabalho;Nacional;2002;2002;2;2;1.399.1 5.277.1
5733;CCT ENTRE A ANIMEE - ASSOCIAÇÃO NACIONAL DOS INDUSTRIAIS DE MATERIAL ELÉCTRICO E ELECTRÓNICO E A FETESE - FEDERAÇÃO DOS SINDICATOS DOS TRABALHADORES DE SERVIÇOS E OUTROS.;Contrato coletivo de trabalho;Nacional;2002;2002;6;6;1.221.0 1.361.2 1.84.1 2.26.1 4.5.0 5.68.0
5734;CCT ENTRE A LIGA PORTUGUESA DE FUTEBOL PROFISSIONAL E A FESAHT-FEDERAÇÃO DOS SINDICATOS DA ALIMENTAÇÃO, BEBIDAS, HOTELARIA E TURISMO DE PORTUGAL;Contrato coletivo de trabalho;Nacional;2002;2002;2;2;2.40.0 5.319.1
5735;CCT ENTRE A LIGA PORTUGUESA DE FUTEBOL PROFISSIONAL E A FEPCES-FEDERAÇÃO PORTUGUESA DOS SINDICATOS DO COMÉRCIO, ESCRITÓRIOS E          SERVIÇOS E OUTROS.;Contrato coletivo de trabalho;Nacional;2002;2002;6;6;1.133.1 2.15.2 2.21.1 2.26.1 2.6.4 5.319.1
5736;CCT ENTRE A APIMINERAL-ASSOCIAÇÃO PORTUGUESA DA INDÚSTRIA MINERAL E A FETICEQ-FEDERAÇÃO DOS TRABALHADORES DAS INDÚSTRIAS CERÂMICA,VIDREIRA,EXTRACTIVA, ENERGIA E QUÍMICA E OUTROS.;Contrato coletivo de trabalho;Nacional;2002;2002;6;6;1.133.1 1.15.1 1.221.0 2.26.1 2.32.0 5.51.1
5738;AE ENTRE A PORTUCEL - EMPRESA PRODUTORA DE PASTA E PAPEL, SA E A FIEQUIMETAL - FEDERAÇÃO INTERSINDICAL DAS INDÚSTRIAS METALÚRGICA, QUÍMICA, FARMACÊUTICA, ELÉCTRICA, ENERGIA E MINAS E OUTROS - ALTERAÇÃO SALARIAL E OUTRAS;Acordo de empresa;Continente;2008;2008;8;8;1.143.1 1.157.2 1.31.2 2.40.1 2.46.0 2.48.0 2.50.0 2.6.4
5741;CCT ENTRE A ACCA - ASSOCIAÇÃO NACIONAL DE COLÉGIOS COM CONTRATO DE ASSOCIAÇÃO E A FNE - FEDERAÇÃO NACIONAL DOS SINDICATOS DA EDUCAÇÃO E OUTROS.;Contrato coletivo de trabalho;Nacional;2002;2002;9;9;1.103.2 1.104.2 1.133.1 1.225.2 1.300.2 1.368.1 2.26.1 2.31.1 5.545.0
5742;CCT ENTRE A ANIPC - ASSOCIAÇÃO NACIONAL DOS INDUSTRIAIS DE PAPEL E CARTÃO E A FETESE - FEDERAÇÃO DOS SINDICATOS DOS TRABALHADORES DE SERVIÇOS E OUTROS.;Contrato coletivo de trabalho;Nacional;2002;2002;2;2;2.26.1 5.277.1
5749;CCT ENTRE A AECOPS - ASSOCIAÇÃO DE EMPRESAS DE CONSTRUÇÃO E OBRAS PÚBLICAS E OUTRAS E A FETESE FEDERAÇÃO DOS SINDICATOS DOS TRABALHADORES DE SERVIÇOS E OUTROS.;Contrato coletivo de trabalho;Continente;2003;2003;10;10;1.133.1 1.15.1 1.286.2 1.361.2 1.84.1 2.26.1 5.129.1 5.176.1 5.2.0 5.251.0
5750;CCT ENTRE A ANIECA - ASSOCIAÇÃO NACIONAL DOS INDUSTRIAIS DO ENSINO DE CONDUÇÃO AUTOMÓVEL E A FETESE - FEDERAÇÃO DOS SINDICATOS DOS TRABALHADORES DE SERVIÇOS.;Contrato coletivo de trabalho;Nacional;2003;2003;2;2;2.26.1 5.34.0
5752;CCT ENTRE A ANIL - ASSOCIAÇÃO DOS INDUSTRIAIS DE LACTICÍNIOS E VÁRIAS COOPERATIVAS DE PRODUTORES DE LEITE E O SINDICATO DOS PROFISSIONAIS DE LACTICÍNIOS, ALIMENTAÇÃO, AGRICULTURA, ESCRITÓRIOS, COMÉRCIO, SERVIÇOS, TRANSPORTES RODOVIÁRIOS, METALOMECÂNICA, METALURGIA, CONSTRUÇÃO CIVIL E MADEIRAS;Contrato coletivo de trabalho;Pluridistrital;2003;2003;2;2;1.138.1 5.44.2
5754;CCT ENTRE A APEB - ASSOCIAÇÃO DAS EMPRESAS DE BETÃO PRONTO E A FEDERAÇÃO DOS SINDICATOS DAS INDÚSTRIAS DE CERÂMICA, CIMENTO E VIDRO DE PORTUGAL E OUTROS;Contrato coletivo de trabalho;Nacional;2003;2003;6;6;1.129.1 1.296.2 2.12.2 2.15.2 2.6.4 5.392.0
5755;CCT ENTRE A APEB - ASSOCIAÇÃO DAS EMPRESAS DE BETÃO PRONTO E A FETESE - FEDERAÇÃO DOS SINDICATOS DOS TRABALHADORES DE SERVIÇOS E OUTROS;Contrato coletivo de trabalho;Nacional;2003;2003;9;9;1.104.2 1.133.1 1.221.0 1.286.2 1.84.2 2.26.1 2.32.0 4.5.0 5.392.0
5758;CCT ENTRE A ACDV - ASSOCIAÇÃO COMERCIAL DO DISTRITO DE VISEU E O CESP - SINDICATO DOS TRABALHADORES DO COMÉRCIO, ESCRITÓRIOS E SERVIÇOS DE PORTUGAL;Contrato coletivo de trabalho;Distrital;2003;2006;10;4;1.518.0 5.181.1 5.181.2 5.192.2
5759;CCT-ENTRE A FENAME-FEDER. NACIONAL DO METAL E A FETESE-FEDER. DOS SIND. DOS TRABALHADORES DE SERVIÇOS E OUTROS;Contrato coletivo de trabalho;Nacional;2003;2003;4;4;1.133.1 1.361.2 2.26.1 6.8.0
5762;CCT ENTRE A ASSOCIAÇÃO DOS ARMADORES DSE TRÁFEGO FLUVIAL E O SINDICATO DOS TRANSPORTES FLUVIAIS, COSTEIROS E DA MARINHA MERCANTE E OUTROS;Contrato coletivo de trabalho;Continente;2003;2003;4;4;1.173.2 1.5.5 1.8.2 5.4.0
5764;ACT ENTRE A PORTUCEL TEJO - EMPRESA DE CELULOSE DO TEJO, SA,E OUTRA  E A FETESE - FEDERAÇÃO DOS SINDICATOS DOS TRABALHADORES DE SERVIÇOS E OUTROS - ALTERASÇÃO SALARIAL E OUTRAS.;Acordo coletivo de trabalho;Continente;2004;2006;15;8;1.133.1 1.133.2 1.15.1 1.15.2 1.221.0 1.5.5 2.26.1 2.32.0
5765;CCT ENTRE A ANCIPA - ASSOCIAÇÃO NACIONAL DE COMERCIANTES E INDUSTRIAIS DE PRODUTOS ALIMENTARES E A FESAHT - FEDERAÇÃO DOS SINDICATOS DA ALIMENTAÇÃO, BEBIDAS, HOTELARIA E TURISMO DE PORTUGAL (PASTELARIA, CONFEITARIA E CONSERVAÇÃO DE FRUTA - PESSOAL FABRIL);Contrato coletivo de trabalho;Nacional;2003;2006;8;3;2.40.0 2.40.1 5.12.0
5766;CCT ENTRE A ACAP - ASSOCIAÇÃO DO COMÉRCIO AUTOMÓVEL DE PORTUGAL E OUTRAS E A FETESE - FEDERAÇÃO DOS SINDICATOS DOS TRABALHADORES DE SERVIÇOS E OUTROS.;Contrato coletivo de trabalho;Nacional;2003;2003;8;8;1.361.2 1.84.1 2.26.1 5.140.0 5.141.0 5.23.1 5.78.0 5.83.1
5767;CCT ENTRE A ACAP - ASSOCIAÇÃO DO COMÉRCIO AUTOMÓVEL DE PORTUGAL E OUTRAS  E O SITESC - SINDICATO DOS TRABALHADORES DE ESCRITÓRIO, SERVIÇOS E COMÉRCIO.;Contrato coletivo de trabalho;Nacional;2003;2003;6;6;1.133.1 5.140.0 5.141.0 5.23.1 5.78.0 5.83.1
5770;AE ENTRE A VARZIM SOL - TURISMO, JOGO E ANIMAÇÃO, SA E O SINDICATO DOS TRABALHADORES DA INDÚSTRIA DE HOTELARIA, TURISMO, RESTAURANTES E SIMILARES DO NORTE - ALTERAÇÃO SALARIAL E OUTRAS/TEXTO CONSOLIDADO;Acordo de empresa;Concelhia;2007;2008;2;1;1.380.0
5772;ACT CIMIANTO - SOCIEDADE TÉCNICA DE HIDRÁULICA, SA E OUTRA E A FEDERAÇÃO DOS SINDICATOS DAS INDÚSTRIAS DE CERAMICA, CIMENTO E VIDRO DE PORTUGAL E OUTROS;Acordo coletivo de trabalho;Nacional;2003;2003;6;6;1.129.1 1.143.1 2.12.2 2.15.2 2.23.2 2.39.0
5773;AE ENTRE A CAIXA GERAL DE DEPÓSITOS, SA E O SINDICATO DOS BANCÁRIOS DO CENTRO E OUTROS;Acordo de empresa;Nacional;2003;2011;10;4;1.110.0 1.209.0 1.57.0 2.51.0
5776;CCT ENTRE A AEVP - ASSOCIAÇÃO DAS EMPRESAS DE VINHO DO PORTO E OUTRAS E A FEPCES - FED. PORT. SIND. COMÉRCIO, ESCRITÓRIOS E SERVIÇOS E OUTRA(ARMAZÉNS);Contrato coletivo de trabalho;Nacional;2003;2003;5;5;2.40.0 2.6.4 5.308.3 5.331.0 5.42.1
5777;CCT ENTRE A AEVP - ASSOCIAÇÃO DAS EMPRESAS  DE VINHO DO PORTO E OUTRAS E A FEPCES - FED.PORT. SIND .COMÉRCIO, ESCRITÓRIOS E SERVIÇOS E OUTRA (ADMINISTRATIVOS E VENDAS);Contrato coletivo de trabalho;Nacional;2003;2003;5;5;2.40.0 2.6.4 5.308.3 5.331.0 5.42.1
5778;AE ENTRE O HOSPITAL DA CRUZ VERMELHA PORTUGUESA E A FESAHT-FEDERAÇÃO DOS SINDICATOS DA ALIMENTAÇÃO, BEBIDAS, HOTELARIA E TURISMO DE PORTUGAL E OUTROS.;Acordo de empresa;Nacional;2003;2008;6;4;1.157.2 1.19.1 2.40.0 2.40.1
5782;CCT ENTRE A LIGA PORTUGUESA DE FUTEBOL PROFISSIONAL E A FESAHT - FEDERAÇÃO DOS SINDICATOS DA ALIMENTAÇÃO, BEBIDAS, HOTELARIA E TURISMO DE PORTUGAL;Contrato coletivo de trabalho;Nacional;2003;2003;2;2;2.40.0 5.319.1
5784;AE ENTRE O CCCA - CLUBE DE CAMPISMO DO CONCELHO DE ALMADA E O CESP - SINDICATO DOS TRABALHADORES DO COMÉRCIO, ESCRITÓRIOS E SERVIÇOS DE PORTUGAL - ALTERAÇÃO SALARIAL E OUTRA.;Acordo de empresa;Concelhia;2006;2007;2;1;1.518.0
5785;CCT APIMINERAL - ASSOCIAÇÃO PORTUGUESA DA INDÚSTRIA MINERAL E A FETICEQ - FEDERAÇÃO DOS TRABALHADORES DAS INDÚSTRIAS CERÂMICA, VIDREIRA, EXTRACTIVA, ENERGIA E QUÍMICA E OUTROS;Contrato coletivo de trabalho;Nacional;2003;2003;6;6;1.133.1 1.15.1 1.221.0 2.26.1 2.32.0 5.51.1
5786;CCT ENTRE A AEEP- ASSOCIAÇÃO DOS ESTABELECIMENTOS DE ENSINO PARTICULAR E COOPERATIVO E O SINAPE -SINDICATO NACIONAL DOS PROFISSIONAIS DA EDUCAÇÃO.;Contrato coletivo de trabalho;Nacional;2003;2003;2;2;1.377.2 5.223.2
5787;CCT  ENTRE A ASSOCIAÇÃO COMERCIAL E EMPREASARIAL DOS CONCELHOS DE OEIRAS E AMADORA E OUTRAS  E A FETESE - FEDERAÇÃO DOS SINDICATOS DOS TRABALHADORES DE SERVIÇOS E OUTROS;Contrato coletivo de trabalho;Distrital;2003;2003;7;7;2.26.1 5.115.1 5.116.1 5.122.2 5.26.2 5.48.1 5.90.1
5788;CCT ENTRE A LIGA PORTUGUESA DE FUTEBOL PROFISSIONAL E A FEPCES - FEDERAÇÃO PORTUGUESA DOS SINDICATOS DO COMÉRCIO, ESCRITÓRIOS E SERVIÇOS E OUTROS;Contrato coletivo de trabalho;Nacional;2003;2003;6;6;1.133.1 2.15.2 2.21.1 2.26.1 2.6.4 5.319.1
5789;ACT ENTRE VÁRIAS CAIXAS DE CRÉDITO AGRÍCOLA MÚTUO E O SINDICATO DOS BANCÁRIOS DO NORTE E OUTROS - ALTERAÇÃO SALARIAL E OUTRAS E TEXTO CONSOLIDADO;Acordo coletivo de trabalho;Nacional;2005;2011;12;4;1.110.0 1.209.0 1.57.0 2.51.0
5791;AE ENTRE O HOSPITAL AMADORA SINTRA - SOCIEDADE GESTORA SA E A FESAHT - FEDERAÇÃO DOS SINDICATOS DA AGRICULTURA , ALIMENTAÇÃO, BEBIDAS, HOTELARIA E TURISMO DE PORTUGAL E OUTROS - ALTERAÇÃO SALARIAL E OUTRAS;Acordo de empresa;Concelhia;2008;2008;4;4;1.157.2 1.273.2 1.299.0 2.40.1
5792;CCT ENTRE A ASSOCIAÇÃO PORTUGUESA DE EMPRESAS CINEMATOGRÁFICAS E O SINTTAV - SINDICATO NACIONAL DOS TRABALHADORES DAS TELECOMUNICAÇÕES E AUDIOVISUAL.;Contrato coletivo de trabalho;Nacional;2003;2025;24;2;1.504.0 5.110.0
5793;CCT ENTRE A ASSOCIAÇÃO PORTUGUESA DE EMPRESAS CINEMATOGRÁFICAS E A FETESE - FEDERAÇÃO DOS SINDICATOS DOS TRABALHADORES DE SERVIÇOS.;Contrato coletivo de trabalho;Nacional;2003;2006;8;2;2.26.1 5.110.0
5795;CCT ENTRE A ANASE - ASSOCIAÇÃO NACIONAL DE SERVIÇOS DE LIMPEZA A SECO, LAVANDARIA E TINTURARIA E A FETESE -  FEDERAÇÃO DOS SINDICATOS DOS TRABALHADORES DE SERVIÇOS - ALTERAÇÃO SALARIAL E OUTRAS.;Contrato coletivo de trabalho;Nacional;2004;2012;19;6;1.133.2 2.26.1 2.26.3 5.517.0 5.517.1 5.517.2
5796;AE ENTRE A PSA - SINES TERMINAIS DE CONTENTORES, SA,  E O SINDICATO XXI - ASSOCIAÇÃO SINDICAL DOS TRABALHADORES ADMINISTRATIVOS, TÉCNICOS E OPERADORES DOS TERMINAIS DE CARGA CONTENTORIZADA DO PORTO DE SINES;Acordo de empresa;Concelhia;2004;2004;1;1;1.553.0
5797;ACT ENTRE A DOURO ACIMA-TRANSPORTES, TURISMO E RESTAURAÇÃO, LDª E OUTRAS E A FESMAR-FEDERAÇÃO DE SINDICATOS DOS TRABALHADORES DO MAR E OUTRA;Acordo coletivo de trabalho;Nacional;2004;2010;6;3;2.26.1 2.26.2 2.36.0
5798;AE ENTRE A NAVEGAÇÃO AÉREA DE PORTUGAL - NAV  PORTUGAL, EPE E O SINCTA - SINDICATO DOS CONTROLADORES DE TRÁFEGO AÉREO;Acordo de empresa;Nacional;2004;2004;1;1;1.383.0
5799;ACT ENTRE A CAIMA - INDÚSTRIA DE CELULOSE, SA, E OUTRA E O SINDICATO DOS TRABALHADORES DAS INDÚSTRIAS DE CELULOSE, PAPEL, GRÁFICA E IMPRENSA E OUTROS - REVISÃO GLOBAL.;Acordo coletivo de trabalho;Nacional;2004;2004;8;8;1.143.1 1.502.0 1.518.0 2.15.2 2.21.1 2.23.2 2.39.0 2.40.0
5800;ACT ENTRE A CAIMA - INDÚSTRIA DE CELULOSE, SA, E OUTRA E A FETESE - FEDERAÇÃO DOS SINDICATOS DOS TRABALHADORES DE SERVIÇOS E OUTROS - REVISÃO GLOBAL.;Acordo coletivo de trabalho;Nacional;2004;2004;3;3;1.5.5 2.26.1 2.32.0
5801;AE ENTRE A EMPRESA TRIPUL - SOCIEDADE DE GESTÃO DE  NAVIOS, LDª E A FESMAR -FEDERAÇÃO DE SINDICATOS DOS TRABALHADORES DO MAR;Acordo de empresa;Nacional;2004;2009;6;1;2.36.0
5802;CCT ENTRE A AIND - ASSOCIAÇÃO PORTUGUESA DE  IMPRENSA  E O SINDICATO DOS JORNALISTAS - REVISÃO GLOBAL.;Contrato coletivo de trabalho;Nacional;2004;2004;2;2;1.11.0 5.139.1
5803;ACT ENTRE A EMPRESA DE NAVEGAÇÃO MADEIRENSE, LDª.  E OUTRAS E A FESMAR - FEDERAÇÃO DE SINDICATOS DOS TRABALHADORES DO MAR  E OUTRA- REVISÃO GLOBAL.;Acordo coletivo de trabalho;Nacional;2004;2026;20;1;2.36.0
5804;AE ENTRE A  EMPRESA PORTO SANTO LINE - TRANSPORTES MARÍTIMOS, LDª E A FESMAR -FEDERAÇÃO DE SINDICATOS DOS TRABALHADORES DO MAR.;Acordo de empresa;Nacional;2004;2018;15;1;2.36.0
5805;AE ENTRE A VIDRARTE - ARMANDO BARBOSA & CARNEIRO, LDA, E A FETICEQ - FEDERAÇÃO DOS TRABALHADORES DAS INDÚSTRIAS CERAMICA, VIDREIRA, EXTRACTIVA, ENERGIA E QUÍMICA - REVISÃO GLOBAL;Acordo de empresa;Nacional;2004;2008;3;1;2.32.0
5806;ACT ENTRE A BRISA, AUTO-ESTRADAS DE PORTUGAL,SA E OUTRAS E O SETACCOP - SINDICATO DA CONSTRUÇÃO, OBRAS PÚBLICAS E SERVIÇOS  AFINS E OUTROS - REVISÃO GLOBAL.;Acordo coletivo de trabalho;Continente;2004;2004;8;8;1.143.1 1.286.2 2.15.2 2.21.1 2.23.2 2.26.1 2.39.0 2.6.4
5807;CCT ENTRE A ASSOCIAÇÃO DOS AGRICULTORES DOS CONCELHOS DE ABRANTES, CONSTÂNCIA, SARDOAL E MAÇÃO E A FESAHT - FEDERAÇÃO DOS SINDICATOS DA ALIMENTAÇÃO, BEBIDAS, HOTELARIA E TURISMO DE PORTUGAL E OUTROS - ALTERAÇÃO SALARIAL E OUTRAS.;Contrato coletivo de trabalho;Distrital;2005;2006;12;6;1.144.1 1.394.0 1.532.0 2.40.1 2.46.0 5.406.0
5808;CCT ENTRE A ASSOCIAÇÃO DOS AGRICULTORES DO BAIXO ALENTEJO E A FESAHT - FEDERAÇÃO DOS SINDICATOS DA AGRICULTURA, ALIMENTAÇÃO, BEBIDAS, HOTELARIA E TURISMO DE PORTUGAL - ALTERAÇÃO SALARIAL E OUTRAS.;Contrato coletivo de trabalho;Distrital;2006;2006;2;2;2.40.0 5.321.0
5809;AE ENTRE A VIAMAR - SOCIEDADE DE VIAGENS PENICHE - BERLENGA, LDª, E O SINDICATO DOS TRANSPORTES FLUVIAIS, COSTEIROS E DA MARINHA MERCANTE - ALTERAÇÃO SALARIAL E OUTRAS.;Acordo de empresa;Concelhia;2005;2005;1;1;1.8.2
5810;CCT-ENTRE A ARESP-ASSOC. DA RESTAURAÇÃO E SIMILARES DE PORTUGAL E A FETESE-FEDERAÇÃO DOS SINDICATOS DOS TRABALHADORES DE SERVIÇOS E OUTRO (CANTINAS, REFEITÓRIOS E FÁBRICAS DE REFEIÇÃO).-REVISÃO GLOBAL.;Contrato coletivo de trabalho;Nacional;2004;2010;18;5;1.361.2 2.26.1 2.26.2 5.508.0 5.508.1
5811;CCT ENTRE A ASSOCIAÇÃO COMERCIAL E INDUSTRIAL DO CONCELHO DO FUNDÃO E OUTRA E A CGSI- CONFEDERAÇÃO GERAL DOS SINDICATOS INDEPENDENTES E OUTRO (TELETRABALHO);Contrato coletivo de trabalho;Concelhia;2004;2004;3;3;1.516.1 4.6.0 5.225.1
5812;CCT ENTRE A ASSOCIAÇÃO DOS AGRICULTORES DO CONCELHO DE VILA REAL E A FESAHT - FEDERAÇÃO DOS SINDICATOS DA AGRICULTURA, ALIMENTAÇÃO, BEBIDAS, HOTELARIA E TURISMO DE PORTUGAL - ALTERAÇÃO SALARIAL E OUTRAS.;Contrato coletivo de trabalho;Concelhia;2006;2006;2;2;2.40.1 5.360.0
5813;CONTRATO COLETIVO ENTRE A NORQUIFAR - ASSOCIAÇÃO NACIONAL DOS IMPORTADORES/ARMAZENISTAS E RETALHISTAS DE PRODUTOS QUÍMICOS E FARMACÊUTICOS E O SINDEQ - SINDICATO DEMOCRÁTICO DA ENERGIA, QUÍMICA, TÊXTIL E INDÚSTRIAS DIVERSAS - ALTERAÇÃO SALARIAL E OUTRAS;Contrato coletivo de trabalho;Nacional;2004;2026;48;8;1.360.2 1.360.3 2.32.0 2.47.0 4.9.1 4.9.2 5.195.1 5.195.2
5814;ACT ENTRE A DOURO AZUL - SOCIEDADE MARÍTIMO - TURÍSTICA, LDª. E OUTRA E A FESMAR  - FEDERAÇÃO DE SINDICATOS DOS TRABALHADORES DO MAR E OUTRA - REVISÃO GROBAL.;Acordo coletivo de trabalho;Nacional;2004;2005;4;2;2.26.1 2.36.0
5815;AE ENTRE A AC, ÁGUAS DE COIMBRA, EM, E O SINTAP - SINDICATO DOS TRABALHADORES DA  ADMINISTRAÇÃO PÚBLICA - ALTERAÇÃO SALARIAL E OUTRAS.;Acordo de empresa;Concelhia;2006;2018;4;2;1.363.0 1.363.1
5816;CCT ENTRE A AIBA - ASSOCIAÇÃO DOS INDUSTRIAIS DE BOLACHAS E AFINS E A FESAHT - FEDERAÇÃO DOS SINDICATOS DA ALIMENTAÇÃO, BEBIDAS, HOTELARIA E TURISMO DE PORTUGAL (PESSOAL FABRIL, DE APOIO E MANUTANÇÃO) - REVISÃO GLOBAL.;Contrato coletivo de trabalho;Nacional;2004;2005;4;2;2.40.0 5.484.0
5817;CCT ENTRE A AES - ASSOCIAÇÃO DAS EMPRESAS DE SEGURANÇA E OUTRA E O STAD - SINDICATO DOS TRABALHADORES DE SERVIÇOS DE PORTARIA, VIGILÂNCIA, LIMPEZA, DOMÉSTICAS E ACTIVIDADES DIVERSAS E OUTROS - REVISÃO GLOBAL;Contrato coletivo de trabalho;Nacional;2004;2011;31;11;1.152.2 1.248.3 2.15.2 2.21.1 2.39.0 2.48.0 2.50.0 2.6.4 5.439.0 5.439.1 5.440.0
5820;AE ENTRE A PORTUCEL - EMPRESA PRODUTORA DE PASTA E PAPEL,SA E A FETESE - FEDERAÇÃO DOS SINDICATOS DOS TRABALHADORES DE SERVIÇOS E OUTROS - ALTERAÇÃO SALARIAL E OUTRAS/ TEXTO CONSOLIDADO.;Acordo de empresa;Continente;2005;2008;20;10;1.133.1 1.133.2 1.15.2 1.221.1 1.360.2 1.385.2 1.5.3 1.5.5 2.26.1 2.32.0
5821;CCT ENTRE A ASSOCIAÇÃO PORTUGUESA DE RADIODIFUSÃO -APR E O STT - SINDICATO DOS TRABALHADORES DAS TELECOMUNICAÇÕES E COMUNICAÇÃO AUDIOVISUAL E OUTRO;Contrato coletivo de trabalho;Nacional;2004;2006;12;4;1.119.1 1.440.1 1.504.0 5.502.0
5822;ACT ENTRE A LOCAPOR - COMPANHIA PORTUGUESA DE LOCAÇÃO FINANCEIRA MOBILIÁRIA, SA E OUTRAS E O STEC - SINDICATO DOS TRABALHADORES DAS EMPRESAS DO GRUPO CAIXA GERAL DE DEPÓSITOS;Acordo coletivo de trabalho;Nacional;2004;2016;5;1;1.537.0
5823;CCT ENTRE A AIBA - ASSOCIAÇÃO DOS INDUSTRIAIS DE BOLACHAS E AFINS E A FETICEQ - FEDERAÇÃO DOS TRABALHADORES DAS INDÚSTRIAS CERÂMICA, VIDREIRA, EXTRACTIVA, ENERGIA E QUÍMICA (PESSOAL FABRIL, DE APOIO E MANUTENÇÃO) - REVISÃO GLOBAL;Contrato coletivo de trabalho;Nacional;2004;2005;4;2;2.32.0 5.484.0
5824;CCT  ENTRE A ARESP - ASSOCIAÇÃO DA RESTAURAÇÃO E SILMILARES DE PORTUGAL E A  FESAHT - FEDERAÇÃO DOS SINDICATOS DA ALIMENTAÇÃO, BEBIDAS, HOTELARIA E TURISMO DE PORTUGAL - REVISÃO GLOBAL.;Contrato coletivo de trabalho;Nacional;2004;2008;8;3;2.40.0 2.40.1 5.508.0
5825;ACT ENTRE A LOCAPOR - COMPANHIA PORTUGUESA DE LOCAÇÃO FINANCEIRA MOBILIÁRIA, SA E OUTRAS E O SINDICATO DOS BANCÁRIOS DO NORTE BE OUTROS;Acordo coletivo de trabalho;Nacional;2004;2009;9;3;1.110.0 1.209.0 1.57.0
5826;"CCT ENTRE A ASSOCIAÇÃO DAS INDÚSTRIAS DE MADEIRA E MOBILIÁRIO
 DE PORTUGAL E OUTRAS E O SETACCOP - SINDICATO DA CONSTRUÇÃO, OBRAS PÚBLICAS E SERVIÇOS AFINS E OUTROS - REVISÃO GLOBAL.";Contrato coletivo de trabalho;Nacional;2004;2007;24;7;1.133.1 1.286.2 2.26.1 5.190.1 5.388.0 5.78.0 5.92.0
5827;CCT ENTRE A ASSOCIAÇÃO NACIONAL DOS INDUSTRIAIS DE PAPEL E CARTÃO E O SINDETELCO - SINDICATO DEMOCRÁTICO DOS TRABALHADORES DAS COMUNICAÇÕES E DOS MÉDIA E OUTRA - REVISÃO GLOBAL.;Contrato coletivo de trabalho;Nacional;2004;2004;3;3;1.385.2 2.26.1 5.277.0
5828;CCT ENTRE A ASSOCIAÇÃO DOS INDUSTRIAIS DE PRÓTESE E O SINDICATO DOS TÉCNICOS DE PRÓTESE DENTÁRIA - REVISÃO GLOBAL;Contrato coletivo de trabalho;Nacional;2004;2007;8;3;1.160.0 5.178.2 5.178.3
5829;CCT ENTRE A AHP - ASSOCIAÇÃO DOS HOTÉIS DE PORTUGAL E A FETESE - FEDERAÇÃO DOS SINDICATOS DOS TRABALÇHADORTES DE SERVIÇOS - REVISÃO GLOBAL.;Contrato coletivo de trabalho;Pluridistrital;2004;2005;4;2;2.26.1 5.345.0
5830;CCT ENTRE A AEEP -ASSOCIAÇÃO DOS ESTABELECIMENTOS DE ENSINO PARTICULAR E COOPERATIVO E A FNE - FEDERAÇÃO NACIONAL DOS SINDICATOS DA EDUCAÇÃO E OUTROS  - REVISÃO GLOBAL.;Contrato coletivo de trabalho;Nacional;2004;2004;10;10;1.103.2 1.104.2 1.133.1 1.225.2 1.300.2 1.368.2 1.393.1 2.26.1 2.31.1 5.223.2
5831;AE ENTRE A SOCIEDADE NORTENHA DE GESTÃO DE BINGOS,SA E A FETESE - FEDERAÇÃO DOS SINDICATOS DOS TRABALHADORES DE SERVIÇOS - ALTERAÇÃO SALARIAL E OUTRAS;Acordo de empresa;Nacional;2004;2006;3;2;2.26.0 2.26.1
5832;AE ENTRE A SOCIEDADE NORTENHA DE GESTÃO DE BINGOS, SA  E O SINDICATO DOS TRABALHADORES DA INDÚSTRIA DE HOTELARIA, TURISMO, RESTAURANTES E SIMILARES DO NORTE - REVISÃO GLOBAL;Acordo de empresa;Pluridistrital;2004;2006;3;1;1.380.0
5833;CCT ENTRE A AEEP - ASSOCIAÇÃO DOS ESTABELECIMENTOS DE ENSINO PARTICULAR E COOPERATIVO E A FENPROF- FEDERAÇÃO NACIONAL DOS PROFESSORES E OUTROS - REVISÃO GLOBAL.;Contrato coletivo de trabalho;Nacional;2004;2004;10;10;1.118.1 1.122.1 1.152.2 1.157.2 1.287.2 2.15.2 2.21.1 2.33.0 2.6.4 5.223.2
5834;CCT ENTRE A AIBA - ASSOCIAÇÃO DOS INDUSTRIAIS DE BOLACHAS E AFINS E A FETESE - FEDERAÇÃO DOS SINDICATOS DOS TRABALHADORES DE SERVIÇOS E OUTROS (ADMINISTRATIVOS) - REVISÃO GLOBAL;Contrato coletivo de trabalho;Nacional;2004;2008;17;8;1.133.1 1.133.2 2.26.1 2.32.0 2.40.0 2.40.1 2.6.4 5.484.0
5835;CCT ENTRE A ASIMPALA - ASSOC.  DOS INDUSTRIAIS DE PANIFICAÇÃO DO ALTO ALENTEJO E OUTRA E A FESAHT - FEDER. DOS SIND. DA ALIMENTAÇÃO, BEBIDAS, HOTELARIA E TURISMO DE PORTUGAL E OUTRAS ( FABRICO, EXPEDIÇÃO E VENDA, APOIO À MANUTENÇÃO - SUL) - REVISÃO GLOBAL;Contrato coletivo de trabalho;Pluridistrital;2004;2009;27;9;2.21.1 2.23.2 2.39.0 2.40.0 2.40.1 2.46.0 2.48.0 5.253.0 5.330.0
5836;AE ENTRE A OGMA - INDÚSTRIA AERONÁUTICA DE PORTUGAL SA E O SITAVA - SINDICATO DOS TRABALHADORES DA AVIAÇÃO E AEROPORTOS;Acordo de empresa;Nacional;2004;2004;1;1;1.372.0
5837;AE ENTRE A VALORSUL - VALORIZAÇÃO E TRATAMENTO DE RESÍDUOS SÓLIDOS DA ÁREA METROPOLITANA DE LISBOA (NORTE), SA E O SINQUIFA - SINDICATO DOS TRABALHADORES DA QUÍMICA, FARMACÊUTICA, PETRÓLEO E GÁS DO CENTRO, SUL E ILHAS - REVISÃO GLOBAL;Acordo de empresa;Nacional;2004;2004;1;1;1.500.0
5838;CCT ENTRE A ANIA - ASSOCIAÇÃO NACIONAL DOS INDUSTRIAIS DE ARROZ E OUTRAS E A  FETESE - FEDERAÇÃO DOS SINDICATOS DOS TRABALHADORES DE SERVIÇOS E OUTROS - (ADMINISTRATIVOS). REVISÃO GLOBAL.;Contrato coletivo de trabalho;Nacional;2004;2009;45;11;1.133.2 1.360.2 2.26.1 2.32.0 2.40.1 2.6.4 5.11.0 5.446.1 5.485.0 5.485.1 5.65.0
5839;ACT ENTRE A CIMIANTO ¿ SOCIEDADE TÉCNICA HIDRÁULICA, SA E OUTRA E A FETESE ¿ FEDERAÇÃO DOS SINDICATOS DOS TRABALHADORES DE SERVIÇOS E OUTROS ¿ ALTERAÇÃO SALARIAL E OUTRAS E TEXTO CONSOLIDADO.;Acordo coletivo de trabalho;Nacional;2005;2005;3;3;1.133.2 1.360.1 2.26.1
5840;AE ENTRE A EMPRESA AUTO-ESTRADAS DO ATLÂNTICO, S. A.  E O  SETACCOP - SINDICATO DA  CONSTRUÇÃO, OBRAS PÚBLICAS E SERVIÇOS AFINS.-ALTERAÇÃO SALARIAL E OUTRAS.;Acordo de empresa;Nacional;2005;2007;3;1;1.286.2
5841;CCT ENTRE A AEEP-ASSOCIAÇÃO DOS ESTABELECIMENTOS DE ENSINO PRTICULAR E COOPERATIVO E O SINAPE -SINDICATO NACIONAL DOS PROFISSIONAIS DA EDUCAÇÃO . REVISÃO GLOBAL;Contrato coletivo de trabalho;Nacional;2004;2004;2;2;1.377.2 5.223.2
5843;CCT ENTRE A UNIHSNOR -UNIÃO DAS ASSOCIAÇÕES DE HOTELARIA E RESTAURAÇÃO DO NORTE DE PORTUGAL E A FESAHT -FEDERAÇÃO DOS SINDICATOS DA AGRICULTURA, ALIMENTAÇÃO, BEBIDAS, HOTELARIA E TURISMO DE PORTUGAL- REVISÃO GLOBAL;Contrato coletivo de trabalho;Pluridistrital;2004;2004;2;2;2.40.1 7.3.4
5844;AE ENTRE A CMP - CIMENTOS MACEIRA E PATAIAS,SA E A FEDERAÇÃO PORTUGUESA DOS SINDICATOS DA CONSTRUÇÃO,CERÂMICA E VIDRO E OUTROS. REVISÃO GLOBAL.;Acordo de empresa;Continente;2004;2004;6;6;1.143.1 2.12.2 2.15.2 2.21.1 2.39.0 2.6.4
5845;AE ENTRE A SECIL - COMPANHIA GERAL DE CAL E CIMERNTO,SA. E A FEDERAÇÃO PORTUGUESA DOS SINDICATOS DA CONSTRUÇÃO,CERÂMICA E VIDRO E OUTROS. REVISÃO GLOBAL.;Acordo de empresa;Continente;2004;2004;6;6;1.143.1 2.15.2 2.21.1 2.39.0 2.46.0 2.6.4
5846;CCT ENTRE A ASSOCIAÇÃO DE AGRICULTORES DO BAIXO ALENTEJO E O SETAA - SINDICATO DA AGRICULTURA, ALIMENTAÇÃO E FLORESTAS - ALTERAÇÃO SALARIAL E OUTRAS.;Contrato coletivo de trabalho;Distrital;2005;2006;4;2;1.103.2 5.321.0
5847;CCT ENTRE A ACHOC - ASSOCIAÇÃO DOS INDUSTRIAIS DE CHOCOLATES E CONFEITARIA E A FESAHT - FEDERAÇÃO DOS SINDICATOS DA AGRICULTURA, ALIMENTAÇÃO, BEBIDAS, HOTELARIA E TURISMO DE PORTUGAL (PESSOAL FABRIL) - REVISÃO GLOBAL;Contrato coletivo de trabalho;Nacional;2004;2004;2;2;2.40.1 5.485.1
5848;CCT ENTRE A APIM - ASSOCIAÇÃO PORTUGUESA DA INDÚSTRIA DE MOAGEM E MASSAS E A FETESE - FEDERAÇÃO DOS SINDICATOS DOS TRABALHADORES DE SERVIÇOS (DISTRITOS DE AVEIRO E PORTO) - REVISÃO GLOBAL.;Contrato coletivo de trabalho;Pluridistrital;2004;2004;2;2;2.26.1 5.446.1
5849;AE ENTRE A RTS - PRÉ-FABRICADOS DE BETÃO, LDA E O SINDICATO DOS TRABALHADORES DAS INDÚSTRIAS DE CERÂMICA, CIMENTOS E SIMILARES DO SUL E REGIÕES AUTÓNOMAS - REVISÃO GLOBAL;Acordo de empresa;Pluridistrital;2004;2007;4;1;1.503.0
5850;CCT ENTRE A ANEFA - ASSOCIAÇÃO NACIONAL DE EMPRESAS FLORESTAIS, AGRÍCOLAS E DO AMBIENTE E O SETAA - SINDICATO DA AGRICULTURA, ALIMENTAÇÃO E FLORESTAS - REVISÃO GLOBAL;Contrato coletivo de trabalho;Nacional;2004;2010;8;2;1.103.2 5.425.1
5851;CCT ENTRE A ASSOCIAÇÃO DOS INDUSTRIAIS TRANSFORMADORES DE VIDRO PLANO DE PORTUGAL E A FEVICCOM - FEDERAÇÃO PORTUGUESA DOS SINDICATOS DA CONSTRUÇÃO, CERÂMICA E VIDRO E OUTRA - REVISÃO GLOBAL;Contrato coletivo de trabalho;Nacional;2004;2007;12;3;2.15.2 2.46.0 5.261.1
5852;AE ENTRE A SILOPOR - EMPRESA DE SILOS PORTUÁRIOS,SA E A FETESE - FEDERAÇÃO DOS SINDICATOS DOS TRABALHADORES DE SERVIÇOS E OUTROS - ALTERAÇÃO SALARIAL E OUTRAS;Acordo de empresa;Nacional;2005;2025;13;6;1.103.2 1.15.2 1.221.1 2.26.1 2.6.4 4.5.0
5853;CCT ENTRE A APCOR - ASSOCIAÇÃO PORTUGUESA DE CORTIÇA E OUTRA E A FEVICCOM - FEDERAÇÃO PORTUGUESA DOS SINDICATOS DA CONSTRUÇÃO, CERÂMICA E VIDRO E OUTROS (PESSOAL FABRIL) - ALTERAÇÃO SALARIAL E OUTRAS.;Contrato coletivo de trabalho;Nacional;2004;2008;72;25;1.103.2 1.143.1 1.15.2 1.171.0 1.221.0 1.221.1 1.274.0 1.296.2 1.296.3 1.31.2 1.360.1 1.437.0 2.15.2 2.20.2 2.21.1 2.32.0 2.39.0 2.40.0 2.40.1 2.46.0 2.48.0 2.6.4 5.133.0 5.133.1 5.167.3
5854;CCT ENTRE A APFAO - ASSOCIAÇÃO PORTUGUESA DOS FORNECEDORES DE ARTIGOS DE ÓPTICA E A FETESE - FEDERAÇÃO DOS SINDICATOS DOS TRABALHADORES DE SERVIÇOS E OUTROS - REVISÃO GLOBAL;Contrato coletivo de trabalho;Nacional;2004;2005;7;4;1.133.2 1.548.1 2.26.1 5.248.0
5855;ACT ENTRE A  PEC -PRODUTOS PECUÁRIOS DE PORTUGAL, SGPS , SA E OUTRAS E O SETAA -SINDICATO DA AGRICULTURA , ALIMENTAÇÃO E FLORESTAS - REVISÃO GLOBAL;Acordo coletivo de trabalho;Concelhia;2004;2008;4;1;1.103.2
5856;CCT ENTRE A AIM - ASSOCIAÇÃO INDUSTRIAL DO MINHO E A FEDERAÇÃO PORTUGUESA DOS SINDICATOS DA CONSTRUÇÃO, CERÂMICA  E VIDRO - REVISÃO GLOBAL.;Contrato coletivo de trabalho;Pluridistrital;2005;2005;2;2;2.46.0 5.78.0
5857;CCT ENTRE A ASSOCIAÇÃO NACIONAL DOS ÓPTICOS E A FETESE - FEDERAÇÃO DOS SINDICATOS DOS TRABALHADORES DE SERVIÇOS E OUTROS - REVISÃO GLOBAL;Contrato coletivo de trabalho;Nacional;2005;2005;3;3;1.133.2 2.26.1 5.128.0
5858;CCT ENTRE A APAT - ASSOCIAÇÃO DOS TRANSITÁRIOS DE PORTUGAL E O SIMAMEVIP - SINDICATO DOS TRABALHADORES DA MARINHA MERCANTE, AGÊNCIAS DE VIAGENS, TRANSITÁRIOS E PESCA - REVISÃO GLOBAL;Contrato coletivo de trabalho;Nacional;2005;2009;10;2;1.173.2 5.57.1
5859;CCT ENTRE A APAT - ASSOCIAÇÃO DOS TRANSITÁRIOS DE PORTUGAL E A FETESE - FEDERAÇÃO DOS SINDICATOS DOS TRABALHADPRES DE SERVIÇOS E OUTROS - REVISÃO GLOBAL.;Contrato coletivo de trabalho;Nacional;2005;2009;10;2;2.26.1 5.57.1
5860;CCT ENTRE A ASSOCIAÇÃO NACIONAL DOS ÓPTICOS E A FEPCES - FEDERAÇÃO PORTUGUESA DOS SINDICATOS DO COMÉRCIO, ESCRITÓRIOS E SERVIÇOS E OUTRA - REVISÃO GLOBAL;Contrato coletivo de trabalho;Nacional;2005;2007;6;3;2.15.2 2.6.4 5.128.0
5861;CCT ENTRE A ASSOCIAÇÃO PORTUGUESA DE EDITORES E LIVREIROS E A FEPCES - FEDERAÇÃO PORTUGUESA DOS SINDICATOS DO COMÉRCIO, ESCRITÓRIOS E SERVIÇOS E OUTROS. - REVISÃO GLOBAL.;Contrato coletivo de trabalho;Nacional;2005;2005;11;11;1.133.2 1.143.1 1.502.0 1.548.1 2.15.2 2.21.1 2.26.1 2.40.1 2.46.0 2.6.4 5.127.0
5862;CCT ENTRE A LIGA PORTUGUESA DE FUTEBOL PROFISSIONAL E A FESAHT - FEDERAÇÃO DOS SINDICATOS DA AGRICULTURA, ALIMENTAÇÃO, BEBIDAS, HOTELARIA E TURISMO DE PORTUGAL - REVISÃO GLOBAL;Contrato coletivo de trabalho;Nacional;2005;2005;2;2;2.40.1 5.319.1
5863;CCT ENTRE A LIGA PORTUGUESA DE FUTEBOL PROFISSIONAL E A FEPCES - FEDERAÇÃO PORTUGUESA DOS SINDICATOS DO COMÉRCIO, ESCRITÓRIOS E SERVIÇOS E OUTROS - REVISÃO GLOBAL;Contrato coletivo de trabalho;Nacional;2005;2005;5;5;1.133.2 2.15.2 2.26.1 2.6.4 5.319.1
5864;ACT CELEBRADO ENTRE A SANTOS BAROSA - VIDROS, SA E OUTRAS E A FEVICCOM - FEDERAÇÃO PORTUGUESA DOS SINDICATOS DA CONSTRUÇÃO, CERÂMICA E VIDRO E OUTROS;Acordo coletivo de trabalho;Pluridistrital;2005;2012;17;4;2.15.2 2.40.1 2.46.0 2.50.0
5865;CCT ENTRE A ACCA - ASSOCIAÇÃO NACIONAL DE COLÉGIOS COM CONTRATO DE ASSOCIAÇÃO E A FNE - FEDERAÇÃO NACIONAL DOS SINDICATOS DA EDUCAÇÃO E OUTROS - REVISÃO GLOBAL;Contrato coletivo de trabalho;Nacional;2005;2005;10;10;1.103.2 1.104.2 1.133.2 1.225.2 1.300.2 1.368.2 1.393.1 2.26.1 2.31.1 5.545.0
5866;AE ENTRE A ASSOCIAÇÃO ACADÉMICA DE COIMBRA E O CESP ¿ SINDICATO DOS TRABALHADORES DO COMÉRCIO, ESCRITÓRIOS E SERVIÇOS DE PORTUGAL E OUTRO ¿ ALTERAÇÃO SALARIAL E OUTRAS E TEXTO CONSOLIDADO.;Acordo de empresa;Distrital;2007;2014;12;2;1.387.0 1.518.0
5867;CCT ENTRE A APFAO - ASSOCIAÇÃO PORTUGUESA DOS FORNECEDORES DE ARTIGOS DE ÓPTICA E A FEPCES - FEDERAÇÃO PORTUGUESA DOS SINDICATOS DO COMÉRCIO, ESCRITÓRIOS E SERVIÇOS E OUTRA - REVISÃO GLOBAL;Contrato coletivo de trabalho;Nacional;2005;2005;6;3;2.15.2 2.6.4 5.248.0
5868;CCT ENTRE A APIM - ASSOCIAÇÃO PORTUGUESA DA INDÚSTRIA DE  MOAGEM E MASSAS E OUTRAS E A FESAHT - FEDERAÇÃO DOS SINDICATOS DA AGRICULTURA, ALIMENTAÇÃO, BEBIDAS, HOTELARIA E TURISMO DE PORTUGAL E OUTROS (APOIO E MANUTENÇÃO) - REVISÃO GLOBAL.;Contrato coletivo de trabalho;Nacional;2005;2008;46;16;1.502.0 1.548.0 1.548.1 1.84.2 2.15.2 2.21.1 2.39.0 2.40.0 2.40.1 2.46.0 2.48.0 2.6.4 5.11.0 5.446.1 5.485.1 5.65.0
5869;CCT ENTRE A APIM - ASSOCIAÇÃO PORTUGUESA DA INDÚSTRIA DE MOAGEM E MASSAS E OUTRAS E A FESAHT - FEDERAÇÃO DOS SINDICATOS DA AGRICULTURA, ALIMENTAÇÃO, BEBIDAS, HOTELARIAS E TURISMO DE PORTUGAL (PESSOAL FABRIL-SUL) - REVISÃO GLOBAL.;Contrato coletivo de trabalho;Pluridistrital;2005;2008;16;5;2.40.0 2.40.1 5.11.0 5.446.1 5.65.0
5870;AE ENTRE A EMPORDEF - TECNOLOGIAS DE INFORMAÇÃO, SA E O SITAVA - SINDICATO DOS TRABALHADORES DA AVIAÇÃO E AEROPORTOS. - 1ª. CONVENÇÃO.;Acordo de empresa;Nacional;2005;2005;1;1;1.372.0
5871;CCT ENTRE A APIM - ASSOCIAÇÃO PORTUGUESA DA INDÚSTRIA DE MOAGEM E MASSAS E OUTRAS E A FETICEQ - FEDERAÇÃO DOS TRABALHADORES DAS INDÚSTRIAS CERÂMICA, VIDREIRA, EXTRACTIVA, ENERGIA E QUÍMICA (PESSOAL FABRIL-SUL) - REVISÃO GLOBAL.;Contrato coletivo de trabalho;Pluridistrital;2005;2008;16;4;2.32.0 5.11.0 5.446.1 5.65.0
5872;CCT ENTRE A APIM - ASSOCIAÇÃO PORTUGUESA DA INDÚSTRIA DE MOAGEM E MASSAS E OUTRAS E A FETICEQ - FEDERAÇÃO DOS TRABALHADORES DAS INDÚSTRIAS CERÂMICA, VIDREIRA, EXTRACTIVA, ENERGIA E QUÍMICA (APOIO E MANUTENÇÃO) - REVISÃO GLOBAL.;Contrato coletivo de trabalho;Nacional;2005;2008;17;5;2.32.0 5.11.0 5.446.1 5.485.1 5.65.0
5873;CCT ENTRE A ASSOCIAÇÃO NACIONAL DOS INDUSTRIAIS TRANSFORMADORES DE VIDRO E A FEDERAÇÃO PORTUGUESA DOS SINDICATOS DA CONSTRUÇÃO, CERÂMICA E VIDRO E OUTRA - REVISÃO GLOBAL;Contrato coletivo de trabalho;Nacional;2005;2010;18;4;2.15.2 2.46.0 2.50.0 5.25.0
5874;AE ENTRE A COMPANHIA DAS LEZÍRIAS, SA E O SETAA - SINDICATO DA AGRICULTURA, ALIMENTAÇÃO E FLORESTAS -REVISÃO GLOBAL.;Acordo de empresa;Nacional;2005;2008;4;1;1.103.2
5875;CCT ENTRE A ACCA -ASSOCIAÇÃO NACIONAL DE COLÉGIOS COM CONTRATO DE ASSOCIAÇÃO E A FEPECI - FEDERAÇÃO PORTUGUESA DOS PROFISSIONAIS DA EDUCAÇÃO, ENSINO, CULTURA, E INVESTIGAÇÃO E OUTRO;Contrato coletivo de trabalho;Nacional;2005;2005;3;3;1.377.2 2.42.0 5.545.0
5876;CCT ENTRE A ASSOCIAÇÃO COMERCIAL E EMPRESARIAL DOS CONCELHOS DE OEIRAS E AMADORA E OUTRAS E A FETESE - FEDERAÇÃO DOS SINDICATOS DOS TRABALHADORES DE SERVIÇOS E OUTROS - ALTERAÇÃO SALARIAL E OUTRAS.;Contrato coletivo de trabalho;Concelhia;2005;2026;63;18;1.133.2 1.133.3 1.218.5 1.218.6 1.548.1 2.26.1 2.26.2 5.115.1 5.116.1 5.116.2 5.122.2 5.122.3 5.26.1 5.26.2 5.358.0 5.48.1 5.90.1 5.90.2
5877;CCT ENTRE A ASSOCIAÇÃO COMERCIAL E EMPRESARIAL DOS CONCELHOS DE OEIRAS E AMADORA E OUTRAS E O CESP - SINDICATO DOS TRABALHADORES DO COMÉRCIO, ESCRITÓRIOS E SERVIÇOS DE PORTUGAL E OUTROS - REVISÃO GLOBAL;Contrato coletivo de trabalho;Distrital;2005;2007;26;15;1.143.1 1.152.2 1.194.3 1.213.1 1.394.0 1.518.0 1.565.0 2.40.0 2.40.1 5.115.1 5.116.1 5.122.2 5.26.2 5.48.1 5.90.1
5878;CCT ENTRE A ACIP - ASSOCIAÇÃO DO COMÉRCIO E DA INDÚSTRIA DE  PANIFICAÇÃO, PASTELARIA E SIMILARES E A FEPCES - FEDERAÇÃO PORTUGUESA DOS SINDICATOS DO COMÉRCIO, ESCRITÓRIOS  E SERVIÇOS (ADMINISTRATIVOS) - REVISÃO GLOBAL;Contrato coletivo de trabalho;Nacional;2005;2008;8;2;2.6.4 5.258.2
5881;CCT ENTRE A AÇOMEFER - ASSOCIAÇÃO PORTUGUESA DOS GROSSISTAS DE AÇOS, METAIS E FERRAMENTAS E O SITESC - SINDICATO DE QUADROS, TÉCNICOS ADMINISTRATIVOS, SERVIÇOS E NOVAS TECNOLOGIAS E OUTROS - REVISÃO GLOBAL;Contrato coletivo de trabalho;Nacional;2005;2005;10;10;1.104.2 1.133.2 1.143.1 1.157.2 1.222.2 1.548.1 1.84.2 2.15.2 2.6.4 5.80.1
5882;CCT ENTRE A ASSOCIAÇÃO PORTUGUESA DOS COMERCIANTES DE MATERIAIS DE CONSTRUÇÃO E O SITESC - SINDICATO DE QUADROS, TÉCNICOS ADMINISTRATIVOS, SERVIÇOS E NOVAS TECNOLOGIAS E OUTROS - REVISÃO GLOBAL.;Contrato coletivo de trabalho;Nacional;2005;2005;10;10;1.104.2 1.133.2 1.143.1 1.157.2 1.222.2 1.548.1 1.84.2 2.15.2 2.6.4 5.99.1
5883;AE ENTRE A NAVEGAÇÃO AÉREA DE PORTRUGAL - NAV PORTUGAL, E.P.E. E O SITAVA - SINDICATO DOS TRABALHADORES DA AVIAÇÃO E AEROPORTOS E OUTROS - REVISÃO GLOBAL;Acordo de empresa;Nacional;2005;2023;12;6;1.341.1 1.372.0 1.383.0 1.441.0 1.470.0 1.526.0
5884;CCT ENTRE A AECOPS - ASSOCIAÇÃO DE EMPRESAS DE CONSTRUÇÃO E OBRAS PÚBLICAS E OUTRAS E A FEDERAÇÃO PORTUGUESA DOS SINDICATOS DA CONSTRUÇÃO, CERÂMICA E VIDRO E OUTROS .-REVISÃO GLOBAL.;Contrato coletivo de trabalho;Continente;2005;2007;35;12;1.143.1 1.157.2 2.15.2 2.21.1 2.39.0 2.40.1 2.46.0 2.6.4 5.129.1 5.176.1 5.2.0 5.251.0
5885;CCT ENTRE A AECOPS -ASSOCIAÇÃO DE EMPRESAS DE CONSTRUÇÃO E OBRAS PÚBLICAS E OUTRAS E A FETESE - FEDERAÇÃO DOS SINDICATOS DOS TRABALHADORES DE SERVIÇOS E OUTROS .-REVISÃO GLOBAL;Contrato coletivo de trabalho;Continente;2005;2009;51;14;1.133.2 1.15.2 1.221.1 1.286.2 1.361.1 1.361.2 1.548.0 1.548.1 2.26.1 2.47.0 5.129.1 5.176.1 5.2.0 5.251.0
5886;CCT ENTRE A APED - ASSOCIAÇÃO PORTUGUESA DE EMPRESAS DE DISTRIBUIÇÃO E A FEPCES - FEDERAÇÃO PORTUGUESAS DOS SINDICATOS DO COMÉRCIO, ESCRITÓRIOS E SERVIÇOS E OUTROS - REVISÃO GLOBAL.;Contrato coletivo de trabalho;Nacional;2005;2005;7;7;1.133.2 1.143.1 2.15.2 2.26.1 2.40.0 2.6.4 5.347.1
5887;CCT ENTRE A ASSOCIAÇÃO DOS ARMADORES DE TRÁFEGO FLUVIAL E O SIMAMEVIP - SINDICATO DOS TRABALHADORES DA MARINHA MERCANTE, QGÊNCIAS DE VIAGENS, TRANSITÁRIOS E PESCA E OUTROS - REVISÃO GLOBAL.;Contrato coletivo de trabalho;Continente;2005;2011;28;5;1.173.2 1.5.5 1.8.2 5.4.0 5.4.1
5888;CCT ENTRE A ANIL - ASSOCIAÇÃO NACIONAL DOS INDUSTRIAIS DE LACTICÍNIOS E VÁRIAS COOPERATIVAS DE PRODUTORES DE LEITE E O SETAA - SINDICATO DA AGRICULTURA, ALIMENTAÇÃO E FLORESTAS E OUTROS - REVISÃO GLOBAL;Contrato coletivo de trabalho;Nacional;2005;2005;6;6;1.103.2 1.133.2 1.548.1 1.84.2 2.26.1 5.44.2
5889;ACT ENTRE A RÁDIO E TELEVISÃO DE PORTUGAL , SGPS, SA E OUTRAS E O SMAV -SINDICATO DOS MEIOS AUDIOVISUAIS E OUTROS;Acordo coletivo de trabalho;Nacional;2005;2005;11;11;1.133.2 1.15.2 1.221.1 1.296.2 1.440.1 1.451.0 1.516.1 2.26.1 4.5.0 4.6.0 4.7.0
5890;ACT BRISA, AUTO-ESTRADAS DE PORTUGAL, SA E OUTRAS E O SETACCOP - SINDICATO DA CONSTRUÇÃO, OBRAS PÚBLICAS E SERVIÇOS AFINS E OUTROS. - REVISÃO GLOBAL.;Acordo coletivo de trabalho;Continente;2005;2005;8;8;1.143.1 1.286.2 2.15.2 2.21.1 2.26.0 2.39.0 2.46.0 2.6.4
5891;AE ENTRE A SN- MAIA-SIDERURGIA NACIONAL, SA E O SINDEL - SINDICATO NACIONAL DA INDÚSTRIA E DA ENERGIA E OUTROS;Acordo de empresa;Nacional;2005;2011;11;5;1.15.2 1.361.2 2.26.0 2.26.1 4.5.0
5892;AE ENTRE A SN-SEIXAL-SIDERURGIA NACIONAL, SA E O SINDEL -SINDICATO NACIONAL DA INDÚSTRIA E DA ENERGIA E OUTROS;Acordo de empresa;Nacional;2005;2011;11;6;1.15.2 1.15.3 1.361.2 2.26.1 2.26.2 4.5.0
5893;CCT ENTRE A AEVP - ASSOCIAÇÃO DAS EMPRESAS DE VINHO DO PORTO E OUTRAS E O SETAA- SINDICATO DA AGRICULTURA, ALIMENTAÇÃO E FLORESTAS E (ARMAZÉNS) - REVISÃO GLOBAL.;Contrato coletivo de trabalho;Nacional;2005;2009;11;4;1.103.2 5.308.3 5.331.0 5.42.1
5894;CCT-ENTRE A AEVP-ASSOCIAÇÃO DAS EMPRESAS DE VINHO DO PORTO E OUTRAS E O SETAA-SINDICATO DA AGRICULTURA, ALIMENTAÇÃO E FLORESTAS (ADMINISTRATIVOS E VENDAS)-REVISÃO GLOBAL.;Contrato coletivo de trabalho;Nacional;2005;2009;11;4;1.103.2 5.308.3 5.331.0 5.42.1
5895;CCT ENTRE A AEVP-ASSOCIAÇÃO DAS EMPRESAS DE VINHO DO PORTO E OUTRAS E O SINDICATO NACIONAL DO RAMO ALIMENTAR E SIMILARES (ARMAZÉNS).;Contrato coletivo de trabalho;Nacional;2005;2005;4;4;1.282.1 5.308.3 5.331.0 5.42.1
5896;CONTRATO COLECTIVO ENTRE A AEVP - ASSOCIAÇÃO DAS EMPRESAS DE VINHO DO PORTO E O SINDICATO NACIONAL DOS TRABALHADORES DA INDÚSTRIA E COMÉRCIO DE ALIMENTAÇÃO, BEBIDAS E AFINS E OUTROS (ARMAZÉNS) - ALTERAÇÃO SALARIAL E OUTRAS/TEXTO CONSOLIDADO;Contrato coletivo de trabalho;Nacional;2005;2010;39;14;1.103.2 1.131.4 1.133.2 1.133.3 1.31.2 2.15.2 2.26.1 2.26.2 2.40.1 2.50.0 2.6.4 5.308.3 5.331.0 5.42.1
5897;CCT ENTRE A AEVP - ASSOCIAÇÃO DAS EMPRESAS  DE VINHO DO PORTO E OUTRAS E O SITESC-SINDICATO DE QUADROS , TÉCNICOS,  ADMINISTRATIVOS, SERVIÇOS E NOVAS TECNOLOGIAS E OUTROS  (ADMINISTRATIVOS E VENDAS)- REVISÃO GLOBAL.;Contrato coletivo de trabalho;Nacional;2005;2010;31;14;1.131.4 1.133.2 1.133.3 1.548.1 1.84.2 2.26.1 2.26.2 2.40.0 2.40.1 2.6.4 5.308.0 5.308.3 5.331.0 5.42.1
5898;CCT ENTRE A ASSOCIAÇÃO PORTUGUESA DOS INDUSTRIAIS DE CURTUMES E A FESETE - FEDERAÇÃO DOS SINDICATOS DOS TRABALHADORES TÊXTEIS, LANIFÍCIOS, VESTUÁRIO, CALÇADO E PELES DE PORTUGAL (PRODUÇÃO E FUNÇÕES AUXILIARES) - REVISÃO GLOBAL;Contrato coletivo de trabalho;Nacional;2005;2011;14;2;2.20.2 5.172.0
5899;AE ENTRE A CAIXA GERAL DE DEPÓSITOS, SA E O STEC - SINDICATO DOS TRABALHADORES DAS EMPRESAS DO GRUPO CAIXA GERAL DE DEPÓSITOS;Acordo de empresa;Nacional;2005;2016;4;1;1.537.0
5900;CCT ENTRE A AEVP - ASSOCIAÇÃO DAS EMPRESAS DE VINHO DO PORTO E OUTRAS E O SINDICATO NACIONAL DOS TRABALHADORES DO RAMO ALIMENTAR E SIMILARES (ADMINISTRATIVOS  E VENDAS);Contrato coletivo de trabalho;Nacional;2005;2005;4;4;1.282.1 5.308.3 5.331.0 5.42.1
5901;CCT ENTRE A ANIL - ASSOCIAÇÃO NACIONAL DOS INDUSTRIAIS DE LACTICÍNIOS E VÁRIAS COOPERATIVAS DE PRODUTORES DE LEITE E O SINDICATO DOS PROFISSIONAIS DE LACTICÍNIOS, ALIMENTAÇÃO, AGRICULTURA, ESCRITÓRIOS, COMÉRCIO, SERVIÇOS, TRANSPORTES RODOVIÁRIOS, METALOMECÂNICA, MET., CONST. CIVIL E MAD. - REV. GLO.;Contrato coletivo de trabalho;Nacional;2005;2005;2;2;1.138.1 5.44.2
5902;ACT ENTRE A COOPERATIVA AGRÍCOLA MIRENSE, CRL E OUTRAS E O SETAA - SINDICATO DA AGRICULTURA, ALIMENTAÇÃO E FLORESTAS E OUTROS - REVISÃO GLOBAL.;Acordo coletivo de trabalho;Nacional;2005;2008;11;5;1.103.2 1.113.1 1.138.1 1.222.2 1.394.0
5903;ACT ENTRE A LACTICOOP - UNIÃO DAS COOPERATIVAS DE PRODUTORES DE LEITE DE ENTRE DOURO E MONDEGO, UCRL E OUTRAS E O SETAA - SINDICATO DA AGRICULTURA, ALIMENTAÇÃO E FLORESTAS.;Acordo coletivo de trabalho;Nacional;2005;2008;4;1;1.103.2
5904;ACT ENTRE A LACTICOOP - UNIÃO DAS COOPERATIVAS DE PRODUTORES DE LEITE DE ENTRE DOURO E MONDEGO, UCRL E OUTRAS E O SINDICATO DO COMÉRCIO, ESCRITÓRIOS E SERVIÇOS - SINDCES;Acordo coletivo de trabalho;Nacional;2005;2008;4;1;1.222.2
5905;AE ENTRE A SERVIRAIL -SERVIÇOS, RESTAURAÇÃO, CATERING E HOTELARIA, LDª E A FESAHT - FEDERAÇÃO DOS SINDICATOS DA AGRICULTURA, ALIMENTAÇÃO, BEBIDAS, HOTELARIA E TURISMO DE PORTUGAL;Acordo de empresa;Nacional;2005;2008;4;1;2.40.1
5906;ACT ENTRE VÁRIAS CAIXAS DE CRÉDITO AGRÍCOLA MÚTUO E O SINDICATO NACIONAL DOS QUADROS E TÉCNICOS BANCÁRIOS E OUTRO - REVISÃO GLOBAL;Acordo coletivo de trabalho;Nacional;2005;2010;8;2;1.417.0 1.524.0
5909;AE ENTRE A TABAQUEIRA, SA E A FESAHT - FEDERAÇÃO DOS SINDICATOS DA AGRICULTURA, ALIMENTAÇÃO, BEBIDAS, HOTELARIA E TURISMO DE PORTUGAL E OUTROS - REVISÃO GLOBAL;Acordo de empresa;Nacional;2005;2009;49;16;1.143.1 1.144.1 1.15.2 1.157.2 1.221.0 1.221.1 1.299.0 1.360.2 1.361.2 1.502.0 1.548.1 2.26.1 2.32.0 2.40.1 2.6.4 4.5.0
5910;CCT ENTRE A  HRCENTRO - ASSOCIAÇÃO DOS INDUSTRIAIS DE HOTELARIA E RESTAURAÇÃO DO CENTRO E A FESAHT - FEDERAÇÃO DOS SINDICATOS DA AGRICULTURA, ALIMENTAÇÃO, BEBIDAS, HOTELARIA E TURISMO DE PORTUGAL .- REVISÃO GLOBAL.;Contrato coletivo de trabalho;Pluridistrital;2005;2005;2;2;2.40.1 5.260.1
5912;CCT ENTRE A APIM - ASSOCIAÇÃO PORTUGUESA DA INDÚSTRIA DE MOAGEM E MASSAS E OUTRAS E A FESAHT - FEDERAÇÃO DOS SINDICATOS DA AGRICULTURA, ALIMENTAÇÃO, BEBIDAS, HOTELARIA E TURISMO DE PORTUGAL (PESSOAL FABRIL-NORTE) - REVISÃO GLOBAL.;Contrato coletivo de trabalho;Pluridistrital;2005;2008;12;4;2.40.1 5.11.0 5.446.1 5.65.0
5913;ACT ENTRE A LACTICOOP - UNIÃO DAS COOPERATIVAS DE PRODUTORES DE LEITE DE ENTRE DOURO E MONDEGO, UCRL E OUTRAS E O SINDICATO DOS PROFISSIONAIS DE LACTICÍNIOS, ALIMENTAÇÃO, AGRICULTURA, ESCRITÓRIOS, COMÉRCIO, SERVIÇOS, TRANSPORTES RODOVIÁRIOS, METALOMECÂNICA, METALURGIA, CONSTRUÇÃO CIVIL E M. E OUTROS;Acordo coletivo de trabalho;Pluridistrital;2005;2008;5;4;1.113.1 1.138.1 1.394.0 1.565.0
5914;AE ENTRE A GENERAL CABLE CELCAT, ENERGIA E TELECOMUNICAÇÕES, SA E O SIESI - SINDICATO DAS INDÚSTRIAS ELÉCTRICAS DO SUL E ILHAS - REVISÃO GLOBAL.;Acordo de empresa;Nacional;2005;2018;7;1;1.144.1
5915;ACORDO DE EMPRESA ENTRE A GENERAL CABLE CELCAT, ENERGIA E TELECOMUNICAÇOES, S.A. E O SITESE - SINDICATO DOS TRABALHADORES E TECNICOS DE SERVIÇOS - ALTERAÇAO SALARIAL E OUTRAS/TEXTO CONSOLIDADO;Acordo de empresa;Nacional;2005;2018;22;5;1.218.5 1.346.0 1.361.2 2.26.1 2.26.3
5916;CCT ENTRE A ASSOCIAÇÃO PORTUGUESA DOS INDUSTRIAIS DE CURTUMES E O SINDICATO DOS OPERÁRIOS DA INDÚSTRIA DE CURTUMES E OUTRO (PRODUÇÃO E FUNÇÕES AUXILIARES) - REVISÃO GLOBAL.;Contrato coletivo de trabalho;Nacional;2005;2011;21;3;1.268.0 1.33.1 5.172.0
5917;CCT ENTRE A AIM -ASSOCIAÇÃO INDUSTRIAL DO MINHO E O SINDICATO INDEPENDENTE DOS TRABALHADORES DO SECTOR EMPRESARIAL DA CERAMICA, DOS CIMENTOS , DO VIDRO E ACTIVIDADES CONEXAS DOS DISTRITOS DE BRAGA, PORTO E VIANA DO CASTELO - REVISÃO  GLOBAL.;Contrato coletivo de trabalho;Pluridistrital;2005;2012;14;4;1.519.0 5.78.0 5.78.1 5.78.2
5918;CCT ENTRE A ASSOCIAÇÃO NACIONAL DAS FARMÁCIAS E O SINDICATO NACIONAL DOS FARMACÊUTICOS -REVISÃO GLOBAL;Contrato coletivo de trabalho;Nacional;2005;2008;6;2;1.216.1 5.100.1
5919;CCT ENTRE A CNIS - CONFEDERAÇÃO NACIONAL DAS INSTITUIÇÕES DE SOLIDARIEDADE E A FNE - FEDERAÇÃO NACIONAL DOS SINDICATOS DA EDUCAÇÃO E OUTROS;Contrato coletivo de trabalho;Nacional;2005;2005;11;11;1.103.2 1.104.2 1.133.2 1.225.2 1.300.2 1.363.0 1.368.2 1.377.2 1.393.1 2.26.1 2.31.1
5920;CCT ENTRE A APIM - ASSOCIAÇÃO PORTUGUESA DA INDÚSTRIA DE MOAGEM E MASSAS E OUTRAS E A FETICEQ - FEDERAÇÃO DOS TRABALHADORES DAS INDÚSTRIAS CERÂMICA, VIDREIRA, EXTRACTIVA, ENERGIA E QUÍMICA (PESSOAL FABRIL-NORTE) - REVISÃO GLOBAL.;Contrato coletivo de trabalho;Pluridistrital;2005;2008;12;4;2.32.0 5.11.0 5.446.1 5.65.0
5921;AE ENTRE A COMPAGNIE BANCAIRE ESPÍRITO SANTO - ESCRITÓRIO DE REPRESENTAÇÃO E O SINDICATO NACIONAL DOS QUADROS E TÉCNICOS BANCÁRIOS.;Acordo de empresa;Nacional;2005;2005;1;1;1.417.0
5922;CCT ENTRE A ARCDP - ASSOCIAÇÃO DOS RETALHISTAS DE CARNES DO DISTRITO DO PORTO E OUTRAS E O SINDICATO NACIONAL DOS TRABALHADORES DO RAMO ALIMENTAR E SIMILARES - REVISÃO GLOBAL;Contrato coletivo de trabalho;Pluridistrital;2005;2008;48;13;1.282.1 5.162.1 5.166.2 5.169.1 5.173.1 5.245.0 5.246.0 5.249.0 5.341.2 5.427.0 5.432.0 5.481.1 5.75.1
5923;AE ENTRE O ICP - ANACOM - AUTORIDADE NACIONAL DAS COMUNICAÇÕES E O SINTTAV - SINDICATO NACIONAL DOS TRABALHADORES DAS TELECOMUNICAÇÕES AUDIOVISUAL E OUTRO - REVISÃO GLOBAL.;Acordo de empresa;Nacional;2005;2007;6;2;1.385.2 1.504.0
5924;AE ENTRE A CAIXA GERAL DE DEPÓSITOS, SA E O SINDICATO NACIONAL DE QUADROS E TÉCNICOS BANCÁRIOS E OUTRO;Acordo de empresa;Nacional;2005;2016;8;2;1.417.0 1.524.0
5925;AE ENTRE A COMPANHIA DAS LEZÍRIAS, S A  E A FESAHT - FEDERAÇÃO DOS SINDICATOS DA AGRICULTURA, ALIM,ENTAÇÃO, BEBIDAS, HOTELARIA E TURISMO DE PORTUGAL E OUTRAS -REVISÃO GLOBAL.;Acordo de empresa;Nacional;2005;2008;16;6;2.15.2 2.39.0 2.40.1 2.46.0 2.48.0 2.50.0
5926;CCT ENTRE A ASSOCIAÇÃO DAS INDÚSTRIAS DE MADEIRA E MOBILIÁRIO DE PORTUGAL E OUTRAS E A FEVICCOM - FEDERAÇÃO PORTUGUESA DOS SINDICATOS DA CONSTRUÇÃO, CERÂMICA E VIDRO E OUTROS - ALTERAÇÃO SALARIAL E OUTRAS;Contrato coletivo de trabalho;Nacional;2005;2007;27;12;1.143.1 1.157.2 2.15.2 2.21.1 2.39.0 2.40.1 2.46.0 2.6.4 5.190.1 5.388.0 5.78.0 5.92.0
5927;CCT ENTRE A ANCAVE - ASSOCIAÇÃO NACIONAL DOS CENTROS DE ABATE E INDÚSTRIAS TRANSFORMADORAS DE CARNE DE AVES E O SINDICATO DOS TRABALHADORES DA INDÚSTRIA E COMÉRCIO DE CARNES DO SUL E OUTROS - REVISÃO GLOBAL.;Contrato coletivo de trabalho;Nacional;2005;2008;15;4;1.151.1 1.282.1 1.5.5 5.278.1
5928;CCT ENTRE A ASSOCIAÇÃO DOS OPERADORES PORTUÁRIOS DOS PORTOS DO DOURO E LEIXÕES E OUTRAS E O SIMAMEVIP - SINDICATO DOS TRABALHADORES DA MARINHA MERCANTE, AGENCIAS DE VIAGENS, TRANSITÁRIOS E PESCA - REVISÃO GLOBAL.;Contrato coletivo de trabalho;Continente;2005;2007;15;6;1.173.2 5.328.2 5.417.0 5.459.0 5.466.1 5.466.2
5929;AE ENTRE A SCC - SOCIEDADE CENTRAL DE CERVEJAS E BEBIDAS, SA E A FESAHT - FEDERAÇÃO DOS SINDICATOS DA AGRICULTURA, ALIMENTAÇÃO, BEBIDAS, HOTELARIA E TURISMO DE PORTUGAL E OUTROS - REVISÃO GLOBAL.;Acordo de empresa;Nacional;2005;2005;6;6;2.15.2 2.26.1 2.39.0 2.40.1 2.46.0 2.6.4
5931;CCT ENTRE A ANCIPA - ASSOCIAÇÃO NACIONAL DE COMERCIANTES E INDUSTRIAIS DE PRODUTOS ALIMENTARES (INDÚSTRIA DE BATATA FRITA, APERITIVOS E SIMILARES) E O SETAA - SINDICATO DA AGRICULTURA, ALIMENTAÇÃO E FLORESTAS - REVISÃO GLOBAL.;Contrato coletivo de trabalho;Nacional;2005;2006;4;2;1.103.2 5.12.0
5932;CCT ENTRE A ANCIPA - ASSOCIAÇÃO NACIONAL DE COMERCIANTES E INDUSTRIAIS DE PRODUTOS ALIMENTARES (INDÚSTRIA DE HORTOFRUTÍCOLAS) E O SETAA - SINDICATO DA AGRICULTURA, ALIMENTAÇÃO E FLORESTAS - REVISÃO GLOBAL.;Contrato coletivo de trabalho;Nacional;2005;2006;4;2;1.103.2 5.12.0
5933;CCT ENTRE A FENAME - FEDERAÇÃO NACIONAL DO METAL E A FETESE - FEDERAÇÃO DOS SINDICATOS DE TRABALHADORES DE SERVIÇOS E OUTROS - REVISÃO GLOBAL;Contrato coletivo de trabalho;Nacional;2005;2009;23;5;1.133.2 1.361.2 1.548.1 2.26.1 6.8.0
5934;AE ENTRE A SATA INTERNACIONAL - SERVIÇOS E TRANSPORTES AÉREOS,SA E O SPAC - SINDICATO DOS PILOTOS DA AVIAÇÃO CIVIL.;Acordo de empresa;Nacional;2005;2005;1;1;1.320.0
5935;CCT ENTRE A ANCIPA - ASSOCIAÇÃO NACIONAL DE COMERCIANTES E INDUSTRIAIS DE PRODUTOS ALIMENTARES E O SETAA - SINDICATO DA AGRICULTURA, ALIMENTAÇÃO, E FLORESTAS (PASTELARIA, CONFEITARIA E CONSERVAÇÃO DE FRUTA - PESSOAL FABRIL) - REVISÃO GLOBAL.;Contrato coletivo de trabalho;Nacional;2005;2006;4;2;1.103.2 5.12.0
5936;CCT ENTRE A ACIP - ASSOCIAÇÃO DO COMÉRCIO E DA INDÚSTRIA DE PANIFICAÇÃO, PASTELARIA E SIMILARES E A FESAHT - FEDERAÇÃO DOS SINDICATOS DA AGRICULTURA, ALIMENTAÇÃO, BEBIDAS, HOTELARIA E TURISMO DE PORTUGAL E OUTRAS (FABRICO, EXPEDIÇÃO E VENDAS, APOIO E MANUTENÇÃO - CENTRO) - REVISÃO GLOBAL.;Contrato coletivo de trabalho;Pluridistrital;2005;2025;36;8;2.21.1 2.39.0 2.40.1 2.46.0 2.48.0 2.48.1 2.50.0 5.258.2
5937;CCT ENTRE A ASSOCIAÇÃO NACIONAL DOS INDUSTRIAIS DE PAPEL E CARTÃO E O SINDETELCO - SINDICATO DEMACRÁTICO DOS TRABALHADORES DAS COMUNICAÇÕES E DOS MÉDIA - REVISÃO GLOBAL.;Contrato coletivo de trabalho;Nacional;2005;2005;3;3;1.385.2 2.26.1 5.277.0
5938;CCT ENTRE A ASSOCIAÇÃO DOS OPERADORES PORTUÁRIOS DOS PORTOS DO DOURO E LEIXÕES E OUTRAS E O SAP - SINDICATO DOS TRABALHADORES ADMINISTRATIVOS DA ACTIVIDADE PORTUÁRIA - REVISÃO GLOBAL;Contrato coletivo de trabalho;Continente;2005;2006;10;7;1.334.0 1.334.1 5.328.2 5.417.0 5.459.0 5.466.1 5.466.2
5939;CCT ENTRE A ASSOCIAÇÃO COMERCIAL , INDUSTRIAL E DE SERVIÇOS DE BRAGANÇA E OUTRAS E A FEPCES - FEDERAÇÃO PORTUGUESA DOS SINDICATOS DO COMÉRCIO, ESCRITÓRIOS E SERVIÇOS - REVISÃO GLOBAL.;Contrato coletivo de trabalho;Distrital;2005;2008;12;4;2.6.4 5.249.0 5.427.0 5.75.1
5940;AE ENTRE A FERRO - INDÚSTRIAS QUÍMICAS (PORTUGAL), LDª E O SINQUIFA - SINDICATO DOS TRABALHADORES DA QUÍMICA, FARMACÊUTICA, PETRÓLEO E GÁS DO CENTRO, SUL E ILHAS.;Acordo de empresa;Pluridistrital;2005;2005;1;1;1.500.0
5941;AE ENTRE O BANQUE PRIVÉE EDMOND DE ROTHSCHILD EUROPE, SUCURSAL PORTUGUESA E O SINDICATO NACIONAL DOS QUADROS E TÉCNICOS BANCÁRIOS - REVISÃO GLOBAL.;Acordo de empresa;Nacional;2005;2017;4;1;1.417.0
5942;CCT ENTRE A AICC -ASSOCIAÇÃO INDUSTRIAL E COMERCIAL DO CAFÉ E A FESAHT - FEDERAÇÃO DOS SINDICATOS DA AGRICULTURA, ALIMENTAÇÃO, BEBIDAS, HOTELARIA E TURISMO DE PORTUGAL - REVISÃO GLOBAL;Contrato coletivo de trabalho;Continente;2005;2008;8;2;2.40.1 5.62.1
5943;CCT ENTRE A ANCIPA - ASSOCIAÇÃO NACIONAL DE COMERCIANTES E INDUSTRIAIS DE PRODUTOS ALIMENTARES E A FESAHT - FEDERAÇÃO DOS SINDICATOS DA AGRICULTURA, ALIMENTAÇÃO, BEBIDAS, HOTELARIA E TURISMO DE PORTUGAL (PASTELARIA, CONFEITARIA E CONSERVAÇÃO DE FRUTA - APOIO E MANUTENÇÃO) - REVISÃO GLOBAL.;Contrato coletivo de trabalho;Nacional;2005;2010;38;10;2.15.2 2.21.1 2.39.0 2.40.0 2.40.1 2.46.0 2.48.0 2.50.0 2.6.4 5.12.0
5946;AE ENTRE O FUTEBOL CLUBE DO PORTO E O CESP - SINDICATO DOS TRABALHADORES DO COMÉRCIO, ESCRITÓRIOS E SERVIÇOS DE PORTUGAL E OUTROS - REVISÃO GLOBAL;Acordo de empresa;Distrital;2005;2008;26;9;1.193.1 1.199.2 1.237.2 1.31.2 1.342.2 1.380.0 1.392.1 1.518.0 1.575.0
5947;AE ENTRE A POLO - PRODUTOS ÓPTICOS, SA E A FEVICCOM - FEDERAÇÃO PORTUGUESA DOS SINDICATOS DA CONSTRUÇÃO, CERÂMICA E VIDRO;Acordo de empresa;Pluridistrital;2005;2021;17;1;2.46.0
5948;AE ENTRE A EMAS - EMPRESA MUNICIPAL DE ÁGUA E SANEAMENTO DE BEJA, EM E O STAL - SINDICATO NACIONAL DOS TRABALHADORES DA ADMINISTRAÇÃO LOCAL;Acordo de empresa;Distrital;2005;2005;1;1;1.306.0
5949;CCT ENTRE A ANIC - ASSOCIAÇÃO NACIONAL DOS INDUSTRIAIS DE CARNES E A EFESAHT -FEDERAÇÃO DOS SINDICATOS  DA AGRICULTURA, ALIMENTAÇÃO, BEBIDAS, HOTELARIA E TURISMO DE PORTUGAL E OUTROS - ALTERAÇÃO SALARIAL E OUTRAS.;Contrato coletivo de trabalho;Nacional;2005;2008;35;17;1.133.2 1.151.1 1.282.1 1.31.2 1.548.1 1.84.2 2.15.2 2.21.1 2.26.1 2.39.0 2.40.1 2.46.0 2.48.0 2.50.0 2.6.4 5.14.0 5.14.1
5950;AE ENTRE A CMP - CIMENTOS, MACEIRA E PATAIAS, SA E A FEDERAÇÃO PORTUGUESA DOS SINDICATOS DA CONSTRUÇÃO, CERÂMICA E VIDRO E OUTROS - REVISÃO GLOBAL.;Acordo de empresa;Continente;2005;2021;21;10;1.143.1 1.143.2 2.15.2 2.21.1 2.39.0 2.46.0 2.48.0 2.48.1 2.50.0 2.6.4
5951;AE ENTRE A SECIL - COMPANHIA GERAL DE CAL E CIMENTO, SA E A FEDERAÇÃO PORTUGUESA DOS SINDICATOS DA CONSTRUÇÃO, CERÂMICA E VIDRO E OUTROS - REVISÃO GLOBAL.;Acordo de empresa;Continente;2005;2024;33;10;1.143.1 1.143.2 2.15.2 2.21.1 2.39.0 2.46.0 2.48.0 2.48.1 2.50.0 2.6.4
5952;AE ENTRE A GESLOURES -GESTÃO DE EQUIPAMRNTOS SOCIAIS, E.M. E O CESP - SINDICATO DOS TRABALHADORES DO COMÉRCIO, ESCRITÓRIOS E SERVIÇOS DE PORTUGAL - REVISÃO GLOBAL.;Acordo de empresa;Concelhia;2005;2009;3;1;1.518.0
5953;CCT ENTRE A ASSOCIAÇÃO DOS AGRICULTORES DO RIBATEJO (COM EXCEPÇÃO DOS CONCELHOS DE ABRANTES, CONSTÂNCIA, SARDOAL E MAÇÃO) E OUTRA E O SETAA - SINDICATO DA AGRICULTURA, ALIMENTAÇÃO E FLORESTAS  - ALTERAÇÃO SALARIAL E OUTRAS;Contrato coletivo de trabalho;Pluridistrital;2005;2008;32;11;1.103.2 2.15.2 2.21.1 2.39.0 2.40.1 2.46.0 2.48.0 2.50.0 5.302.0 5.302.1 5.372.0
5954;CCT ENTRE A ACIP - ASSOCIAÇÃO DO COMÉRCIO E DA INDÚSTRIA DE PANIFICAÇÃO, PASTELARIA E SIMILARES E A FETESE - FEDERAÇÃO DOS SINDICATOS DOS TRABALHADORES DE SERVIÇOS (ADMINISTRATIVOS) - REVISÃO GLOBAL;Contrato coletivo de trabalho;Nacional;2005;2008;8;3;2.26.0 2.26.1 5.258.2
5955;CCT ENTRE A ASSOCIAÇÃO EMPRESARIAL DE VIANA DO CASTELO E OUTRAS E O CESP - SINDICATO DOS TRABALHADORES DO COMÉRCIO, ESCRITÓRIOS  E SERVIÇOS DE PORTUGAL-REVISÃO GLOBAL.;Contrato coletivo de trabalho;Distrital;2005;2021;72;6;1.518.0 5.162.1 5.166.2 5.169.1 5.173.1 5.341.2
5956;CCT ENTRE A HRCENTRO - ASSOCIAÇÃO DOS INDUSTRIAIS DE HOTELARIA E RESTAURAÇÃO DO CENTRO E A FETESE - FEDERAÇÃO DOS SINDICATOS DOS TRABALHADORES DE SERVIÇOS -REVISÃO GLOBAL.;Contrato coletivo de trabalho;Pluridistrital;2005;2005;2;2;2.26.1 5.260.1
5957;AE ENTRE A SECIL - COMPANHIA GERAL DE CAL E CIMENTO, SA E A FETESE - FEDERAÇÃO DOS SINDICATOS DOS TRABALHADORES DE SERVIÇOS E OUTROS - REVISÃO GLOBAL;Acordo de empresa;Continente;2005;2024;18;14;1.133.2 1.15.2 1.218.5 1.221.1 1.286.2 1.360.1 1.360.2 1.360.3 1.548.1 2.26.1 2.26.2 2.47.0 4.5.0 4.9.1
5958;AE ENTRE A CMP - CIMENTOS MACEIRA E PATAIAS, SA E A FETESE - FEDERAÇÃO DOS SINDICATOS DOS TRABALHADORES DE SERVIÇOS E OUTROS - REVISÃO GLOBAL;Acordo de empresa;Nacional;2005;2017;18;14;1.133.2 1.15.2 1.218.5 1.221.1 1.26.0 1.286.2 1.360.1 1.360.2 1.548.1 1.550.1 2.26.1 2.47.0 4.5.0 4.9.1
5959;AE ENTRE A TAP - AIR PORTUGAL, SA E O SITEMA - SINDICATO DOS TÉCNICOS DE MANUTENÇÃO DE AERONAVES - REVISÃO GLOBAL.;Acordo de empresa;Nacional;2005;2021;4;1;1.340.0
5960;AE ENTRE A TAP - AIR PORTUGAL, SA E O SICONT - SINDICATO DOS CONTABILISTAS E OUTROS - REVISÃO GLOBAL;Acordo de empresa;Nacional;2005;2021;14;5;1.15.2 1.15.4 1.221.1 1.224.0 1.345.0
5961;CCT ENTRE A AEEP- ASSOCIAÇÃO DOS ESTABELECCCIMENTOS DE ENSINO PARTICULAR E COOPERATIVO E A FNE - FEDERAÇÃO NACIONAL DOS SINDICATOS DA EDUCAÇÃO E OUTROS - REVISÃO GLOBAL.;Contrato coletivo de trabalho;Nacional;2005;2005;10;10;1.103.2 1.104.3 1.133.2 1.225.2 1.300.2 1.368.2 1.393.1 2.26.1 2.31.1 5.223.2
5962;"CCT ENTRE A AEEP- ASSOCIAÇÃO DOS ESTABELECIMENTOS DE ENSINO PARTICULAR E COOPERATIVO E O SINAPE - SINDICATO NACIONAL DOS PROFISSIONAIS DA EDUCAÇÃO -
REVISÃO GLOBAL.";Contrato coletivo de trabalho;Nacional;2005;2005;2;2;1.377.2 5.223.2
5963;CCT ENTRE A LIGA PORTUGUESA DE FUTEBOL PROFISSIONAL E A FESAHT - FEDERAÇÃO DOS SINDICATOS DA AGRICULTURA, ALIMENTAÇÃO, BEBIDAS, HOTELARIA E TURISMO DE PORTUGAL - REVISÃO GLOBAL.;Contrato coletivo de trabalho;Nacional;2005;2005;2;2;2.40.1 5.319.1
5964;ACORDO DE EMPRESA ENTRE O CCL - CLUBE DE CAMPISMO DE LISBOA E O SINDICATODOS TRABALHADORES E TECNICOS DE SERVIÇOS, COMERCIO, RESTAURAÇAO E TURISMO -SITESE - ALTERAÇAO SALARIAL E OUTRAS/ TEXTO CONSOLIDADO;Acordo de empresa;Nacional;2005;2020;8;3;1.218.5 2.26.0 2.26.1
5965;AE ENTRE A REBOPORT - SOCIEDADE PORTUGUESA DE REBOQUES MARÍTIMOS, SA E O SIMAMEVIP - SINDICATO DOS TRABALHADORES DA MARINHA MERCANTE, AGENCIAS DE VIAGENS, TRANSITÁRIOS E PESCA;Acordo de empresa;Nacional;2006;2010;3;1;1.173.2
5966;AE ENTRE A  REBOPORT - SOCIEDADE PORTUGUESA DE REBOQUES MARÍTIMOS, S A E O SINDICATO NACIONAL DOS TRABALHADORES DAS ADMINISTRAÇÕES E JUNTAS PORTUÁRIAS;Acordo de empresa;Concelhia;2006;2006;1;1;1.325.0
5967;CCT ENTRE A LIGA PORTUGUESA DE FUTEBOL PROFISSIONAL E A FEPCES - FEDERAÇÃO PORTUGUESA DOS SINDICATOS DO COMÉRCIO, ESCRITÓRIOS E SERVIÇOS E OUTROS - REVISÃO GLOBAL;Contrato coletivo de trabalho;Nacional;2006;2006;6;6;1.133.2 2.15.2 2.21.1 2.26.1 2.6.4 5.319.1
5968;CCT ENTRE A FENAME - FEDERAÇÃO NACIONAL DO METAL E O SERS - SINDICATO DOS ENGENHEIROS E OUTRO;Contrato coletivo de trabalho;Pluridistrital;2006;2009;9;3;1.221.1 1.234.0 6.8.0
5969;AE ENTRE A ISU - ESTABELECIMENTOS DE SAÚDE E ASSISTENCIA, S A E O STAS -SINDICATO DOS TRABALHADORES DA ACTIVIDADE SEGURADORA . -REVISÃO GLOBAL.;Acordo de empresa;Distrital;2006;2006;1;1;1.85.3
5970;AE ENTRE A LUSOSIDER - AÇOS PLANOS, S A E A FETESE -FEDERAÇÃO DOS SINDICATOS DOS TRABALHADORES DE SERVIÇOS E OUTRO - REVISÃO GLOBAL.;Acordo de empresa;Nacional;2006;2013;8;5;1.361.2 1.5.5 2.26.1 2.26.2 2.26.3
5971;AE ENTRE A NAVEGAÇÃO AÉREA DE PORTUGAL - NAV PORTUGAL, E.P. E. E O SITECSA - SINDICATO DOS TÉCNICOS DE SEGURANÇA AÉREA E OUTROS ( TÉCNICOS DE TELECOMUNICAÇÕES AERONÁUTICAS) - REVISÃO GLOBAL;Acordo de empresa;Nacional;2006;2023;10;3;1.372.0 1.422.0 1.526.0
5972;AE ENTRE A REBOPORT - SOCIEDADE PORTUGUESA DE REBOQUES MARÍTIMOS, SA E O SITEMAQ  - SINDICATO DA MESTRANÇA E MARINHAGEM DA MARINHA MERCANTE, ENERGIA E FOGUEIROS DE TERRA;Acordo de empresa;Nacional;2006;2020;5;2;1.5.5 1.5.6
5973;AE ENTRE A CIMPOR - INDÚSTRIA DE CIMENTOS, SA E A FETESE - FEDERAÇÃO DOS SINDICATOS DOS TRABALHADORES DE SERVIÇOS E OUTROS - REVISÃO GLOBAL;Acordo de empresa;Nacional;2006;2006;7;7;1.133.2 1.15.2 1.286.2 1.548.1 2.26.1 2.32.0 4.5.0
5974;AE ENTRE A TAP- AIR PORTUGAL, SA E O SNPVAC - SINDICATO NACIONAL DO PESSOAL DE VOO DA AVIAÇÃO CIVIL - REVISÃO GLOBAL;Acordo de empresa;Nacional;2006;2021;8;1;1.117.0
5975;AE ENTRE A OGMA - INDÚSTRIA AERONÁUTICA DE PORTUGAL, SA E O SITAVA - SINDICATO DOS TRABALHADORES DA AVIAÇÃO E AEROPORTOS - REVISÃO GLOBAL.;Acordo de empresa;Nacional;2006;2006;1;1;1.372.0
5976;CCT ENTRE A AES - ASSOCIAÇÃO DAS EMPRESAS DE SEGURANÇA PRIVADA E OUTRA E A FETESE - FEDERAÇÃO DOS SINDICATOS DOS TRABALHADORES DE SERVIÇOS E OUTROS - REVISÃO GLOBAL;Contrato coletivo de trabalho;Nacional;2006;2011;29;9;1.133.2 1.300.2 1.361.2 1.548.1 2.26.1 2.26.2 5.439.0 5.439.1 5.440.0
5977;CCT ENTRE A AIPAN - ASSOCIAÇÃO DOS INDUSTRIAIS DE PANIFICAÇÃO, PASTELARIA E SIMILARES DO NORTE E A FESAHT - FEDERAÇÃO DOS SINDICATOS DA AGRICULTURA, ALIMENTAÇÃO, BEBIDAS, HOTELARIA E TURISMO DE PORTUGAL E OUTRAS ( SECTORES DE FABRICO, EXPEDIÇÃO E VENDAS, APOIO E MANUTENÇÃO) - REVISÃO GLOBAL;Contrato coletivo de trabalho;Pluridistrital;2006;2009;18;6;2.21.1 2.39.0 2.40.1 2.46.0 2.48.0 5.257.1
5978;ACT ENTRE A RÁDIO E TELEVISÃO DE PORTUGAL, SGPS, SA E OUTRAS E O SMAV - SINDICATO DOS MEIOS AUDIOVISUAIS E OUTROS - REVISÃO GLOBAL;Acordo coletivo de trabalho;Nacional;2006;2009;43;15;1.133.2 1.15.2 1.221.1 1.296.2 1.296.3 1.385.2 1.440.1 1.504.0 1.516.1 1.516.2 2.26.1 2.52.0 4.5.0 4.6.0 4.7.0
5979;AE ENTRE A REPSOL POLÍMEROS, LDA E A FETESE - FEDERAÇÃO DOS SINDICATOS DOS TRABALHADORES DE SERVIÇOS E OUTROS - ALTERAÇÃO SALARIAL E OUTRAS/TEXTO CONSOLIDADO;Acordo de empresa;Nacional;2006;2025;17;9;1.360.2 1.5.5 1.621.2 2.26.1 2.26.3 2.32.0 2.47.0 4.9.1 4.9.2
5980;CCT ENTRE A ANIL - ASSOCIAÇÃO NACIONAL DOS INDUSTRIAIS DE LACTICÍNIOS E VÁRIOS ORGANIZAÇÕES COOPERATIVAS DE PRODUTORES DE LEITE E O SINDICATO DOS PROFISSIONAIS DE LACTICÍNIOS, ALIMENTAÇÃO, AGRICULTURA, ESCRITÓRIOS, COMÉRCIO, SERVIÇOS, TRANSPORTES RODOVIÁRIOS, META., META, CONST. C. - REV.GLOBAL;Contrato coletivo de trabalho;Nacional;2006;2007;4;2;1.138.1 5.44.2
5981;AE ENTRE A  SAINT GOBAIN GLASS PORTUGAL- VIDRO PLANO, SA E A FEDERAÇÃO PORTUGUESA  DOS SINDICATOS DA CONSTRUÇÃO, CERÃMICA E VIDRO  -REVISÃO GLOBAL.;Acordo de empresa;Distrital;2006;2010;3;1;2.46.0
5982;AE ENTRE A EMPORDEF-TECNOLOGIAS DE INFORMAÇÃO,SA E O SITAVA - SINDICATO DOS TRABALHADORES DA AVIAÇÃO E AEROPORTOS - REVISÃO GLOBAL.;Acordo de empresa;Nacional;2006;2006;1;1;1.372.0
5983;ACT ENTRE A BRISA, AUTO - ESTRADAS DE PORTUGAL, SA E OUTRAS E O SETACCOP - SINDICATO DA CONSTRUÇÃO, OBRAS PÚBLICAS E SERVIÇOS AFINS E OUTROS - REVISÃO GLOBAL.;Acordo coletivo de trabalho;Continente;2006;2006;7;7;1.143.1 1.286.2 2.15.2 2.21.1 2.26.1 2.39.0 2.6.4
5984;ACT ENTRE A CAIMA - INDUSTRIA DE CELULOSE, SA E OUTRA E O SINDICATO DOS TRABALHADORES DAS INDUSTRIAS DE CELULOSE, PAPEL, GRÁFICA E IMPRENSA E OUTROS - REVISÃO GLOBAL;Acordo coletivo de trabalho;Nacional;2006;2006;8;8;1.143.1 1.502.0 1.518.0 2.15.2 2.21.1 2.39.0 2.40.1 2.46.0
5985;ACT ENTRE A CAIMA - INDUSTRIA DE CELULOSE, SA E OUTRA E A FETESE - FEDERAÇÃO DOS SINDICATOS DOS TRABALHADORES DE SERVIÇOS E OUTROS - REVISÃO GLOBAL.;Acordo coletivo de trabalho;Nacional;2006;2006;3;3;1.5.5 2.26.1 2.32.0
5986;CCT ENTRE A ANASE - ASSOCIAÇÃO NACIONAL DOS SERVIÇOS DE LIMPEZA A SECO, LAVANDARIA E TINTURARIA E A FESETE - FEDERAÇÃO DOS SINDICATOS DOS TRABALHADORES TÊXTEIS, LANIFÍCIOS, VESTUÁRIO, CALÇADO E PELES DE PORTUGAL;Contrato coletivo de trabalho;Nacional;2006;2023;12;5;2.20.2 2.40.1 5.517.0 5.517.1 5.517.2
5987;CCT ENTRE A ADIPA - ASSOCIAÇÃO DOS DISTRIBUIDORES DE PRODUTOS ALIMENTARES E OUTRAS E A FETESE - FEDERAÇÃO DOS SINDICATOS DOS TRABALHADORES DE SERVIÇOS E OUTROS - REVISÃO GLOBAL;Contrato coletivo de trabalho;Nacional;2006;2015;35;8;1.133.2 1.548.1 2.26.1 2.26.2 2.26.3 5.283.1 5.31.1 5.8.0
5988;ACT ENTRE A RÁDIO E TELEVISÃO DE PORTUGAL, SGPS, SA E OUTRAS E O STT -SINDICATO DOS TRABALHADORES DE TELECOMUNICAÇÕES E COMUNICAÇÃO AUDIOVISUAL E OUTROS.;Acordo coletivo de trabalho;Nacional;2006;2009;28;9;1.119.1 1.143.1 1.157.2 1.227.0 2.15.2 2.21.1 2.48.0 2.50.0 2.6.4
5989;CCT ENTRE A  ASSOCIAÇÃO PORTUGUESA DAS EMPRESAS DO SECTOR  ELÉCTRICO E ELECTRÓNICO E A FETESE - FEDERAÇÃO DOS SINDICATOS DOS TRABALHADORES DE SERVIÇOS E OUTROS - REVISÃO GLOBAL.;Contrato coletivo de trabalho;Nacional;2006;2026;113;19;1.133.2 1.133.3 1.15.2 1.218.5 1.218.6 1.221.1 1.346.0 1.361.2 1.385.2 1.548.1 2.19.0 2.26.1 2.26.2 2.26.3 2.26.4 2.47.0 4.5.0 5.68.0 5.68.1
5990;CCT ENTRE A CNIS - CONFEDERAÇÃO NACIONAL DAS INSTITUIÇÕES DE SOLIDARIEDADE E A FEDERAÇÃO NACIONAL DOS SINDICATOS DA FUNÇÃO PÚBLICA. -REVISÃO GLOBAL.;Contrato coletivo de trabalho;Nacional;2006;2009;3;1;2.25.1
5991;CCT ENTRE A ANIL - ASSOCIAÇÃO NACIONAL DOS INDUSTRIAIS DE LANIFÍCIOS E OUTRAS E A FESETE - FEDERAÇÃO DOS SINDICATOS DOS TRABALHADORES TÊXTEIS, LANIFÍCIOS, VESTUÁRIO, CALÇADO E PELES DE PORTUGAL E OUTROS - REVISÃO GLOBAL;Contrato coletivo de trabalho;Nacional;2006;2026;61;9;1.502.0 2.15.2 2.20.2 2.33.0 2.50.0 5.324.1 5.362.1 5.362.2 5.44.2
5992;CCT ENTRE A APICCAPS - ASSOCIAÇÃO PORTUGUESA DOS INDUSTRIAIS DE CALÇADO, COMPONENTES E ARTIGOS DE PELE E SEUS SUCEDANEOS E A FESETE - FEDERAÇÃO DOS SINDICATOS DOS TRABALHADORES TEXTEIS, LANIFÍCIOS, VESTUÁRIO, CALÇADO E PELES DE PORTUGAL E OUTROS - REVISÃO GLOBAL;Contrato coletivo de trabalho;Nacional;2006;2008;15;8;1.502.0 2.15.2 2.20.2 2.21.1 2.33.0 2.39.0 2.40.1 5.301.0
5993;CCT ENTRE A ANIVEC/APIV - ASSOCIAÇÃO NACIONAL DAS INDÚSTRIAS DE VESTUÁRIO E CONFECÇÃO E A FESETE - FEDERAÇÃO DOS SINDICATOS DOS TRABALHADORES TÊXTEIS, LANIFÍCIOS, VESTUÁRIO, CALÇADO E PELES DE PORTUGAL - REVISÃO GLOBAL;Contrato coletivo de trabalho;Nacional;2006;2026;32;4;2.20.2 5.58.2 5.58.3 5.58.4
5994;CCT ENTRE A ASSOCIAÇÃO DOS INDUSTRIAIS DE CORDOARIA E REDES E A FESETE - FEDERAÇÃO DOS SINDICATOS DOS TRABALHADORES TÊXTEIS, LANIFÍCIOS, VESTUÁRIO, CALÇADO E PELES DE PORTUGAL - REVISÃO GLOBAL;Contrato coletivo de trabalho;Nacional;2006;2008;5;2;2.20.2 5.29.0
5995;CCT ENTRE A ANIPC - ASSOCIAÇÃO NACIONAL DOS INDUSTRIAIS DE PAPEL E CARTÃO E O SINDICATO DOS TRABALHADORES DAS INDÚSTRIAS DE CELULOSE, PAPEL, GRÁFICA E IMPRENSA - REVISÃO GLOBAL;Contrato coletivo de trabalho;Nacional;2006;2007;4;3;1.502.0 5.277.0 5.277.1
5996;CCT ENTRE A AIM - ASSOCIAÇÃO INDUSTRIAL DO MINHO E A FEDERAÇÃO PORTUGUESA DOS SINDICATOS DA CONSTRUÇÃO, CERÂMICA  E VIDRO - REVISÃO GLOBAL.;Contrato coletivo de trabalho;Pluridistrital;2006;2011;12;4;2.46.0 5.78.0 5.78.1 5.78.2
5997;CONTRATO COLETIVO ENTRE A APIFARMA - ASSOCIAÇAO PORTUGUESA DA INDUSTRIA FARMACEUTICA E O SINDICATO DOS TRABALHADORES E TECNICOS DE SERVIÇOS - SITESE - ALTERAÇAO SALARIAL E OUTRAS/TEXTO CONSOLIDADO;Contrato coletivo de trabalho;Nacional;2006;2022;56;13;1.218.5 1.218.6 1.346.0 1.360.2 1.360.3 2.26.1 2.26.2 2.26.3 2.32.0 2.47.0 4.9.1 4.9.2 5.76.1
5998;ACT ENTRE A RÁDIO E TELEVISDÃO DE PORTUGAL,SGPS, S A E OUTRAS E O SINDICATO DOS JORNALISTAS.;Acordo coletivo de trabalho;Nacional;2006;2007;2;1;1.11.0
5999;CCT ENTRE A UNIHSNOR -UNIÃO DAS  EMPRESAS  DE HOTELARIA DE RESTAURAÇÃO  E DE TURISMO DE PORTUGAL E A FESAHT -FEDERAÇÃO DOS SINDICATOS DA AGRICULTURA, ALIMENTAÇÃO, BEBIDAS, HOTELARIA E TURISMO DE PORTUGAL- REVISÃO GLOBAL.;Contrato coletivo de trabalho;Nacional;2006;2007;4;2;2.40.1 5.578.0
6001;AE ENTRE A UNITED EUROPEAN CAR CARRIERS UNIPESSOAL LDª E A FESMAR - FEDERAÇÃO DE SINDICATOS DOS TRABALHADPORES DO MAR.;Acordo de empresa;Nacional;2006;2008;3;1;2.36.0
6002;CCT ENTRE A ANIL - ASSOCIAÇÃO NACIONAL DOS INDUSTRIAIS DE LANIFÍCIOS E OUTRA E O SINDEQ - SINDICATO DEMOCRÁTICO DA ENERGIA, QUÍMICA, TÊXTIL E INDÚSTRIAS DIVERSAS E OUTROS;Contrato coletivo de trabalho;Nacional;2006;2026;64;11;1.360.2 1.360.3 1.5.5 1.84.2 2.47.0 4.9.1 4.9.2 5.324.0 5.324.1 5.362.1 5.362.2
6003;CCT ENTRE A UNIHSNOR - UNIÃO DAS EMPRESAS DE HOTELARIA,  DE RESTAURAÇÃO E DE TURISMO DE PORTUGAL E A FETESE - FEDERAÇÃO DOS SINDICATOS DOS TRABALHADORES DE SERVIÇOS. - REVISÃO GLOBAL.;Contrato coletivo de trabalho;Nacional;2006;2007;4;2;2.26.1 5.578.0
6004;CCT ENTRE A CNIS - CONFEDERAÇÃO NACIONAL DAS INSTITUIÇÕES DE SOLIDARIEDADE E A FEPCES - FEDERAÇÃO PORTUGUESA DOS SINDICATOS DO COMÉRCIO, ESCRITÓRIOS E SERVIÇOS E OUTROS - REVISÃO GLOBAL;Contrato coletivo de trabalho;Nacional;2006;2009;34;11;1.118.2 1.122.1 1.157.2 1.19.1 1.333.2 2.15.2 2.33.0 2.40.1 2.46.0 2.50.0 2.6.4
6005;AE ENTRE A GESTIPONTE - OPERAÇÃO E MANUTENÇÃO DAS TRAVESSIAS DO TEJO, SA E O SETACCOP - SINDICATO DA CONSTRUÇÃO, OBRAS PÚBLICAS E SERVIÇOS AFINS.;Acordo de empresa;Nacional;2006;2006;1;1;1.286.2
6006;CCT ENTRE A AIT - ASSOCIAÇÃO DOS INDUSTRIAIS DE TOMATE E O SETAA - SINDICATO DA AGRICULTURA, ALIMENTAÇÃO E FLORESTAS - REVISÃO GLOBAL;Contrato coletivo de trabalho;Nacional;2006;2009;4;2;1.103.2 5.55.1
6007;CCT ENTRE A AIT - ASSOCIAÇÃO DOS INDUSTRIAIS DE TOMATE E A FESAHT - FEDERAÇÃO DOS SINDICATOS DA AGRICULTURA, ALIMENTAÇÃO, BEBIDAS, HOTELARIA E TURISMO DE PORTUGAL E OUTROS - REVISÃO GLOBAL.;Contrato coletivo de trabalho;Nacional;2006;2009;10;5;1.31.2 1.548.1 2.26.1 2.40.1 5.55.1
6010;"CCT ENTRE A A.A.N.P - ASSOCIAÇÃO DOS AGENTES DE NAVEGAÇÃO  DE PORTUGAL  E OUTRA E  SIMAMEVIP - SINDICATO DOS TRABALHADORES DA MARINHA MERCANTE; AGÊNCIAS DE VIAGENS, TRANSITÁRIOS E PESCA - REVISÃO GLOBAL";Contrato coletivo de trabalho;Nacional;2006;2008;8;3;1.173.2 5.328.2 5.554.0
6011;AE ENTRE A PARMALT PORTUGAL - PRODUTOS ALIMENTARES, LD.ª E O SETAA - SINDICATO DA AGRICULTURA, ALIMENTAÇÃO E FLORESTAS - ALTERAÇÃO SALARIAL.;Acordo de empresa;Concelhia;2008;2008;1;1;1.103.2
6012;CCT ENTRE A AIBA - ASSOCIAÇÃO DOS INDUSTRIAIS DE BOLACHAS E AFINS E A FESAHT - FEDERAÇÃO DOS SINDICATOS DA AGRICULTURA, ALIMENTAÇÃO, BEBIDAS, HOTELARIA E TURISMO DE PORTUGAL (PESSOAL FABRIL, DE APOIO E MANUTENÇÃO) - REVISÃO GLOBAL;Contrato coletivo de trabalho;Nacional;2006;2008;6;2;2.40.1 5.484.0
6013;CCT ENTRE A APAP - ASSOCIAÇÃO PORTUGUESA DAS EMPRESAS DE PUBLICIDADE E COMUNICAÇÃO E A FETESE - FEDERAÇÃO DOS SINDICATOS DOS TRABALHADORES DE SERVIÇOS E OUTROS - REVISÃO GLOBAL.;Contrato coletivo de trabalho;Nacional;2006;2007;11;6;1.143.1 1.502.0 2.15.2 2.26.1 2.6.4 5.153.2
6015;CCT ENTRE A ASSOCIAÇÃO DOS INDUSTRIAIS DE CORDOARIA E REDES E O SINDEQ -SINDICATO DEMOCRÁTICO DA ENERGIA, QUÍMICA, TÊXTIL E INDUSTRIAS DIVERSAS E OUTROS - 1ª. CONVENÇÃO;Contrato coletivo de trabalho;Nacional;2006;2006;5;5;1.31.2 1.360.1 1.5.5 1.84.2 5.29.0
6016;CCTENTRE ANCIPA - ASSOCIAÇÃO NACIONAL DE COMERCIANTES E INDUSTRIAIS DE PRODUTOS ALIMENTARES E O SETAA - SINDICATO DA AGRICULTURA, ALIMENTAÇÃO E FLORESTAS ( PASTELARIA, CONFEITARIA, CONSERVAÇÃO FRUTA - APOIO E MANUTENÇÃO. REVISÃO GLOBAL;Contrato coletivo de trabalho;Nacional;2006;2008;6;2;1.103.2 5.12.0
6017;CCT ENTRE A AIBA - ASSOCIAÇÃO DOS INDUSTRIAIS DE BOLACHAS E AFINS E A FETICEQ - FEDERAÇÃO DOS TRABALHADORES DAS INDÚSTRIAS CERÂMICA, VIDREIRA, EXTRACTIVA, ENERGIA E QUÍMICA (PESSOAL FABRIL, DE APOIO E MANUTENÇÃO) - REVISÃO GLOBAL;Contrato coletivo de trabalho;Nacional;2006;2008;6;2;2.32.0 5.484.0
6018;CCT ENTRE A ASSOCIAÇÃO NACIONAL DOS INDUSTRIAIS DE PAPEL E CARTÃO E O SINDETELCO - SINDICATO DEMOCRÁTICO DOS TRABALHADORES DAS COMUNICAÇÕES E DOS MÉDIA - REVISÃO GLOBAL;Contrato coletivo de trabalho;Nacional;2006;2007;4;2;1.385.2 5.277.1
6019;CCT ENTRE A ANIECA - ASSOCIAÇÃO NACIONAL DOS INDUSTRIAIS DO ENSINO DE CONDUÇÃO AUTOMÓVEL E O SITRA - SINDICATO DOS TRABALHADORES DOS TRANSPORTES - REVISÃO GLOBAL;Contrato coletivo de trabalho;Nacional;2006;2009;6;2;1.104.3 5.34.0
6020;CCT ENTRE A ANIECA - ASSOCIAÇÃO NACIONAL DOS INDUSTRIAIS DO ENSINO DE CONDUÇÃO AUTOMÓVEL E A FETESE - FEDERAÇÃO DOS SINDICATOS DOS TRABALHADORES DE SERVIÇOS - REVISÃO GLOBAL;Contrato coletivo de trabalho;Nacional;2006;2009;4;2;2.26.1 5.34.0
6021;CCT ENTRE A  HRCENTRO - ASSOCIAÇÃO DOS INDUSTRIAIS DE HOTELARIA E RESTAURAÇÃO DO CENTRO E A FESAHT - FEDERAÇÃO DOS SINDICATOS DA AGRICULTURA, ALIMENTAÇÃO, BEBIDAS, HOTELARIA E TURISMO DE PORTUGAL .- REVISÃO GLOBAL.;Contrato coletivo de trabalho;Pluridistrital;2006;2010;8;2;2.40.1 5.260.1
6022;CCT ENTRE A ANIVEC/APIV - ASSOCIAÇÃO NACIONAL DOS INDUSTRIAIS DE VESTUÁRIO E CONFECÇÃO E O SINDEQ - SINDICATO DEMOCRÁTICO DA ENERGIA, QUÍMICA, TÊXTIL E INDÚSTRIAS DIVERSAS E OUTROS - REVISÃO GLOBAL;Contrato coletivo de trabalho;Nacional;2006;2026;48;10;1.31.2 1.360.2 1.360.3 1.5.5 1.84.2 2.47.0 4.9.2 5.58.2 5.58.4 5.98.2
6025;ACT-ENTRE A ASSOCIAÇÃO DE REGANTES E BENEFICIÁRIOS DO VALE DO SORRAIA  E OUTRAS E O SETAA-SIND. DA AGRICULTURA, ALIMENTAÇÃO E FLORESTAS. REVISÃO GLOBAL;Acordo coletivo de trabalho;Nacional;2006;2008;3;1;1.103.2
6026;CCT ENTRE A ANIET - ASSOCIAÇÃO NACIONAL DA INDÚSTRIA EXTRACTIVA E TRANSFORMADORA E A FEVICCOM - FEDERAÇÃO PORTUGUESA DOS SINDICATOS DA CONSTRUÇÃO, CERÃMICA E VIDRO - REVISÃO GLOBAL;Contrato coletivo de trabalho;Nacional;2006;2009;8;2;2.46.0 5.218.3
6027;AE ENTRE A SOTANCRO - EMBALAGEM DE VIDRO, SA E A FEDERAÇÃO PORTUGUESA DOS SINDICATOS DA CONSTRUÇÃO, CERAMICA E VIDRO E OUTRA;Acordo de empresa;Nacional;2006;2006;2;2;2.15.2 2.46.0
6028;AE ENTRE A IOLA - INDÚSTRIA DE ÓPTICA,SA E A FEVICCONM - FEDERAÇÃO PORTUGUESA DOS SINDICATOS DA CONSTRUÇÃO, CERÂMICA E VIDRO - REVISÃO GLOBAL;Acordo de empresa;Pluridistrital;2006;2017;12;1;2.46.0
6029;ACT ENTRE A UNICER - BEBIDAS DE PORTUGAL, SGPS, SA, E OUTRAS E O SINDICATO NACIONAL DOS TRABALHADORES DA INDÚSTRIA E COMÉRCIO DE ALIMENTAÇÃO, BEBIDAS E AFINS E OUTROS -REVISÃO GLOBAL;Acordo coletivo de trabalho;Nacional;2006;2025;17;7;1.103.2 1.131.4 1.133.2 1.31.2 1.84.2 2.40.1 2.58.0
6030;CCT ENTRE A LIGA PORTUGUESA DE FUTEBOL PROFISSIONAL E A FESAHT - FEDERAÇÃO DOS SINDICATOS DA AGRICULTURA, ALIMENTAÇÃO, BEBIDAS, HOTELARIA E TURISMO DE PORTUGAL - REVISÃO GLOBAL;Contrato coletivo de trabalho;Nacional;2006;2006;2;2;2.40.1 5.319.1
6031;AE ENTRE A SCC - SOCIEDADE CENTRAL  DE CERVEJAS E BEBIDAS, SA E A FESAHT - FEDERAÇÃO DOS SINDICATOS DA AGRICULTURA, ALIMENTAÇÃO, BEBIDAS, HOTELARIA E TURISMO DE PORTUGAL E OUTROS - REVISÃO GLOBAL;Acordo de empresa;Nacional;2006;2013;20;11;1.548.1 2.15.2 2.26.1 2.26.3 2.39.0 2.40.1 2.46.0 2.48.0 2.48.1 2.50.0 2.6.4
6032;CCT ENTRE A ASSOCIAÇÃO LIVRE DOS INDUSTRIAIS DE GESSOS E CALES E O SINDICATO DOS TRABALHADORES DAS INDÚSTRIAS DE CERÂMICA, CIMENTOS, CONSTRUÇÃO E SIMILARES DO DISTRITO DE LEIRIA.;Contrato coletivo de trabalho;Distrital;2006;2008;4;3;1.550.0 1.550.1 5.297.0
6033;CCT ENTRE A ATP - ASSOCIAÇÃO TÊXTIL E VESTUÁRIO DE PORTUGAL E A FESETE - FEDERAÇÃO DOS SINDICATOS DOS TRABALHADORES TÊXTEIS, LANIFÍCIOS, VESTUÁRIO, CALÇADO E PELES DE PORTUGAL - REVISÃO GLOBAL.;Contrato coletivo de trabalho;Nacional;2006;2008;4;2;2.20.2 5.102.2
6034;CCT ENTRE A APICCAPS - ASSOCIAÇÃO PORTUGUESA DOS INDUSTRIAIS DE CALÇADO, COMPONENTES, ARTIGOS DE PELE E SEUS SUCEDANEOS E O SINDEQ - SINDICATO DEMOCRÁTICO DA ENERGIA, QUÍMICA, TÊXTIL E INDUSTRIAS DIVERSAS E OUTROS;Contrato coletivo de trabalho;Nacional;2006;2006;4;4;1.360.2 1.5.5 1.84.2 5.301.0
6035;CCT ENTRE A LIGA PORTUGUESA DE FUTEBOL PROFISSIONAL E A FEPCES - FEDERAÇÃO PORTUGUESA DOS SINDICATOS DO COMÉRCIO, ESCRITÓRIOS E SERVIÇOS E OUTROS - REVISÃO GLOBAL;Contrato coletivo de trabalho;Nacional;2006;2006;6;6;1.133.2 2.15.2 2.21.1 2.26.1 2.6.4 5.319.1
6036;ACT ENTRE A CIMIANTO - SOCIEDADE TÉCNICA DE HIDRÁULICA, SA E OUTRA E A FETESE - FEDERAÇÃO DOS SINDICATOS DOS TRABALHADORES DE SERVIÇOS E OUTROS - REVISÃO GLOBAL;Acordo coletivo de trabalho;Nacional;2006;2007;7;4;1.133.2 1.360.2 1.548.1 2.26.1
6037;AE ENTRE A CHARLINE - SOCIEDADE UNIPESSOAL, LDA E O SNM - SINDICATO NACIONAL DOS MOTORISTAS;Acordo de empresa;Nacional;2006;2006;1;1;1.427.0
6038;CCT ENTRE A ATP - ASSOCIAÇÃO TÊXTIL E VESTUÁRIO DE PORTUGAL E O SINDEQ - SINDICATO DEMOCRÁTICO DA ENERGIA, QUÍMICA, TÊXTIL E INDÚSTRIAS DIVERSAS E OUTRO;Contrato coletivo de trabalho;Nacional;2006;2008;6;3;1.31.2 1.360.2 5.102.2
6039;CCT ENTRE A ASSOCIAÇÃO COMERCIAL DE AVEIRO E OUTRAS E O CESP - SINDICATO DOS TRABALHADORES DO COMÉRCIO, ESCRITÓRIOS E SERVIÇOS DE PORTUGAL - REVISÃO GLOBAL;Contrato coletivo de trabalho;Distrital;2007;2011;10;5;1.518.0 5.164.0 5.165.0 5.165.1 5.200.1
6040;CCT ENTRE A ASSOCIAÇÃO COMERCIAL DE AVEIRO E OUTRAS E O SINDCES - SINDICATO DO COMÉRCIO, ESCRITÓRIOS E SERVIÇOS - REVISÃO GLOBAL.;Contrato coletivo de trabalho;Distrital;2007;2011;10;5;1.222.2 5.164.0 5.165.0 5.165.1 5.200.1
6041;ACT ENTRE A SOCIEDADE DE PANIFICAÇÃO DO SUL DO TEJO, LDA E OUTRAS E A FESAHT - FEDERAÇÃO DOS SINDICATOS DA AGRICULTURA, ALIMENTAÇÃO, BEBIDAS, HOTELARIA E TURISMO DE PORTUGAL;Acordo coletivo de trabalho;Nacional;2007;2009;3;1;2.40.1
6042;CCT ENTRE A FENAME - FEDERAÇÃO NACIONAL DO METAL E O SQTD - SINDICATO DOS QUADROS E TÉCNICOS DE DESENHO - REVISÃO GLOBAL;Contrato coletivo de trabalho;Nacional;2007;2008;6;2;1.143.1 6.8.0
6043;CCT ENTRE A APAVT - ASSOCIAÇÃO PORTUGUESA DAS AGÊNCIAS  DE VIAGENS E TURISMO E O SIMAMEVIP - SINDICATO DOS TRABALHADORES DA MARINHA MERCANTE, AGÊNCIAS DE VIAGENS, TRANSITÁRIOS E PESCA - REVISÃO GLOBAL;Contrato coletivo de trabalho;Nacional;2007;2008;4;2;1.173.2 5.132.0
6044;CCT ENTRE A FAPEL - ASSOCIAÇÃO PORTUGUESA DE FABRICANTES DE PAPEL E CARTÃO E A FETESE - FEDERAÇÃO DOS SINDICATOS DOS TRABALHADORES DE SERVIÇOS E OUTROS - REVISÃO GLOBAL.;Contrato coletivo de trabalho;Nacional;2007;2008;14;7;1.133.2 1.31.2 1.385.2 1.548.1 2.26.1 2.32.0 5.282.1
6045;AE ENTRE A RÁDIO  RENASCENÇA LDª,  E O SMAV - SINDICATO DOS MEIOS AUDIOVISUAIS - REVISÃO GLOBAL.;Acordo de empresa;Nacional;2007;2008;2;1;1.440.1
6046;AE ENTRE O BANCO DE PORTUGAL E O SINDICATO DOS BANCÁRIOS DO NORTE;Acordo de empresa;Pluridistrital;2007;2009;3;1;1.209.0
6047;CCT ENTRE A AEEP - ASSOCIAÇÃO DOS ESTABELECIMENTOS DE ENSINO PARTICULAR E COOPERATIVO E A FNE - FEDERAÇÃO NACIONAL DOS SINDICATOS DA EDUCAÇÃO E OUTROS ¿ REVISÃO GLOBAL;Contrato coletivo de trabalho;Nacional;2007;2011;40;13;1.103.2 1.104.3 1.133.2 1.133.3 1.225.2 1.300.2 1.368.2 1.377.2 1.393.1 2.26.1 2.26.3 2.31.1 5.223.2
6048;CCT ENTRE A AEEP - ASSOCIAÇÃO DOS ESTABELECIMENTOS DE ENSINO PARTICULAR E COOPERATIVO E A FENPROF - FEDERAÇÃO NACIONAL DOS PROFESSORES E OUTROS - REVISÃO GLOBAL;Contrato coletivo de trabalho;Nacional;2007;2011;30;10;1.118.2 1.122.1 1.152.2 1.157.2 1.248.4 2.15.2 2.21.1 2.33.0 2.50.0 5.223.2
6049;CCT ENTRE A AEEP - ASSOCIAÇÃO DOS ESTABELECIMENTOS DE ENSINO PARTICULAR E COOPERATIVO E O SINAPE -  SINDICATO NACIONAL DOS PROFISSIONAIAS DA EDUCAÇÃO -REVISÃO GLOBAL.;Contrato coletivo de trabalho;Nacional;2007;2009;4;2;1.377.2 5.223.2
6050;CCT ENTRE A AEEP - ASSOCIAÇÃO DOS ESTABELECIMENTOS DE ENSINO PARTICULAR E COOPERATIVO E O SPLIU - SINDICATO NACIONAL DOS PROFESSORES LICENCIADOS PELOS POLITÉCNICOS E UNIVERSIDADES ¿ REVISÃO GLOBAL.;Contrato coletivo de trabalho;Nacional;2007;2011;8;2;1.489.2 5.223.2
6051;AE ENTRE A SPA - SOCIEDADE PORTUGUESA DE AUTORES E A FETESE - FEDERAÇÃO DOS SINDICATOS DOS TARBALHADORES DE SERVIÇO E OUTROS - REVISÃO GLOBAL.;Acordo de empresa;Nacional;2007;2008;6;4;1.404.1 1.518.0 2.26.1 2.6.4
6052;CCT ENTRE A ASSOCIAÇÃO NACIONAL DOS INDUSTRIAIS DE MOAGEM DE TRIGO, MILHO E CENTEIO E A FESAHT- FEDERAÇÃO DOS SINDICATOS DA AGRICULTURA, ALIMENTAÇÃO, BEBIDAS, HOTELARIA E TURISMO DE PORTUGAL ¿ REVISÃO GLOBAL;Contrato coletivo de trabalho;Continente;2007;2009;6;2;2.40.1 5.106.1
6053;ACT ENTRE A CAIMA - INDÚSTRIA DE CELULOSE,SA E OUTRA E O SINDICATO DOS TRABALHADORES DAS INDÚSTRIAS DE CELULOSE, PAPEL, GRÁFICA E IMPRENSA E OUTROS - REVISÃO GLOBAL;Acordo coletivo de trabalho;Nacional;2007;2007;8;8;1.143.1 1.502.0 1.518.0 2.15.2 2.21.1 2.39.0 2.40.1 2.46.0
6054;ACT ENTRE A CAIMA - INDÚSTRIA DE CELULOSE, SA E OUTRA E A FETESE - FEDERAÇÃO DOS SINDICATOS DOS TRABALHADORES DE SERVIÇOS E OUTROS - REVISÃO GLOBAL;Acordo coletivo de trabalho;Nacional;2007;2007;3;3;1.5.5 2.26.1 2.32.0
6055;CCT ENTRE A AIPAN - ASSOCIAÇÃO DOS INDUSTRIAIS DE PANIFICAÇÃO, PASTELARIA E SIMILARES DO NORTE E A FEPCES - FEDERAÇÃO PORTUGUESA DOS SINDICATOS DO COMÉRCIO, ESCRITÓRIOS E SERVIÇOS E OUTROS (ADMINISTRATIVOS/NORTE)-REVISÃO GLOBAL;Contrato coletivo de trabalho;Pluridistrital;2007;2009;12;4;1.133.2 2.26.1 2.6.4 5.257.1
6056;ACT ENTRE A DOURO AZUL - SOCIEDADE MARÍTIMO - TURÍSTICA, S.A.. E OUTRA E A FESMAR  - FEDERAÇÃO DE SINDICATOS DOS TRABALHADORES DO MAR E OUTRA - REVISÃO GLOBAL.;Acordo coletivo de trabalho;Nacional;2007;2017;13;3;2.26.1 2.26.2 2.36.0
6057;AE ENTRE A PT COMUNICAÇÕES, SA E O SINDETELCO - SINDICATO DEMOCRÁTICO DOS TRABALHADORES DAS COMUNICAÇÕES E DOS MÉDIA E OUTROS - REVISÃO GLOBAL;Acordo de empresa;Nacional;2007;2007;10;10;1.15.2 1.218.5 1.221.1 1.234.0 1.236.1 1.296.3 1.385.2 1.433.1 2.26.1 4.5.0
6058;CCT ENTRE A ALIF - ASSOCIAÇÃO DA INDÚSTRIA ALIMENTAR PELO FRIO E O SETAA - SINDICATO DA AGRICULTURA, ALIMENTAÇÃO E FLORESTAS - REVISÃO GLOBAL.;Contrato coletivo de trabalho;Nacional;2007;2009;6;2;1.103.2 5.241.1
6059;CCT ENTRE A APEQ - ASSOCIAÇÃO PORTUGUESA DAS EMPRESAS QUÍMICAS E OUTRAS E A FETESE - FEDERAÇÃO DOS SINDICATOS DOS TRABALHADORES DE SERVIÇOS E OUTROS - REVISÃO GLOBAL;Contrato coletivo de trabalho;Nacional;2007;2026;184;30;1.15.2 1.218.5 1.218.6 1.346.0 1.360.2 1.360.3 1.5.5 1.548.1 2.26.1 2.47.0 4.9.1 4.9.2 5.105.0 5.154.1 5.154.2 5.154.3 5.24.0 5.38.1 5.38.2 5.40.1 5.426.1 5.461.0 5.461.1 5.626.0 5.71.0 5.71.1 5.72.0 5.86.0 5.86.1 5.86.2
6060;ACORDO DE EMPRESA ENTRE A DAI - SOCIEDADE DE DESENVOLVIMENTO AGRO - INDUSTRIAL, S.A. E O SITEMAQ - SINDICATO DA MESTRANÇA E MARINHAGEM DA MARINHA MERCANTE, ENERGIA E FOGUEIROS DE TERRA - ALTERAÇÃO SALARIAL E OUTRAS/ TEXTO CONSOLIDADO;Acordo de empresa;Nacional;2007;2013;5;4;1.5.5 2.26.1 2.26.2 2.26.3
6061;ACT ENTRE A BRISA - AUTO-ESTRADAS DE PORTUGAL, SA E OUTRAS E O SETACCOP - SINDICATO DA CONSTRUÇÃO, OBRAS PÚBLICAS E SERVIÇOS AFINS E OUTROS - REVISÃO GLOBAL.;Acordo coletivo de trabalho;Continente;2007;2009;21;10;1.143.1 1.286.2 2.15.2 2.21.1 2.26.1 2.39.0 2.46.0 2.48.0 2.50.0 2.6.4
6062;CCT ENTRE A ANICP - ASSOCIAÇÃO NACIONAL DOS INDUSTRIAIS DE CONSERVAS DE PEIXE E A FESAHT - FEDERAÇÃO DOS SINDICATOS DA AGRICULTURA, ALIMENTAÇÃO, BEBIDAS, HOTELARIA E TURISMO DE PORTUGAL E OUTRAS ¿ REVISÃO GLOBAL.;Contrato coletivo de trabalho;Nacional;2007;2017;34;10;2.15.2 2.21.1 2.39.0 2.40.1 2.46.0 2.48.0 2.48.1 2.50.0 2.58.0 5.306.2
6063;ACORDO DE EMPRESA ENTRE A TRANSPORTES AÉREOS PORTUGUESES, SA E O SINDICATO DAS INDUSTRIAS METALÚRGICAS E AFINS - SIMA E OUTROS - ACORDO TEMPORÁRIO DE EMERGÊNCIA;Acordo de empresa;Nacional;2007;2021;21;7;1.298.2 1.341.1 1.346.0 1.372.0 1.470.0 1.517.0 1.639.1
6064;AE ENTRE O SINDICATO DOS BANCÁRIOS DO SUL E ILHAS E O SEP - SINDICATO DOS ENFERMEIROS PORTUGUESES PARA OS ENFERMEIROS AO SERVIÇO DOS SAMS - SERVIÇOS DE ASSISTÊNCIA MÉDICO - SOCIAL DO SINDICATO DOS BANCÁRIOS DO SUL E ILHAS - REVISÃO GLOBAL;Acordo de empresa;Concelhia;2007;2007;2;2;1.110.0 1.157.2
6065;CCT ENTRE A ASSOCIAÇÃO DOS AGRICULTORES DOS CONCELHOS DE ABRANTES, CONSTÂNCIA, SARDOAL E MAÇÃO E A FESAHT - FEDERAÇÃO DOS SINDICATOS DA AGRICULTURA, ALIMENTAÇÃO, BEBIDAS , HOTELARIA E TURISMO DE PORTUGAL E OUTROS -REVISÃO GLOBAL;Contrato coletivo de trabalho;Distrital;2007;2008;12;8;1.144.1 1.532.0 1.532.1 1.565.0 2.40.1 2.46.0 2.50.0 5.406.0
6066;CCT ENTRE A AANP - ASSOCIAÇÃO DOS AGENTES DE NAVEGAÇÃO DE PORTUGAL E OUTRA E O SAMP - SINDICATO DOS TRABALHADORES ADMINISTRATIVOS E MARÍTIMO-PORTUÁRIO - REVISÃO GLOBAL;Contrato coletivo de trabalho;Nacional;2007;2008;6;3;1.334.1 5.328.2 5.554.0
6067;AE ENTRE A OGMA - INDÚSTRIA AERONÁUTICA DE PORTUGAL S.A. E O SITAVA - SINDICATO DOS TRABALHADORES DA AVIAÇÃO E AEROPORTOS E OUTRO - REVISÃO GLOBAL.;Acordo de empresa;Nacional;2007;2010;4;2;1.340.0 1.372.0
6068;CCT ENTRE A ASSOCIAÇÃO DOS AGRICULTORES DO BAIXO ALENTEJO E A FESAHT - FEDERAÇÃO DOS SINDICATOS DA AGRICULTURA, ALIMENTAÇÃO, BEBIDAS, HOTELARIA E TURISMO DE PORTUGAL -REVISÃO GLOBAL.;Contrato coletivo de trabalho;Distrital;2007;2011;10;2;2.40.1 5.321.0
6069;CCT ENTRE A AHP -ASSOCIAÇÃO DOS HOTÉIS DE PORTUGAL E A FETESE -FEDERAÇÃO DOS SINDICATOS DOS TRABALHADORES DE SERVIÇOS - REVISÃO GLOBAL.;Contrato coletivo de trabalho;Continente;2007;2008;4;3;2.26.1 5.345.0 5.345.1
6070;CCT ENTRE A ANACS - ASSOCIAÇÃO NACIONAL DE AGENTES E CORRETORES DE SEGUROS E O STAS - SINDICATO DOS TRABALHADORES DA ACTIVIDADE SEGURADORA - REVISÃO GLOBAL;Contrato coletivo de trabalho;Nacional;2007;2009;4;2;1.85.3 5.477.0
6071;CCT ENTRE A ASSOCIAÇÃO DOS AGRICULTORES DO CONCELHO DE VILA REAL E A FESAHT - FEDERAÇÃO DOS SINDICATOS DA AGRICULTURA, ALIMENTAÇÃO, BEBIDAS, HOTELARIA E TURISMO DE PORTUGAL - REVISÃO GLOBAL;Contrato coletivo de trabalho;Concelhia;2007;2008;4;2;2.40.1 5.360.0
6073;CONTRATO COLETIVO ENTRE A ANESM - ASSOCIAÇAO NACIONAL DE EMPRESAS DE SERVIÇOS DE MERCHANDISING E O SITESE - SINDICATO DOS TRABALHADORES E TECNICOS DE SERVIÇOS - ALTERAÇAO SALARIAL E OUTRAS;Contrato coletivo de trabalho;Nacional;2009;2016;10;5;1.218.5 2.26.1 2.26.2 2.26.3 5.549.0
6074;CCT ENTRE A ANCIA - ASSOCIAÇÃO NACIONAL DE CENTROS DE INSPECÇÃO AUTOMÓVEL E A FETESE  - FEDERAÇÃO DOS SINDICATOS DOS TRABALHADORES DE SERVIÇOS E OUTRO - 1ª. CONVENÇÃO;Contrato coletivo de trabalho;Continente;2007;2010;9;4;1.286.2 2.26.1 2.26.2 5.558.0
6075;CCT ENTRE A ANCIPA - ASSOCIAÇÃO NACIONAL DE COMERCIANTES E INDUSTRIAIS DE PRODUTOS ALIMENTARES E A FESAHT - FEDERAÇÃO DOS SINDICATOS DA AGRICULTURA, ALIMENTAÇÃO, BEBIDAS, HOTELARIA E TURISMO DE PORTUGAL (PASTELARIA, CONFEITARIA E CONSERVAÇÃO DE FRUTA - PESSOAL FABRIL) - REVISÃO GLOBAL;Contrato coletivo de trabalho;Nacional;2007;2009;6;2;2.40.1 5.12.0
6076;AE ENTRE A SPDH - SERVIÇOS PORTUGUESES DE HANDLING, SA E O SIMA - SINDICATO DAS INDÚSTRIAS METALÚRGICAS E AFINS E OUTROS;Acordo de empresa;Continente;2007;2007;4;4;1.341.1 1.346.0 1.372.0 1.470.0
6077;AE ENTRE SPDH - SERVIÇOS PORTUGUESES DE HANDLING, SA E O STHA - SINDICATO DOS TÉCNICOS DE HANDLING DE AEROPORTOS;Acordo de empresa;Nacional;2007;2007;1;1;1.517.0
6078;AE ENTRE O CFPSA - CENTRO DE FORMAÇÃO PARA O SECTOR ALIMENTAR E A FETESE - FEDERAÇÃO DOS SINDICATOS DOS TRABALHADORES DE SERVIÇOS - REVISÃO GLOBAL;Acordo de empresa;Nacional;2007;2007;1;1;2.26.1
6079;CCT ENTRE A ANCIPA - ASSOCIAÇÃO NACIONAL DE COMERCIANTES E INDUSTRIAIS DE PRODUTOS ALIMENTARES ( INDUSTRIA DE HORTOFRUTÍCOLAS) E A FESAHT - FEDERAÇÃO DOS SINDICATOS DA AGRICULTURA, ALIMENTAÇÃO, BEBIDAS, HOTELARIA E TURISMO DE PORTUGAL E OUTROS - REVISÃO GLOBAL;Contrato coletivo de trabalho;Nacional;2007;2009;22;10;1.31.2 1.548.1 1.8.2 2.15.2 2.40.1 2.46.0 2.48.0 2.50.0 2.6.4 5.12.0
6080;CCT ENTRE A ANCIPA - ASSOCIAÇÃO NACIONAL DE COMERCIANTES E INDUSTRIAIS DE PRODUTOS ALIMENTARES E A FESAHT - FEDERAÇÃO DOS SINDICATOS DA AGRICULTURA, ALIMENTAÇÃO, BEBIDAS, HOTELARIA E TURISMO  DE PORTUGAL E OUTRA ( INDÚSTRIA DE BATATA FRITA, APERITIVOS E SIMILARES ) - REVISÃO GLOBAL;Contrato coletivo de trabalho;Nacional;2007;2008;6;3;2.40.1 2.6.4 5.12.0
6081;CCT ENTRE A ANCIPA - ASSOCIAÇÃO NACIONAL DE COMERCIANTES E INDUSTRIAIS DE PRODUTOS ALIMENTARES E O SETAA - SINDICATO DA AGRICULTURA, ALIMENTAÇÃO E FLORESTAS ( PASTELARIA, CONFEITARIA E CONSERVAÇÃO DE FRUTA - PESSOAL FABRIL) - REVISÃO GLOBAL;Contrato coletivo de trabalho;Nacional;2007;2009;6;2;1.103.2 5.12.0
6082;CCT ENTRE A ALIF - ASSOCIAÇÃO DA INDÚSTRIA ALIMENTAR PELO FRIO E O SINDEPESCAS - SINDICATO DEMOCRÁTICO DAS PESCAS - REVISÃO GLOBAL;Contrato coletivo de trabalho;Nacional;2007;2007;2;2;1.4.1 5.241.1
6083;AE ENTRE A COOPERATIVA AGRÍCOLA DOS FRUTICULTORES DA COVA DA BEIRA, CRL E O SETAA - SINDICATO DA AGRICULTURA, ALIMENTAÇÃO E FLORESTAS REVISÃO GLOBAL;Acordo de empresa;Distrital;2007;2008;2;1;1.103.2
6084;AE ENTRE A GESTIPONTE - OPERAÇÃO E MANUTENÇÃO DAS TRAVESSIAS DO TEJO, SA E O SETACCOP - SINDICATO DA CONSTRUÇÃO, OBRAS PÚBLICAS E SERVIÇOS AFINS - REVISÃO GLOBAL;Acordo de empresa;Nacional;2007;2007;1;1;1.286.2
6085;AE ENTRE A RÁDIO RENASCENÇA, LDª. E O STT - SINDICATO DOS TRABALHADORES DE TELECOMUNICAÇÕES E COMUNICAÇÃO AUDIOVISUAL - REVISÃO GLOBAL;Acordo de empresa;Nacional;2007;2008;2;1;1.119.1
6086;CCT ENTRE FPAS - FEDERAÇÃO PORTUGUESA DE ASSOCIAÇÕES DE SUINICULTORES E OUTRA E A FESAHT - FEDERAÇÃO DOS SINDICATOS DA AGRICULTURA, ALIMENTAÇÃO, BEBIDAS, HOTELARIA E TURISMO DE PORTUGAL - REVISÃO GLOBAL;Contrato coletivo de trabalho;Nacional;2007;2010;8;3;2.40.1 5.295.0 6.15.0
6087;AE ENTRE A NAVEGAÇÃO ÁREA DE PORTUGAL - NAV PORTUGAL, E.P.E. E O SINCTA - SINDICATO DOS CONTROLADORES DE TRÁFEGO ÁREO - REVISÃO GLOBAL.;Acordo de empresa;Nacional;2007;2007;1;1;1.383.0
6088;CCT ENTRE A APICER -ASSOCIAÇÃO PORTUGUESA DA INDÚSTRIA DE CERÃMICA E A FETICEQ -FEDERAÇÃO  DOS TRABALHADORES DAS INDÚSTRIAS  CERÂMICA,  VIREIRA, EXTRACTIVA, ENERGIA E QUÍMICA (PESSOAL FABRIL);Contrato coletivo de trabalho;Nacional;2007;2008;4;2;2.32.0 5.511.0
6089;CCT ENTRE A APICER -ASSOCIAÇÃO PORTUGUESA DA INDÚSTRIA DE CERÃMICA E O SINDICATO NACIONAL DOS TRABALHADORES DAS INDÚSTRIAS  DE CERÂMICA, CIMENTOS, CONSTRUÇÃO E SIMILARES E OUTRO (PESSOAL FABRIL);Contrato coletivo de trabalho;Nacional;2007;2007;3;3;1.519.0 1.550.0 5.511.0
6090;CCT ENTRE A ANCIPA - ASSOCIAÇÃO NACIONAL DE COMERCIANTES E INDUSTRIAIS DE PRODUTOS ALIMENTARES E O SETAA - SINDICATO DA AGRICULTURA, ALIMENTAÇÃO E FLORESTAS (INDÚSTRIA DE HORTOFRUTÍCOLAS) - REVISÃO GLOBAL.;Contrato coletivo de trabalho;Nacional;2007;2009;6;2;1.103.2 5.12.0
6091;CCT ENTRE A ANCIPA - ASSOCIAÇÃO NACIONAL DE COMERCIANTES E INDUSTRIAIS DE PRODUTOS ALIMENTARES E O SETAA - SINDICATO DA AGRICULTURA, ALIMENTAÇÃO E FLORESTAS (INDÚSTRIA DE BATATA FRITA, APERITIVOS E SIMILARES) - REVISÃO GLOBAL;Contrato coletivo de trabalho;Nacional;2007;2009;6;2;1.103.2 5.12.0
6093;ACT ENTRE A CELTEJO - EMPRESA DE CELULOSE DO TEJO, SA E OUTRA E A FIEQUIMETAL - FEDERAÇÃO INTERSINDICAL DAS INDÚSTRIAS METALÚRGICA, QUÍMICA, FARMACÊUTICA, ELÉCTRICA, ENERGIA E MINAS E OUTROS - REVISÃO GLOBAL;Acordo coletivo de trabalho;Continente;2007;2008;10;6;1.143.1 1.502.0 2.15.2 2.48.0 2.50.0 2.6.4
6094;ACT ENTRE A CELTEJO - EMPRESA DE CELULOSE DO TEJO, SA E OUTRA E A FETESE - FEDERAÇÃO DOS SINDICATOS DOS TRABALHADORES DE SERVIÇOS E OUTROS - REVISÃO GLOBAL;Acordo coletivo de trabalho;Continente;2007;2008;6;3;1.5.5 2.26.1 2.32.0
6095;CCT ENTRE  A CAP - CONFEDERAÇÃO DOS AGRIICULTORES DE PORTUGAL E A FESAHT - FEDERAÇÃO DOS SINDICATOS DA AGRICULTURA , ALIMENTAÇÃO, BEBIDAS, HOTELARIA E TURISMO DE PORTUGAL;Contrato coletivo de trabalho;Pluridistrital;2007;2011;10;2;2.40.1 8.3.0
6096;CCT ENTRE A CAP - CONFEDERAÇÃO DOS  AGRICULTORES DE PORTUGAL E  O SETAA- SINDICATO DA AGRICULTURA, ALIMENTAÇÃO E FLORESTAS- REVISÃO GLOBAL;Contrato coletivo de trabalho;Pluridistrital;2007;2010;6;2;1.103.2 8.3.0
6097;CCT ENTRE A ASSOCIAÇÃO DOS AGRICULTORES DO BAIXO ALENTEJO E O SETAA - SINDICATO DA AGRICULTURA, ALIMENTAÇÃO E FLORESTAS -REVISÃO GLOBAL;Contrato coletivo de trabalho;Distrital;2007;2009;6;2;1.103.2 5.321.0
6098;AE ENTRE A GATE GOURMET PORTUGAL - SERVIÇOS DE CATERING, LDª.  E A FESAHT - FEDERAÇÃO DOS SINDICATOS DA ALIMENTAÇÃO, BEBIDAS, HOTELARIA E TURISMO DE PORTUGAL E OUTRAS;Acordo de empresa;Nacional;2007;2017;8;6;2.15.2 2.40.1 2.48.0 2.50.0 2.58.0 2.6.4
6099;ACT ENTRE O CCP - CLUBE DE CAMPISMO DO PORTO E OUTRO E O SITESC - SINDICATO DE QUADROS, TÉCNICOS ADMINISTRATIVOS, SERVIÇOS E NOVAS TECNOLOGIAS.;Acordo coletivo de trabalho;Nacional;2007;2007;1;1;1.133.2
6100;AE ENTRE  A STCP - SOCIEDADE DE TRANSPORTES COLECTIVOS DO PORTO, S. A. , E O STTAMP ¿ SINDICATO DOS TRABALHADORES DE TRANSPORTES DA ÁREA METROPOLITANA DO PORTO E OUTRO -  REVISÃO GLOBAL.;Acordo de empresa;Distrital;2007;2026;13;3;1.143.1 1.298.1 1.298.2
6101;CCT ENTRE A ASSOCIAÇÃO DOS COMERCIANTES DO PORTO E OUTRAS E O CESP - SINDICATO DOS TRABALHADORES DO COMÉRCIO, ESCRITÓRIOS E SERVIÇOS DE PORTUGAL E OUTROS - REVISÃO GLOBAL;Contrato coletivo de trabalho;Pluridistrital;2007;2011;54;29;1.133.2 1.133.3 1.143.1 1.518.0 2.26.1 2.26.3 5.180.0 5.182.1 5.182.2 5.185.2 5.186.1 5.187.2 5.192.2 5.193.0 5.193.1 5.194.1 5.194.2 5.197.2 5.209.1 5.209.2 5.212.2 5.212.3 5.250.1 5.357.0 5.357.1 5.46.1 5.598.0 5.73.1 5.98.1
6102;AE ENTRE O BANCO DE PORTUGAL E O SINDICATO DOS BANCÁRIOS DO CENTRO;Acordo de empresa;Pluridistrital;2007;2009;2;1;1.57.0
6103;CCT ENTRE A LIGA PORTUGUESA DE FUTEBOL PROFISSIONAL E A FESAHT - FEDERAÇÃO DOS SINDICATOS DA AGRICIULTURA, ALIMENTAÇÃO, BEBIDAS, HOTELARIA E TURISMO DE PORTUGAL - REVISÃO GLOBAL;Contrato coletivo de trabalho;Nacional;2008;2008;2;2;2.40.1 5.319.1
6104;CCT ENTRE A ACOPE - ASSOCIAÇÃO DOS COMERCIANTES DE PESCADO E O SINDEPESCAS - SINDICATO DEMOCRÁTICO DAS PESCAS E OUTROS -REVISÃO GLOBAL;Contrato coletivo de trabalho;Continente;2008;2008;6;6;1.104.3 1.133.2 1.4.1 1.548.1 2.26.1 5.94.0
6105;AE ENTRE O BANCO DE PORTUGAL E O SINDICATO DOS BANCÁRIOS DO SUL E ILHAS;Acordo de empresa;Pluridistrital;2008;2009;2;1;1.110.0
6106;AE ENTRE A EMSUAS - EMPRESA MUNICIPAL DE SERVIÇOS URBANOS DE ALCÁCER DO SAL, E.M. E O STAL - SINDICATO NACIONAL DOS TRABALHADORES DA ADMINISTRAÇÃO LOCAL;Acordo de empresa;Concelhia;2008;2008;1;1;1.306.0
6107;CCT ENTRE A ANIL  - ASSOCIAÇÃO NACIONAL DOS INDUSTRIAIS DE LACTICÍNIOS E VÁRIAS ORGANIZAÇÕES COOPERATIVAS DE PRODUTORES DE LEITE E O SINDICATO DOS PROFISSIONAIS DE LACTICÍNIOS, ALIMENTAÇÃO,  AGRICULTURA, ESCRITÓRIOS, COMÉRCIO, SERVIÇOS, TRANSP. ROD, METALOM. METAL, CONST.CIVIL E MADEIRAS-REV.GLOBAL;Contrato coletivo de trabalho;Nacional;2008;2026;30;3;1.138.1 1.389.1 5.44.2
6108;CCT ENTRE A APEB - ASSOCIAÇÃO PORTUGUESA DAS EMPRESAS DE BETÃO PRONTO E A FETESE - FEDERAÇÃO DOS SINDICATOS DOS TRABALHADORES DE SERVIÇOS E OUTROS - REVISÃO GLOBAL;Contrato coletivo de trabalho;Nacional;2008;2008;7;7;1.104.3 1.133.2 1.15.2 1.286.2 2.26.1 2.32.0 5.392.0
6109;CCT ENTRE A LIGA PORTUGUESA DE FUTEBOL PROFISSIONAL E A FEPCES - FEDERAÇÃO PORTUGUESA DOS SINDICATOS DO COMÉRCIO, ESCRITÓRIOS E SERVIÇOS E OUTROS - REVISÃO GLOBAL;Contrato coletivo de trabalho;Nacional;2008;2008;6;6;1.133.2 2.15.2 2.26.1 2.48.0 2.6.4 5.319.1
6110;CCT ENTRE A ITA - ASSOCIAÇAO PORTUGUESA DOS INDUSTRIAIS DE TRIPAS E AFINS E O SINDICATO DOS TRABALHADORES DA INDÚSTRIA E COMÉRCIO DE CARNES DO SUL E OUTRO - REVISÃO GLOBAL;Contrato coletivo de trabalho;Nacional;2008;2010;5;3;1.151.1 1.282.1 5.312.0
6111;AE ENTRE A EPAL - EMPRESA PORTUGUESA DAS ÁGUAS LIVRES, SA E O SINDICATO DOS TRABALHADORES DA INDÚSTRIA METALÚRGICA E METALOMECÂNICA DOS DISTRITOS DE LISBOA, SANTARÉM E CASTELO BRANCO E OUTROS - REVISÃO GLOBAL;Acordo de empresa;Pluridistrital;2008;2026;70;25;1.129.1 1.143.1 1.144.1 1.15.2 1.152.2 1.194.3 1.218.6 1.221.1 1.248.4 1.261.0 1.286.2 1.286.3 1.360.2 1.360.3 1.361.2 1.404.1 1.500.0 1.518.0 1.532.1 1.591.0 1.621.2 2.26.1 2.32.0 2.50.0 4.5.0
6112;ACT ENTRE A CAIMA - INDÚSTRIA DE CELULOSE E OUTRA E A FETESE - FEDERAÇÃO DOS SINDICATOS DOS TRABALHADORES DE SERVIÇOS E OUTROS - REVISÃO GLOBAL;Acordo coletivo de trabalho;Nacional;2008;2008;3;3;1.5.5 2.26.1 2.32.0
6113;AE ENTRE A EMPRESA LAUAK PORTUGUESA, LDA - INDÚSTRIA AERONÁUTICA E O SINDICATO DOS TRABALHADORES DA AVIAÇÃO E AEROPORTOS - SITAVA;Acordo de empresa;Nacional;2008;2011;2;1;1.372.0
6114;AE ENTRE OS CTT - CORREIOS DE PORTUGAL, SA E O SINDETELCO - SINDICATO DEMOCRÁTICO DOS TRABALHADORES DAS COMUNICAÇÕES E DOS MÉDIA E OUTROS - REVISÃO GLOBAL;Acordo de empresa;Nacional;2008;2009;20;13;1.15.2 1.221.1 1.224.0 1.236.1 1.296.3 1.338.3 1.385.2 1.451.0 1.504.0 1.516.2 1.536.0 4.5.0 4.6.0
6115;CCT ENTRE A ASSOCIAÇÃO PORTUGUESA DE FACILITY SERVICES E A FETESE - FEDERAÇÃO DOS SINDICATOS DOS TRABALHADORES DE SERVIÇOS E OUTROS - REVISÃO GLOBAL;Contrato coletivo de trabalho;Continente;2008;2008;4;4;1.133.2 1.300.2 2.26.1 5.274.1
6116;ACT ENTRE A LUTAMAR-PRESTAÇÃO DE SERVIÇOS À NAVEGAÇÃO, LDª, E OUTRAS E O SITEMAQ - SINDICATO DA MESTRANÇA E MARINHAGEM DA MARINHA MERCANTE, ENERGIA E FOGUEIROS DE TERRA;Acordo coletivo de trabalho;Concelhia;2008;2009;2;1;1.5.5
6117;AE ENTRE A CELULOSE BEIRA INDUSTRIAL (CELBI), SA E O SIFOMATE - SINDICATO DOS FOGUEIROS, ENERGIA E INDÚSTRIAS TRANSFORMADORAS E OUTROS - REVISÃO GLOBAL;Acordo de empresa;Nacional;2008;2024;31;9;1.234.0 1.31.2 1.360.2 1.360.3 1.5.5 2.32.0 2.47.0 4.9.1 4.9.2
6118;AE ENTRE O BANCO DE PORTUGAL E O SINDICATO NACIONAL DOS QUADROS E TÉCNICOS BANCÁRIOS E OUTRO;Acordo de empresa;Nacional;2008;2009;4;2;1.417.0 1.524.0
6119;CCT ENTRE A AEEP - ASSOCIAÇÃO DE ESTABELECIMENTOS DE ENSINO PARTICULAR E COOPERATIVO E A FEPCES- FEDERAÇÃO PORTUGUESA DOS SINDICATOS DO COMÉRCIO, ESCRITÓRIOS E SERVIÇOS  - REVISÃO GLOBAL.;Contrato coletivo de trabalho;Nacional;2008;2009;4;2;2.6.4 5.223.2
6120;AE ENTRE O BANQUE PRIVÉE ESPÍRITO SANTO, SA - SUCURSAL EM PORTUGAL E O SINDICATO NACIONAL DOS QUADROS E TÉCNICOS BANCÁRIOS;Acordo de empresa;Nacional;2008;2012;3;2;1.417.0 1.524.0
6121;AE ENTRE A RAR - REFINARIAS DE AÇÚCAR REUNIDAS, SA E A FESAHT -FEDERAÇÃO DOS SINDICATOS DA AGRICULTURA, ALIMENTAÇÃO, BEBIDAS, HOTELARIA E TURISMO DE PORTUGAL E OUTROS - REVISÃO GLOBAL;Acordo de empresa;Nacional;2008;2009;10;5;1.31.2 2.40.1 2.48.0 2.50.0 2.6.4
6122;CCT ENTRE A ARESP - ASSOCIAÇÃO DA RESTAURAÇÃO E SIMILARES DE PORTUGAL E A FETESE - FEDERAÇÃO DOS SINDICATOS DOS TRABALHADORES DE SERVIÇOS - DREVISÃO GLOBAL;Contrato coletivo de trabalho;Nacional;2008;2008;2;2;2.26.1 5.508.0
6123;ACT ENTRE A CAIMA - INDÚSTRIA DE CELULOSE,SA E OUTRA E O SINDICATO DOS TRABALHADORES DAS INDÚSTRIAS DE CELULOSE, PAPEL, GRÁFICA E IMPRENSA E OUTROS - REVISÃO GLOBAL.;Acordo coletivo de trabalho;Nacional;2008;2008;7;7;1.143.1 1.502.0 1.518.0 2.40.1 2.46.0 2.48.0 2.50.0
6124;AE ENTRE A UNIVEG PORTUGAL - IMPORTAÇÃO , EXPORTAÇÃO, TRANSFORMAÇÃO E DISTRIBUIÇÃO DE PRODUTOS ALIMENTARES S.A. E O CESP - SINDICATO DOS TRABALHADORES DO COMÉRCIO, ESCRITÓRIOS E SERVIÇOS DE PORTUGAL - REVISÃO GLOBAL;Acordo de empresa;Nacional;2008;2008;1;1;1.518.0
6125;CCT ENTRE A APED  - ASSOCIAÇÃO PORTUGUESA DE EMPRESAS DE DISTRIBUIÇÃO E A FEPCES - FEDERAÇÃO PORTUGUESA DOS SINDICATOS DO COMÉRCIO, ESCRITÓRIOS E SERVIÇOS E OUTROS - REVISÃO GLOBAL;Contrato coletivo de trabalho;Nacional;2008;2026;26;11;1.133.2 1.143.1 1.151.1 1.218.6 2.26.1 2.26.4 2.40.1 2.50.0 2.58.0 2.6.4 5.347.1
6126;ACT OLARIAS DE BARRO VERMELHO E GRÉS DECORATIVO- REVISÃO GLOBAL;Acordo coletivo de trabalho;Pluridistrital;2008;2011;7;2;2.46.0 2.50.0
6127;AE ENTRE A PT COMUNICAÇÕES, SA E O SINDETELCO - SINDICATO DEMOCRÁTICO DOS TRABALHADORES DAS COMUNICAÇÕES E DOS MÉDIA E OUTROS - ALTERAÇÃO SALARIAL E OUTRAS;Acordo de empresa;Nacional;2008;2010;37;18;1.119.1 1.15.2 1.218.5 1.221.1 1.234.0 1.236.1 1.248.4 1.296.3 1.385.2 1.433.1 1.451.0 1.47.0 1.504.0 2.26.1 2.47.0 2.52.0 4.5.0 4.7.0
6128;AE ENTRE A CHARLINE - TRANSPORTES, SOCIEDADE UNIPESSOAL, LDA E O SINDICATO NACIONAL DOS MOTORISTAS - REVISÃO GLOBAL;Acordo de empresa;Nacional;2008;2009;2;1;1.427.0
6129;AE ENTRE O CFPSA - CENTRO DE FORMAÇÃO PARA O SECTOR ALIMENTAR E A FETESE - FEDERAÇÃO DOS SINDICATOS DOS TRABALHADORES DE SERVIÇOS - REVISÃO GLOBAL;Acordo de empresa;Nacional;2008;2008;1;1;2.26.1
6130;AE ENTRE A TRANSDEV (PORTUGAL) TRANSPORTES LDª E O SINDICATO NACIONAL DOS TRABALHADORES DO SECTOR FERROVIÁRIO;Acordo de empresa;Nacional;2008;2008;1;1;1.525.0
6131;CCT ENTRE A ANCAVE - ASSOCIAÇÃO NACIONAL DOS CENTROS DE ABATE E INDÚSTRIAS TRANSFORMADORAS DE CARNE DE AVES E A FESAHT - FEDERAÇÃO DOS SINDICATOS DA AGRICULTURA, ALIMENTAÇÃO, BEBIDAS, HOTELARIA E TURISMO DE PORTUGAL E OUTROS - REVISÃO GLOBAL;Contrato coletivo de trabalho;Nacional;2008;2011;28;7;1.31.2 2.40.1 2.46.0 2.48.0 2.50.0 2.6.4 5.278.1
6132;AE ENTRE A TRANSDEV (PORTUGAL) TRANSPORTES LDª. E O SINDICATO NACIONAL DOS FERROVIÁRIOS BRAÇAIS E AFINS;Acordo de empresa;Nacional;2008;2008;1;1;1.478.1
6133;CCT ENTRE A APHORT - ASSOCIAÇÃO PORTUGUESA DA HOTELARIA, RESTAURAÇÃO E TURISMO E A FESAHT - FEDERAÇÃO DOS SINDICATOS DA AGRICULTURA, ALIMENTAÇÃO, BEBIDAS, HOTELARIA E TURISMO DE PORTUGAL - REVISÃO GLOBAL;Contrato coletivo de trabalho;Nacional;2008;2010;6;2;2.40.1 5.578.1
6134;CCT ENTRE A APHORT - ASSOCIAÇÃO PORTUGUESA DA HOTELARIA, RESTAURAÇÃO E TURISMO E A FETESE - FEDERAÇÃO DOS SINDICATOS DOS TRABALHADORES DE SERVIÇOS - REVISÃO GLOBAL;Contrato coletivo de trabalho;Nacional;2008;2010;6;3;2.26.1 2.26.2 5.578.1
6135;AE ENTRE A TRANSDEV (PORTUGAL) - TRANSPORTES LDª.  E O STTAMP - SINDICATO DOS TRABALHADORES DE TRANSPORTES DA ÁREA METROPOLITANA DO PORTO;Acordo de empresa;Distrital;2008;2008;1;1;1.298.1
6136;ACT ENTRE A AUTO-ESTRADAS DO ATLÂNTICO - CONCESSÕES RODOVIÁRIAS DE PORTUGAL, SA E OUTRA E O SETACCOP- SINDICATO DA CONSTRUÇÃO, OBRAS PÚBLICAS E SERVIÇOS AFINS - REVISÃO GLOBAL;Acordo coletivo de trabalho;Nacional;2008;2026;26;4;1.286.2 1.286.3 1.361.2 2.6.4
6137;AE ENTRE A GESTIPONTE - OPERAÇÃO E MANUTENÇÃO DAS TRAVESSIASDO TEJO, SA E O SETACCOP - SINDICATO DA CONSTRUÇÃO, OBRAS PÚBLICAS E SERVIÇOS AFINS - REVISÃO GLOBAL;Acordo de empresa;Nacional;2008;2010;3;1;1.286.2
6138;AE ENTRE A TROIVERDE - EXPLORAÇÃO HOTELEIRA E IMOBILIÁRIA S A E A FESAHT - FEDERAÇÃO DOS SINDICATOS DA ALIMENTAÇÃO , B4EBIDAS, HOTELARIA E TURISMO DE PORTUGAL;Acordo de empresa;Distrital;2008;2008;5;5;1.31.2 2.40.1 2.48.0 2.50.0 2.6.4
6139;CCT ENTRE A AIND - ASSOCIAÇÃO PORTUGUESA DE IMPRENSA E O SINDICATO DOS TRABALHADORES DAS INDÚSTRIAS DE CELULOSE, PAPEL, GRÁFICA E IMPRENSA E OUTROS - REVISÃO GLOBAL;Contrato coletivo de trabalho;Nacional;2008;2010;15;5;1.143.1 1.502.0 2.50.0 2.6.4 5.139.1
6140;ACT ENTRE A NORMAX - FÁBRICA DE VIDRO CIENTÍFICO, LDA. E OUTRAS E A FEVICCOM - FEDERAÇÃO PORTUGUESA DOS SINDICATOS DA CONSTRUÇÃO, CERÂMICA E VIDRO - REVISÃO GLOBAL;Acordo coletivo de trabalho;Pluridistrital;2008;2024;18;1;2.46.0
6141;CONTRATO COLECTIVO ENTRE A GROQUIFAR - ASSOCIAÇÃO DE GROSSISTAS DE PRODUTOS QUÍMICOS E FARMACÊUTICOS E A FETESE - FEDERAÇÃO DOS SINDICATOS DOS TRABALHADORES DE SERVIÇOS E OUTRO - ALTERAÇÃO SALARIAL  OUTRAS E TEXTO CONSOLIDADO.;Contrato coletivo de trabalho;Nacional;2008;2011;12;5;1.360.1 1.360.2 2.26.1 2.26.2 5.136.0
6142;ACT ENTRE A REBOSADO - REBOQUES DO SADO, LDA.,E OUTRA E O SITEMAQ- SINDICATO DA MESTRANÇA E MARINHAGEM DA MARINHA MERCANTE, ENERGIA E FOGUEIROS DE TERRA.;Acordo coletivo de trabalho;Nacional;2008;2010;2;1;1.5.5
6143;AE ENTRE O METROPOLITANO LIGEIRO DE MIRANDELA, S.A. E O SINDICATO NACIONAL DOS TRABALHADORES DO SECTOR FERROVIÁRIO;Acordo de empresa;Concelhia;2008;2009;2;1;1.525.0
6144;AE ENTRE A EMPORDEF- TECNOLOGIAS DE INFORMAÇÃO, S.A. E O SITAVA - SINDICATO DOS TRABALHADORES DA AVIAÇÃO E AEROPORTOS  - REVISÃO GLOBAL;Acordo de empresa;Nacional;2008;2026;11;2;1.372.0 1.470.0
6145;AE ENTRE A VALORSUL - VALORIZAÇÃO E TRATAMENTO DE RESÍDUOS SÓLIDOS DA ÁREA METROPOLITANA DE LISBOA (NORTE), SA E O SINDEL - SINDICATO NACIONAL DA INDUSTRIA E ENERGIA - REVISÃO GLOBAL;Acordo de empresa;Nacional;2008;2008;1;1;1.361.2
6146;AE ENTRE A S2M - SOCIEDADE DE MANUTENÇÃO DE METROPOLITANOS (INSTALAÇÕES FIXAS),SA E O SINDICATO NACIONAL DOS TRABALHADORES DO SECTOR FERROVIÁRIO.;Acordo de empresa;Nacional;2008;2008;1;1;1.525.0
6147;AE ENTRE A VALORSUL VALORIZAÇÃO E TRATAMENTO DE RESÍDUOS SÓLIDOS DA ÁREA METROPOLITANA DE LISBOA (NORTE), SA E O SINQUIFA - SINDICATO DOS TRABALHADORES DA QUÍMICA, FARMACÊUTICA, PETRÓLEO E GÁS DO CENTRO SUL E ILHAS;Acordo de empresa;Concelhia;2008;2008;1;1;1.500.0
6148;CCT ENTRE A CNIS - CONFEDERAÇÃO NACIONAL DAS INSTITUIÇÕES DE SOLIDARIEDADE E A FNE - FEDERAÇÃO NACIONAL DOS SINDICATOS DA EDUCAÇÃO E OUTROS - REVISÃO GLOBAL;Contrato coletivo de trabalho;Nacional;2008;2009;22;11;1.103.2 1.104.3 1.133.2 1.225.2 1.300.2 1.363.0 1.368.2 1.377.2 1.393.1 2.26.1 2.31.1
6149;AE ENTRE A SVITZER LISBOA - REBOQUES MARÍTIMOS S.A. E O SITEMAQ - SINDICATO DA MESTRANÇA E MARINHAGEM DA MARINHA MERCANTE, ENERGIA E FOGUEIROS DE TERRA;Acordo de empresa;Nacional;2008;2010;3;1;1.5.5
6150;AE ENTRE O BANIF - BANCO INTERNACIONAL DO FUNCHAL, SA E O SINDICATO DOS BANCÁRIOS DO CENTRO E OUTROS;Acordo de empresa;Nacional;2008;2008;3;3;1.110.0 1.209.0 1.57.0
6151;CT ENTRE A ASSOCIAÇÃO COMERCIAL E EMPRESARIAL DOS CONCELHOS DE OEIRAS E AMADORA E OUTRAS E O CESP - SINDICATO DOS TRABALHADORES DO COMÉRCIO, ESCRITÓRIOS E SERVIÇOS DE PORTUGAL E OUTROS - REVISÃO GLOBAL;Contrato coletivo de trabalho;Concelhia;2008;2013;54;15;1.143.1 1.152.2 1.194.3 1.213.1 1.518.0 1.565.0 2.40.1 5.115.1 5.115.2 5.116.1 5.122.2 5.122.3 5.26.2 5.48.1 5.90.2
6152;AE ENTRE O BANIF - BANCO INTERNACIONAL DO FUNCHAL S.A. E O SINDICATO NACIONAL DOS QUADROS E TÉCNICOS BANCÁRIOS E OUTRO;Acordo de empresa;Nacional;2008;2008;2;2;1.417.0 1.524.0
6153;"ACT ENTRE A GALLOVIDRO, SA E OUTRAS E O SINDEQ - SINDICATO DEMOCRÁTICO
DA ENERGIA, QUÍMICA, TÊXTEIS E INDÚSTRIAS DIVERSAS";Acordo coletivo de trabalho;Pluridistrital;2008;2012;3;2;1.360.2 2.26.3
6154;CCT ENTRE A ANIPC - ASSOCIAÇÃO NACIONAL DOS INDUSTRIAIS DE PAPEL E CARTÃO E O SINDICATO DOS TRABALHADORES DAS INDÚSTRIAS DE CELULOSE, PAPEL, GRÁFICA E IMPRENSA - REVISÃO GLOBAL;Contrato coletivo de trabalho;Nacional;2008;2013;6;3;1.502.0 2.48.1 5.277.1
6155;CCT ENTRE A AGEFE - ASSOCIAÇÃO EMPRESARIAL DOS SECTORES ELÉCTRICO, ELECTRODOMÉSTICO, FOTOGRÁFICO E ELECTRÓNICO E A FEPCES - FEDERAÇÃO PORTUGUESA DOS SINDICATOS DO COMÉRCIO, ESCRITÓRIOS E SERVIÇOS E OUTROS - REVISÃO GLOBAL.;Contrato coletivo de trabalho;Nacional;2008;2011;16;10;1.213.1 1.346.0 1.361.2 1.548.1 2.26.1 2.26.2 2.48.0 2.50.0 2.6.4 5.50.3
6156;AE ENTRE A TRANSDEV (PORTUGAL) TRANSPORTES, LDª E O SINDICATO NACIONAL DOS MAQUINISTAS DOS CAMINHOS DE FERRO PORTUGUESES;Acordo de empresa;Nacional;2008;2008;1;1;1.344.2
6157;AE ENTRE A S2M - SOCIEDADE DE MANUTENÇÃO DE METROPOLITANOS ( INSTALAÇÕES FIXAS), SA  E O SINDICATO DOS TRABALHADORES DOS TRANSPORTES DA ÁREA METROPOLITANA DO PORTO;Acordo de empresa;Distrital;2008;2008;1;1;1.298.1
6158;AE ENTRE A SATA INTERNACIONAL - SERVIÇOS E TRANSPORTES AÉREOS, SA E O SPAC - SINDICATO DOS PILOTOS DA AVIAÇÃO CIVIL - REVISÃO GLOBAL;Acordo de empresa;Nacional;2008;2024;5;1;1.320.0
6159;CCT ENTRE A AFAL - ASSOCIAÇÃO DOS FABRICANTES  DE ANÚNCIOS  LUMINOSOS E A FETESE - FEDERAÇÃO DOS SINDICATOS  DOS TRABALHADORES DE SERVIÇOS E OUTROS - EVISÃO GLOBAL;Contrato coletivo de trabalho;Nacional;2008;2008;4;4;1.360.2 1.361.2 2.26.1 5.6.0
6160;CCT ENTRE A ANIPC - ASSOCIAÇÃO DOS INDUSTRIAIS DE PAPEL E CARTÃO E O SINDETELCO - SINDICATO DEMOCRÁTICO DOS TRABALHADORES DAS COMUNICAÇÕES E DOS MÉDIA - REVISÃO GLOBAL;Contrato coletivo de trabalho;Nacional;2008;2009;4;2;1.385.2 5.277.1
6161;CCT ENTRE A ASSOCIAÇÃO DOS INDUSTRIAIS TRANSFORMADORES DE VIDRO PLANO DE PORTUGAL E A FEVICCOM - FEDERAÇÃO PORTUGUESA DOS SINDICATOS DA CONSTRUÇÃO, CERÂMICA E VIDRO E OUTRA - REVISÃO GLOBAL;Contrato coletivo de trabalho;Nacional;2008;2021;33;3;2.46.0 2.50.0 5.261.1
6162;CCT ENTRE A ASSOCIAÇÃO DAS INDÚSTRIAS DE MADEIRA E MOBILIÁRIO DE PORTUGAL E OUTRAS E A FEVICCOM - FEDERAÇÃO PORTUGUESA DOS SINDICATOS DA CONSTRUÇÃO, CERÂMICA E VIDRO E OUTROS - REVISÃO GLOBAL;Contrato coletivo de trabalho;Nacional;2008;2008;10;10;1.143.1 2.40.1 2.46.0 2.48.0 2.50.0 2.6.4 5.190.1 5.388.0 5.78.0 5.92.0
6163;CCT ENTRE A ASSOCIAÇÃO DAS INDÚSTRIAS DE MADEIRA E MOBILIÁRIO DE PORTUGAL E OUTRAS E O SETACCOP - SINDICATO DA CONSTRUÇÃO, OBRAS PÚBLICAS E SERVIÇOS AFINS E OUTRA - REVISÃO GLOBAL;Contrato coletivo de trabalho;Nacional;2008;2012;14;9;1.286.2 1.286.3 2.26.1 2.26.2 5.190.1 5.388.0 5.78.0 5.78.1 5.92.0
6164;CCT ENTRE A ASSOCIAÇÃO COMERCIAL DO DISTRITO DE VISEU E O CESP - SINDICATO DOS TRABALHADORES  DO COMÉRCIO, ESCRITÓRIOS E SERVIÇOS DE PORTUGAL - REVISÃO GLOBAL;Contrato coletivo de trabalho;Distrital;2008;2011;6;2;1.518.0 5.192.2
6165;AE ENTRE A SATA INTERNACIONAL - SERVIÇOS E TRANSPORTES AÉREOS, SA E O  SINDICATO NACIONAL DO PESSOAL DE VOO DA AVIAÇÃO CIVIL - REVISÃO GLOBAL;Acordo de empresa;Nacional;2008;2018;3;1;1.117.0
6166;AE ENTRE A SANTA CASA DA MISERICÓRDIA DE LISBOA E O SINDITE - SINDICATO DOS TÉCNICOS SUPERIORES DE DIAGNÓSTICO E TERAPÊUTICA E OUTROS;Acordo de empresa;Nacional;2008;2008;9;9;1.118.2 1.331.0 1.363.0 1.368.2 1.377.2 1.393.1 1.449.0 1.476.0 2.26.1
6167;CCT ENTRE A AÇOMEFER - ASSOCIAÇÃO PORTUGUESA DE GROSSISTAS DE AÇOS, METAIS E FERRAMENTAS E O SITESC - SINDICATO DE QUADROS, TÉCNICOS ADMINISTRATIVOS, SERVIÇOS E NOVAS TECNOLOGIAS E OUTROS - REVISÃO GLOBAL;Contrato coletivo de trabalho;Nacional;2008;2008;9;9;1.104.3 1.133.2 1.143.1 1.157.2 1.222.2 1.548.1 2.50.0 2.6.4 5.80.1
6168;CCT ENTRE A LIGA PORTUGUESA DE FUTEBOL PROFISSIONAL E A FESAHT - FEDERAÇÃO DOS SINDICATOS DA AGRICULTURA, ALIMENTAÇÃO, BEBIDAS, HOTELARIA E TURISMO DE PORTUGAL - REVISÃO GLOBAL;Contrato coletivo de trabalho;Nacional;2008;2008;2;2;2.40.1 5.319.1
6169;AE ENTRE A COMPANHIA CARRIS DE FERRO DE LISBOA, SA E A FECTRANS - FEDERAÇÃO DOS SINDICATOS DE TRANSPORTES E COMUNICAÇÕES E OUTRO - REVISÃO GLOBAL;Acordo de empresa;Distrital;2008;2008;2;2;1.143.1 2.50.0
6170;CCT ENTRE A ASSOCIAÇÃO PORTUGUESA DE COMERCIANTES DE MATERIAIS DE CONSTRUÇÃO E O SITESC - SINDICATO DE QUADROS, TÉCNICOS ADMINISTRATIVOS, SERVIÇOS E NOVAS TECNOLOGIAS E OUTROS - REVISÃO GLOBAL;Contrato coletivo de trabalho;Nacional;2009;2009;9;9;1.104.3 1.133.2 1.143.1 1.157.2 1.222.2 1.548.1 2.50.0 2.6.4 5.99.1
6171;CCT ENTRE A LIGA PORTUGUESA DE FUTEBOL PROFISSIONAL E A FEPCES - FEDERAÇÃO PORTUGUESA DOS SINDICATOS DO COMÉRCIO, ESCRITÓRIOS E SERVIÇOS E OUTROS - REVISÃO GLOBAL;Contrato coletivo de trabalho;Nacional;2009;2009;6;6;1.133.2 2.26.1 2.48.0 2.50.0 2.6.4 5.319.1
6172;CCT ENTRE A ASSOCIAÇÃO DOS AGRICULTORES DO DISTRITO DE ÉVORA E OUTRAS E A FESAHT- FEDERAÇÃO DOS SINDICATOS DA AGRICULTURA, ALIMENTAÇÃO, BEBIDAS, HOTELARIA E TURISMO DE PORTUGAL;Contrato coletivo de trabalho;Pluridistrital;2009;2010;12;4;2.40.1 5.318.0 5.391.0 5.435.0
6173;AE ENTRE A RTS - PRÉ-FABRICADOS DE BETÃO, LDA E O SINDICATO DOS TRABALHADORES DAS INDÚSTRIAS DE CERÂMICA, CIMENTOS E SIMILARES DO SUL E REGIÕES AUTÓNOMAS - REVISÃO GLOBAL;Acordo de empresa;Pluridistrital;2009;2009;1;1;1.503.0
6174;AE ENTRE A SANTA CASA DA MISERICÓRDIA DE LISBOA E O SPGL - SINDICATO DOS PROFESSORES DA GRANDE LISBOA E OUTROS;Acordo de empresa;Nacional;2009;2009;5;5;1.122.1 1.273.2 1.299.0 1.504.0 1.514.0
6175;AE ENTRE A COMPANHIA CARRIS DE FERRO DE LISBOA, SA E O SITRA - SINDICATO DOS TRABALHADORES DOS TRANSPORTES E OUTRO - REVISÃO GLOBAL;Acordo de empresa;Distrital;2009;2010;4;3;1.104.3 2.26.1 2.26.2
6176;AE ENTRE REPSOL POLÍMEROS, LDA E A FIEQUIMETAL - FEDERAÇÃO INTERSINDICAL DAS INDÚSTRIAS METALÚRGICA, QUÍMICA, FARMACÊUTICA, ELÉCTRICA, ENERGIA E MINAS - 1ª. CONVENÇÃO;Acordo de empresa;Nacional;2009;2009;1;1;2.48.0
6177;AE ENTRE O METROPOLITANO DE LISBOA, EP E A FECTRANS - FEDERAÇÃO DOS SINDICATOS DE TRANSPORTES E COMUNICAÇÕES E OUTROS - REVISÃO GLOBAL;Acordo de empresa;Distrital;2009;2026;82;14;1.104.3 1.143.1 1.143.2 1.218.5 1.218.6 1.402.1 1.477.0 1.477.1 1.5.5 1.617.1 2.26.1 2.26.2 2.50.0 2.6.4
6178;AE ENTRE A COMPANHIA DAS LEZÍRIAS, SA E A FESAHT - FEDERAÇÃO DOS SINDICATOS DA AGRICULTURA, ALIMENTAÇÃO, BEBIDAS, HOTELARIA E TURISMO DE PORTUGAL E OUTRAS - REVISÃO GLOBAL;Acordo de empresa;Nacional;2009;2009;4;4;2.40.1 2.46.0 2.48.0 2.50.0
6179;AE ENTRE A COMPANHIA CARRIS DE FERRO DE LISBOA, SA E O SNM - SINDICATO NACIONAL DOS MOTORISTAS - REVISÃO GLOBAL;Acordo de empresa;Distrital;2009;2010;2;1;1.427.0
6180;AE ENTRE A LUSA - AGÊNCIA DE NOTICIAS DE PORTUGAL, SA E O SINDICATO DOS JORNALISTAS E OUTROS - REVISÃO GLOBAL;Acordo de empresa;Nacional;2009;2020;6;5;1.11.0 1.218.5 1.502.0 1.591.0 2.26.1
6181;CCT ENTRE A ASSOC. DOS AGRICULTORES DO RIBATEJO-ORGANIZAÇÃO DE EMPREGADORES DOS DIST. DE SANTARÉM, LISBOA E LEIRIA (COM EXCEPÇÃO DOS CONCELHOS DE ABRANTES, CONSTÂNCIA,SARDOAL E MAÇÃO) E OUTRA E A FESAHT -FED. DOS SIND. DA AGRIC., ALIM, BEBIDAS, HOT. E TURISMO DE PORTUGAL E OUTRAS- REVISÃO GLOBAL;Contrato coletivo de trabalho;Pluridistrital;2009;2011;18;6;2.40.1 2.46.0 2.48.0 2.50.0 5.302.1 5.372.0
6182;CCT ENTRE A ANIL - ASSOCIAÇÃO NACIONAL DOS INDUSTRIAIS DE LACTICÍNIOS E VÁRIAS ORGANIZAÇÕES COOPERATIVAS DE PRODUTORES DE LEITE E O SETAA - SINDICATO DA AGRICULTURA, ALIMENTAÇÃO E FLORESTAS - REVISÃO GLOBAL;Contrato coletivo de trabalho;Nacional;2009;2015;8;2;1.103.2 5.44.2
6183;AE ENTRE A PARMALAT PORTUGAL - PRODUTOS ALIMENTARES, LD.ª (ALBARRAQUE E CEDIS) E O SETAA - SINDICATO DA AGRICULTURA, ALIMENTAÇÃO E FLORESTAS - REVISÃO GLOBAL;Acordo de empresa;Concelhia;2009;2012;3;1;1.103.2
6184;CCT ENTRE A ANCAVE - ASSOCIAÇÃO NACIONAL DOS CENTROS DE ABATE E INDÚSTRIAS TRANSFORMADORAS DE CARNE DE AVES E O SINDICATO DOS TRABALHADORES DA INDÚSTRIA E COMÉRCIO DE CARNES DO SUL E OUTROS - REVISÃO GLOBAL;Contrato coletivo de trabalho;Nacional;2009;2011;9;3;1.151.1 1.5.5 5.278.1
6185;AE ENTRE A COMPANHIA CARRIS DE FERRO DE LISBOA, SA E O ASPTC - ASSOCIAÇÃO SINDICAL DO PESSOAL DE TRÁFEGO DA CARRIS - REVISÃO GLOBAL;Acordo de empresa;Distrital;2009;2010;2;1;1.522.0
6186;AE ENTRE A COMPANHIA CARRIS DE FERRO DE LISBOA, SA E O SIMA - SINDICATO DAS INDÚSTRIAS METALÚRGICAS E AFINS - REV.GLOBAL;Acordo de empresa;Distrital;2009;2010;2;1;1.346.0
6187;AE ENTRE A COMPANHIA CARRIS DE FERRO DE LISBOA, SA  E A FECTRANS - FEDERAÇÃO DOS SINDICATOS DE TRANSPORTES E COMUNICAÇÕES E OUTRO - REV.GLOBAL;Acordo de empresa;Distrital;2009;2010;3;2;1.143.1 2.50.0
6188;AE ENTRE A ATLANTIC FERRIES - TRÁFEGO LOCAL, FLUVIAL E MARÍTIMO, SA. E O SIMAMEVIP - SINDICATO DOS TRABALHADORES DA MARINHA MERCANTE, AGÊNCIAS DE VIAGENS, TRANSITÁRIOS E PESCA E OUTROS - 1ª CONVENÇÃO;Acordo de empresa;Distrital;2009;2024;24;7;1.173.2 1.5.3 1.5.4 1.5.5 1.5.6 1.8.1 1.8.2
6189;AE ENTRE A COMPANHIA DAS LEZÍRIAS, SA E O SETAA - SINDICATO DA AGRICULTURA, ALIMENTAÇÃO E FLORESTAS - REVISÃO GLOBAL;Acordo de empresa;Nacional;2009;2009;1;1;1.103.2
6190;CCT ENTRE A ANCIPA - ASSOCIAÇÃO NACIONAL DE COMERCIANTES E INDUSTRIAIS DE PRODUTOS ALIMENTARES E O SETAA - SINDICATO DA AGRICULTURA, ALIMENTAÇÃO E FLORESTAS ( PASTELARIA, CONFEITARIA E CONSERVAÇÃO DE FRUTA - APOIO E MANUTENÇÃO) - REVISÃO GLOBAL;Contrato coletivo de trabalho;Nacional;2009;2010;4;2;1.103.2 5.12.0
6191;AE ENTRE A FIBO - FÁBRICA IBÉRICA DE ÓPTICA, LDA E A FEVICCOM - FEDERAÇÃO PORTUGUESA DOS SINDICATOS DA CONSTRUÇÃO, CERÂMICA E VIDRO;Acordo de empresa;Distrital;2009;2021;14;1;2.46.0
6192;AE ENTRE AMARSUL - VALORIZAÇÃO E TRATAMENTO DE RESÍDUOS SÓLIDOS, SA E O SINQUIFA - SINDICATO DOS TRABALHADORES DA QUÍMICA, FARMACÊUTICA, PETRÓLEO E GÁS DO CENTRO, SUL E ILHAS E OUTROS - 1ª. CONVENÇÃO;Acordo de empresa;Distrital;2009;2014;5;5;1.306.0 1.306.1 1.388.0 1.500.0 1.593.0
6193;CCT ENTRE A ASSOC. DOS AGRICULTORES DO RIBATEJO-ORGANIZAÇÃO DE EMPREGADORES DOS DIST. DE SANTARÉM, LISBOA E LEIRIA (COM EXCEPÇÃO DOS CONCELHOS DE ABRANTES, CONSTÂNCIA,SARDOAL E MAÇÃO) E OUTRA E O SETAA- SIND. DA AGRICULTURA, ALIMENTAÇÃO E FLORESTAS - REVISÃO GLOBAL;Contrato coletivo de trabalho;Pluridistrital;2009;2011;9;3;1.103.2 5.302.1 5.372.0
6194;CCT ENTRE A ANCAVE- ASSOCIAÇÃO NACIONAL DOS CENTROS DE ABATE  E INDÚSTRIAS TRANSFORMADORAS DE CARNE DE AVES E O SETAA - SINDICATO DA AGRICULTURA, ALIMENTAÇÃO E FLORESTAS.-REVISÃO GLOBAL;Contrato coletivo de trabalho;Nacional;2009;2011;6;2;1.103.2 5.278.1
6195;AE ENTRE O HOSPITAL PROFESSOR DOUTOR FERNANDO DA FONSECA, E.P.E., E A FESAHT - FEDERAÇÃO DOS SINDICATOS DA AGRICULTURA, ALIMENTAÇÃO, BEBIDAS, HOTELARIA E TURISMO DE PORTUGAL E OUTROS;Acordo de empresa;Concelhia;2009;2009;4;4;1.157.2 1.273.2 1.299.0 2.40.1
6196;ACT ENTRE A MEAGRI - COOPERATIVA AGRÍCOLA DO CONCELHO DA MEALHADA, CRL E OUTRAS E O SETAA - SINDICATO DA AGRICULTURA, ALIMENTAÇÃO E FLORESTAS E OUTRO - REVISÃO GLOBAL.;Acordo coletivo de trabalho;Nacional;2009;2011;5;2;1.103.2 1.222.2
6197;ACT ENTRE A LACTICOOP - UNIÃO DAS COOPERATIVAS DE PRODUTORES DE LEITE DE ENTRE DOURO E MONDEGO, UCRL E OUTRAS E O SETAA - SINDICATO DA AGRICULTURA, ALIMENTAÇÃO E FLORESTAS - REVISÃO GLOBAL.;Acordo coletivo de trabalho;Nacional;2009;2011;3;1;1.103.2
6198;CCT ENTRE A ASSOCIAÇÃO DOS AGRICULTORES DOS CONCELHOS DE ABRANTES, CONSTÂNCIA, SARDOAL E MAÇÃO E A FESAHT - FEDERAÇÃO DOS SINDICATOS DA AGRICULTURA, ALIMENTAÇÃO, BEBIDAS , HOTELARIA E TURISMO DE PORTUGAL E OUTRAS -REVISÃO GLOBAL;Contrato coletivo de trabalho;Distrital;2009;2011;13;5;2.40.1 2.46.0 2.48.0 2.50.0 5.406.0
6199;AE ENTRE A CIMPOR - INDÚSTRIA DE CIMENTOS, SA E A FETESE - FEDERAÇÃO DOS SINDICATOS DOS TRABALHADORES DE SERVIÇOS E OUTROS - REVISÃO GLOBAL;Acordo de empresa;Nacional;2009;2023;14;8;1.15.2 1.218.5 1.218.6 1.221.1 1.360.2 1.548.1 2.26.1 2.26.3
6200;CCT ENTRE A APEB - ASSOCIAÇÃO PORTUGUESA DAS EMPRESAS DE BETÃO PRONTO E A FETESE - FEDERAÇÃO DOS SINDICATOS DOS TRABALHADORES DE SERVIÇOS E OUTROS - REVISÃO GLOBAL;Contrato coletivo de trabalho;Nacional;2009;2009;8;8;1.104.3 1.133.2 1.15.2 1.286.2 1.360.2 1.548.1 2.26.1 5.392.0
6201;AE ENTRE A ASSOCIAÇÃO HUMANITÁRIA DE BOMBEIROS VOLUNTÁRIOS DE VILA DE REI E O STAL - SINDICATO NACIONAL DOS TRABALHADORES DA ADMINISTRAÇÃO LOCAL;Acordo de empresa;Nacional;2009;2009;1;1;1.306.0
6202;AE ENTRE A CIMPOR - INDÚSTRIA DE CIMENTOS, SA E A FEDERAÇÃO PORTUGUESA DOS SINDICATOS DA CONSTRUÇÃO, CERÂMICA E VIDRO E OUTROS.;Acordo de empresa;Nacional;2009;2025;42;9;1.143.1 1.143.2 1.155.4 2.40.1 2.46.0 2.48.1 2.50.0 2.58.0 2.6.4
6203;CCT ENTRE A APIAM - ASSOCIAÇÃO PORTUGUESA DOS INDUSTRIAIS DE ÁGUAS MINERAIS NATURAIS E DE NASCENTE E OUTRA E A FESAHT - FEDERAÇÃO DOS SINDICATOS DE AGRICULTURA, ALIMENTAÇÃO, BEBIDAS, HOTELARIA E TURISMO DE PORTUGAL E OUTROS - REVISÃO GLOBAL;Contrato coletivo de trabalho;Nacional;2009;2011;18;6;1.31.2 2.40.1 2.50.0 2.6.4 5.118.0 5.119.1
6204;CCT ENTRE A APIAM - ASSOCIAÇÃO PORTUGUESA DOS INDUSTRIAIS DE ÁGUAS MINERAIS NATURAIS E DE NASCENTE E OUTRA E O SINDICATO NACIONAL DOS TRABALHADORES DA INDÚSTRIA E COMÉRCIO DE ALIMENTAÇÃO, BEBIDAS E AFINS - REVISÃO GLOBAL;Contrato coletivo de trabalho;Nacional;2009;2011;9;3;1.131.4 5.118.0 5.119.1
6205;CCT ENTRE A APIAM - ASSOCIAÇÃO PORTUGUESA DOS INDUSTRIAIS DE ÁGUAS MINERAIS NATURAIS E DE NASCENTE E OUTRA E O SETAA - SINDICATO DA AGRICULTURA, ALIMENTAÇÃO E FLORESTAS E OUTRO - REVISÃO GLOBAL;Contrato coletivo de trabalho;Nacional;2009;2011;11;5;1.103.2 1.133.2 1.133.3 5.118.0 5.119.1
6206;AE ENTRE A RESIALENTEJO - TRATAMENTO E VALORIZAÇÃO DE RRESÍDUOS, E.I.M. E O STAL - SINDICATO NACIONAL DOS TRABALHADORES DA ADMINISTRAÇÃO LOCAL;Acordo de empresa;Concelhia;2009;2009;1;1;1.306.0
6207;CCT ENTRE A APIAM - ASSOCIAÇÃO PORTUGUESA DOS INDUSTRIAIS DE ÁGUAS MINERAIS NATURAIS E DE NASCENTE E OUTRA E A FETESE - FEDERAÇÃO DOS SINDICATOS DOS TRABALHADORES DE SERVIÇOS E OUTRO - REVISÃO GLOBAL;Contrato coletivo de trabalho;Nacional;2009;2010;8;5;1.548.1 2.26.1 2.26.2 5.118.0 5.119.1
6208;CCT ENTRE A ACIP - ASSOCIAÇÃO DO COMÉRCIO E DA INDÚSTRIA DE PANIFICAÇÃO, PASTELARIA E SIMILARES E A FETESE - FEDERAÇÃO DOS SINDICATOS DOS TRABALHADORES DE SERVIÇOS (ADMINISTRATIVOS) - REVISÃO GLOBAL;Contrato coletivo de trabalho;Nacional;2009;2011;6;4;2.26.1 2.26.2 2.26.3 5.258.2
6209;AE ENTRE A TABAQUEIRA II, SA E A FESAHT - FEDERAÇÃO DOS SINDICATOS DA AGRICULTURA, ALIMENTAÇÃO, BEBIDAS, HOTELARIA E TURISMO DE PORTUGAL E OUTROS;Acordo de empresa;Nacional;2009;2009;8;8;1.15.2 1.221.1 1.360.2 1.361.2 2.26.1 2.40.1 2.6.4 4.5.0
6210;AE ENTRE O METROPOLITANO DE LISBOA E.P. E O SENSIQ - SINDICATO DE QUADROS E TÉCNCOS E OUTROS - REVISÃO GLOBAL;Acordo de empresa;Distrital;2009;2024;30;3;1.404.1 2.47.0 2.50.0
6211;CONTRATO COLETIVO ENTRE A AIBA - ASSOCIAÇAO DOS INDUSTRIAIS DE BOLACHAS E AFINS E O SINTAB - SINDICATO DOS TRABALHADORES DA AGRICULTURA E DAS INDUSTRIAS DE ALIMENTAÇAO, BEBIDAS E TABACOS DE PORTUGAL E OUTROS ( PESSOAL FABRIL, DE APOIO E MANUTENÇAO) - ALTERAÇAO SALARIAL E OUTRAS;Contrato coletivo de trabalho;Nacional;2009;2019;24;6;1.406.1 1.488.0 1.567.0 2.40.1 2.58.0 5.484.0
6212;ACT ENTRE A LACTICOOP - UNIÃO DAS COOPERATIVAS DE PRODUTORES DE LEITE DE ENTRE DOURO E MONDEGO, U.C.R.L. E OUTRAS E O SINDCES - SINDICATO DO COMÉRCIO, ESCRITÓRIOS E SERVIÇOS - REVISÃO GLOBAL;Acordo coletivo de trabalho;Nacional;2009;2011;3;1;1.222.2
6213;CCT ENTRE A ACIP - ASSOCIAÇÃO DO COMÉRCIO E DA INDÚSTRIA DE PANIFICAÇÃO, PASTELARIA E SIMILARES E A FEPCES - FEDERAÇÃO PORTUGUESA DOS SINDICATOS DO COMÉRCIO, ESCRITÓRIOS E SERVIÇOS (ADMINISTRATIVOS) - REVISÃO GLOBAL;Contrato coletivo de trabalho;Nacional;2009;2011;6;2;2.6.4 5.258.2
6214;CONTRATO COLECTIVO  ENTRE A AIBA - ASSOCIAÇÃO DOS INDUSTRIAIS DE BOLACHAS E AFINS E O SINDEQ - SINDICATO DEMOCRÁTICO DA ENERGIA, QUÍMICA, TÊXTIL E INDÚSTRIAS DIVERSAS (PESSOAL FABRIL, DE APOIO E MANUTENÇÃO) - ALTERAÇÃO SALARIAL E OUTRAS;Contrato coletivo de trabalho;Nacional;2009;2017;20;7;1.360.2 2.26.3 2.32.0 2.47.0 4.9.1 4.9.2 5.484.0
6215;AE ENTRE A PORTUGÁLIA - COMPANHIA PORTUGUESA DE TRANSPORTES AÉREOS S.A. E O SPAC- SINDICATO DOS PILOTOS DA AVIAÇÃO CIVIL;Acordo de empresa;Nacional;2009;2021;7;1;1.320.0
6216;CCT ENTRE A LIGA PORTUGUESA DE FUTEBOL PROFISSIONAL E A FESAHT - FEDERAÇÃO DOS SINDICATOS DA AGRICULTURA, ALIMENTAÇÃO, BEBIDAS, HOTELARIA E TURISMO DE PORTUGAL - REVISÃO GLOBAL;Contrato coletivo de trabalho;Nacional;2009;2009;2;2;2.40.1 5.319.1
6217;ACT ENTRE A LACTICOOP - UNIÃO DAS COOPERATIVAS DE PRODUTORES DE LEITE ENTRE DOURO E MONDEGO, URCL E OUTRAS E O SIND. DOS PROF. DE LACTICÍNIOS, ALIMENTAÇÃO, AGRI., ESCRT. COMÉRCIO, SERV., TRANS. RODOVIÁRIOS, META., METALURGIA, CONST. CIVIL E MADEIRAS E OUTRO - REVISÃO GLOBAL;Acordo coletivo de trabalho;Pluridistrital;2009;2010;4;2;1.138.1 1.565.0
6218;AE ENTRE A MOVEAVEIRO - EMPRESA MUNICIPAL DE MOBILIDADE, E.M. E O STAL - SINDICATO NACIONAL DOS TRABALHADORES DA ADMINISTRAÇÃO LOCAL E OUTRO;Acordo de empresa;Concelhia;2009;2009;2;2;1.306.0 1.8.2
6219;CCT ENTRE A LIGA PORTUGUESA DE FUTEBOL PROFISSIONAL E A FEPCES - FEDERAÇÃO PORTUGUESA DOS SINDICATOS DO COMÉRCIO, ESCRITÓRIOS E SERVIÇOS E OUTROS - REVISÃO GLOBAL.;Contrato coletivo de trabalho;Nacional;2009;2009;6;6;1.133.2 2.26.1 2.48.0 2.50.0 2.6.4 5.319.1
6220;CCT ENTRE A ANIL - ASSOCIAÇÃO NACIONAL DOS INDUSTRIAIS DE LACTICÍNIOS E VÁRIAS COOPERATIVAS DE PRODUTORES DE LEITE E A FESAHT - FEDERAÇÃO DOS SINDICATOS DA AGRICULTURA, ALIMENTAÇÃO, BEBIDAS, HOTELARIA E TURISMO DE PORTUGAL E OUTROS - REVISÃO GLOBAL;Contrato coletivo de trabalho;Nacional;2009;2019;24;5;1.31.2 2.40.1 2.50.0 2.58.0 5.44.2
6221;CCT ENTRE A FENAME - FEDERAÇÃO NACIONAL DO METAL E O SQTD - SINDICATO DOS QUADROS E TÉCNICOS DE DESENHO - REVISÃO GLOBAL;Contrato coletivo de trabalho;Nacional;2009;2009;2;2;1.143.1 6.8.0
6222;AE ENTRE A VALORSUL - VALORIZAÇÃO E TRATAMENTO DE RESÍDUOS SÓLIDOS DA ÁREA METROPOLITANA DE LISBOA ( NORTE), SA E O SINQUIFA - SINDICATO DOS TRABALHADORES DA QUÍMICA, FARMACÊUTICA, PETRÓLEO E GÁS DO CENTRO, SUL E ILHAS - REVISÃO GLOBAL;Acordo de empresa;Distrital;2009;2013;2;2;1.500.0 1.591.0
6223;DECISÃO ARBITRAL EM PROCESSO DE ARBITRAGEM OBRIGATÓRIA RELATIVA À ASSOCIAÇÃO PORTUGUESA DAS INDÚSTRIAS GRÁFICAS, DE COMUNICAÇÃO VISUAL E TRANSFORMADORAS DO PAPEL (APIGRAF) E AO SINDICATO DOS TRABALHADORES DAS INDÚSTRIAS DE CELULOSE, PAPEL, GRÁFICA E IMPRENSA;Decisão arbitral;Nacional;2009;2009;2;2;1.502.0 5.117.1
6224;ACT ENTRE O CENTRO HOSPITALAR DE COIMBRA, EPE E OUTROS E A FEDERAÇÃO NACIONAL DOS MÉDICOS - FENAME E OUTRO;Acordo coletivo de trabalho;Continente;2009;2019;18;3;1.365.0 2.34.0 2.34.1
6225;AE ENTRE A EMARP - EMPRESA MUNICIPAL DE ÁGUAS E RESÍDUOS DE PORTIMÃO E O STAL - SINDICATO NACIONAL DOS TRABALHADORES DA ADMINISTRAÇÃO LOCAL;Acordo de empresa;Concelhia;2009;2009;1;1;1.306.0
6226;AE ENTRE O ICP - ANACOM - AUTORIDADE NACIONAL DAS COMUNICAÇÕES E O SINDETELCO - SINDICATO DEMOCRÁTICO DOS TRABALHADORES DAS COMUNICAÇÕES E DOS MEDIA E OUTROS - REVISÃO GLOBAL;Acordo de empresa;Nacional;2009;2026;9;4;1.221.1 1.385.2 1.385.3 1.504.0
6227;AE ENTRE A VALORSUL - VALORIZAÇÃO E TRATAMENTO DE RESÍDUOS SÓLIDOS DA ÁREA METROPOLITANA DE LISBOA (NORTE), SA E O SINDEL - SINDICATO NACIONAL DA INDÚSTRIA E ENERGIA - REVISÃO GLOBAL;Acordo de empresa;Concelhia;2009;2009;1;1;1.361.2
6228;AE ENTRE A EGEAC- EMPRESA DE GESTÃO DE EQUIPAMENTOS E ANIMAÇÃO CULTURAL, EEM E O STML - SINDICATO DOS TRABALHADORES  DO MUNICÍPIO DE LISBOA - REVISÃO GLOBAL;Acordo de empresa;Concelhia;2009;2009;1;1;1.327.1
6229;AE ENTRE A REBONAVE - REBOQUES E ASSISTÊNCIA NAVAL, SA E O SITEMAQ SINDICATO DA MESTRANÇA E MARINHAGEM DA MARINHA MERCANTE, ENERGIA E FOGUEIROS DE TERRA E OUTRO;Acordo de empresa;Nacional;2009;2009;2;2;1.5.5 1.8.2
6230;AE ENTRE O FUTEBOL CLUBE DO PORTO E O CESP - SINDICATO DOS TRABALHADORES DO COMÉRCIO, ESCRITÓRIOS E SERVIÇOS DE PORTUGAL E OUTROS - REVISÃO GLOBAL;Acordo de empresa;Distrital;2009;2011;9;6;1.31.2 1.342.2 1.380.0 1.392.1 1.518.0 1.575.0
6231;AE ENTRE O BANCO DE PORTUGAL E A FEBASE - FEDERAÇÃO DO SECTOR FINANCEIRO - REVISÃO GLOBAL;Acordo de empresa;Nacional;2009;2010;2;1;2.51.0
6232;CCT ENTRE A APIC - ASSOCIAÇÃO PORTUGUESA DOS INDUSTRIAIS DE CARNES E O SETAA - SINDICATO DA AGRICULTURA, ALIMENTAÇÃO E FLORESTAS - REVISÃO GLOBAL;Contrato coletivo de trabalho;Nacional;2009;2009;2;2;1.103.2 5.14.1
6233;AE ENTRE O BANCO DE PORTUGAL E O SINDICATO DOS TRABALHADORES DA ACTIVIDADE FINANCEIRA - SINTAF.;Acordo de empresa;Nacional;2009;2010;2;1;1.561.0
6234;CCT ENTRE A APIC - ASSOCIAÇÃO PORTUGUESA DOS INDUSTRIAIS DE CARNES E A FESAHT - FEDERAÇÃO DOS SINDICATOS DA AGRICULTURA, ALIMENTAÇÃO, BEBIDAS, HOTELARIA E TURISMO DE PORTUGAL E OUTROS - REVISÃO GLOBAL;Contrato coletivo de trabalho;Nacional;2009;2009;8;8;1.151.1 1.31.2 1.548.1 2.26.1 2.40.1 2.46.0 2.50.0 5.14.1
6235;CCT ENTRE A ANCEVE ¿ ASSOCIAÇÃO NACIONAL DOS COMERCIANTES E EXPORTADORES DE VINHO E BEBIDAS ESPIRITUOSAS E OUTRA E O SINDICATO NACIONAL DOS TRABALHADORES DA INDÚSTRIA E COMÉRCIO DE ALIMENTAÇÃO, BEBIDAS E AFINS  (ADMINISTRATIVOS) ¿ REVISÃO GLOBAL;Contrato coletivo de trabalho;Nacional;2009;2010;5;3;1.131.4 5.308.3 5.331.0
6236;CCT ENTRE A ANCEVE - ASSOCIAÇÃO NACIONAL DOS COMERCIANTES E EXPORTADORES DE VINHO E BEBIDAS ESPIRITUOSAS E OUTRA E O SINDICATO NACIONAL DOS TRABALHADORES DA INDÚSTRIA E COMÉRCIO DE ALIMENTAÇÃO, BEBIDAS E AFINS E OUTRO (ARMAZÉNS) - REVISÃO GLOBAL;Contrato coletivo de trabalho;Nacional;2009;2009;4;4;1.131.4 1.31.2 5.308.3 5.331.0
6237;ACT ENTRE A OVIGER - PRODUÇÃO, TRANSFORMAÇÃO E COMÉRCIO DE CARNES E DERIVADOS S.A. E OUTRA E O SETAA - SINDICATO DA AGRICULTURA, ALIMENTAÇÃO E FLORESTAS - REVISÃO GLOBAL;Acordo coletivo de trabalho;Concelhia;2009;2009;1;1;1.103.2
6238;CCT ENTRE A ADAPI - ASSOCIAÇÃO DOS ARMADORES DAS PESCAS INDUSTRIAIS E A FEDERAÇÃO DOS SINDICATOS DO SECTOR DA PESCA ( PESCA DE ARRASTO COSTEIRO) - REV.GLOBAL;Contrato coletivo de trabalho;Nacional;2010;2010;2;2;2.30.0 5.5.0
6239;CCT ENTRE A ADAPI - ASSOCIAÇÃO DOS ARMADORES DAS PESCAS INDUSTRIAIS E O SITEMAQ - SINDICATO DA MESTRANÇA E MARINHAGEM DA MARINHA MERCANTE, ENERGIA E FOGUEIROS DE TERRA (PESCA DO ARRASTO COSTEIRO) - REVISÃO GLOBAL;Contrato coletivo de trabalho;Nacional;2010;2010;2;2;1.5.5 5.5.0
6240;CCT ENTRE A  APHP - ASSOCIAÇÃO DE HOSPITALIZAÇÃO PRIVADA E O SEP - SINDICATO DOS ENFERMEIROS PORTUGUESES - REVISÃO GLOBAL;Contrato coletivo de trabalho;Nacional;2010;2022;12;2;1.157.2 5.88.1
6242;AE ENTRE OS CTT - CORREIOS DE PORTUGAL, SA E O SNTCT - SINDICATO NACIONAL DOS TRABALHADORES DOS CORREIOS E TELECOMUNICAÇÕES E OUTRO;Acordo de empresa;Nacional;2010;2010;2;2;1.47.0 1.533.0
6243;AE ENTRE O BANCO DE PORTUGAL E O SINDICATO NACIONAL DOS QUADROS E TÉCNICOS BANCÁRIOS E OUTRO - REVISÃO GLOBAL;Acordo de empresa;Nacional;2010;2010;4;2;1.417.0 1.524.0
6244;CCT ENTRE A APIFARMA - ASSOCIAÇÃO PORTUGUESA DA INDÚSTRIA FARMACÊUTICA E A FIEQUIMETAL - FEDERAÇÃO INTERSINDICAL DAS INDÚSTRIAS METALÚRGICA, QUÍMICA, FARMACÊUTICA, ELÉCTRICA, ENERGIA E MINAS E OUTRO - REVISÃO GLOBAL;Contrato coletivo de trabalho;Nacional;2010;2010;3;3;1.31.2 2.48.0 5.76.1
6245;AE ENTRE A SERVIRAIL - SERVIÇOS RESTAURAÇÃO, CATERING E HOTELARIA, LDª. E A FESAHT - FEDERAÇÃO DOS SINDICATOS DA AGRICULTURA, ALIMENTAÇÃO, BEBIDAS, HOTELARIA E TURISMO DE PORTUGAL - REVISÃO GLOBAL;Acordo de empresa;Nacional;2010;2010;1;1;2.40.1
6246;ACT ENTRE A SOCIEDADE DE PANIFICAÇÃO DO SUL DO TEJO, LDA E OUTRAS E A FESAHT - FEDERAÇÃO DOS SINDICATOS DA AGRICULTURA, ALIMENTAÇÃO, BEBIDAS, HOTELARIA E TURISMO DE PORTUGAL - REVISÃO GLOBAL.;Acordo coletivo de trabalho;Nacional;2010;2010;1;1;2.40.1
6247;CCT ENTRE A APFS - ASSOCIAÇÃO PORTUGUESA DE FACILITY SERVICES E A FETESE - FEDERAÇÃO DOS SINDICATOS DOS TRABALHADORES DE SERVIÇOS E OUTROS - REVISÃO GLOBAL;Contrato coletivo de trabalho;Continente;2010;2010;3;3;1.133.2 2.26.1 5.274.1
6248;ACORDO DE EMPRESA ENTRE A SATA INTERNACIONAL - AZORES AIRLINES, SA E O SINDICATO DOS TRABALHADORES DA AVIAÇÃO E AEROPORTOS - SITAVA E OUTRO (TÉCNICOS DE MANUTENÇÃO DE AERONAVES) - SUSPENSÃO PARCIAL E OUTRAS;Acordo de empresa;Nacional;2010;2021;4;2;1.340.0 1.372.0
6249;CCT ENTRE A ANCEVE - ASSOCIAÇÃO NACIONAL DOS COMERCIANTES E EXPORTADORES DE VINHO E BEBIDAS ESPIRITUOSAS E OUTRA E O SETAA - SINDICATO DA AGRICULTURA, ALIMENTAÇÃO E FLORESTAS (ADMINISTRATIVOS E VENDAS) - REVISÃO GLOBAL;Contrato coletivo de trabalho;Nacional;2010;2011;8;3;1.103.2 5.308.3 5.331.0
6250;CCT ENTRE A ASSOCIAÇÃO NACIONAL DOS INDUSTRIAIS DE MOAGEM DE TRIGO, MILHO E CENTEIO E A FESAHT - FEDERAÇÃO DOS SINDICATOS DA AGRICULTURA, ALIMENTAÇÃO, BEBIDAS, HOTELARIA E TURISMO DE PORTUGAL - REVISÃO GLOBAL;Contrato coletivo de trabalho;Continente;2010;2013;6;2;2.40.1 5.106.1
6251;CCT ENTRE A AIMMAP - ASSOCIAÇÃO DOS INDUSTRIAIS METALÚRGICOS, METALOMECÂNICOS E AFINS DE PORTUGAL E O SINDEL - SINDICATO NACIONAL DA INDÚSTRIA E DA ENERGIA E OUTROS.;Contrato coletivo de trabalho;Nacional;2010;2026;36;10;1.133.2 1.218.5 1.222.3 1.361.2 1.5.5 1.548.1 2.26.1 2.26.3 5.136.0 5.156.2
6252;CCT ENTRE A ASSOCIAÇÃO COMERCIAL, INDUSTRIAL E SERVIÇOS DE BRAGANÇA E OUTRAS E A FEPCES - FEDERAÇÃO PORTUGUESA DOS SINDICATOS DO COMÉRCIO, ESCRITÓRIOS E SERVIÇOS - REVISÃO GLOBAL;Contrato coletivo de trabalho;Distrital;2010;2013;12;4;2.6.4 5.249.0 5.427.0 5.75.1
6253;AE ENTRE A UNITED EUROPEAN CAR CARRIERS UNIPESSOAL, LDA E A FESMAR - FEDERAÇÃO DE SINDICATOS DOS TRABALHADORES DO MAR - REVISÃO GLOBAL;Acordo de empresa;Nacional;2010;2010;1;1;2.36.0
6254;CONTRATO COLECTIVO ENTRE A AECOPS - ASSOCIAÇÃO DE EMPRESAS DE CONSTRUÇÃO E OBRAS PÚBLICAS E SERVIÇOS E OUTRAS E O SETACCOP - SINDICATO DA CONSTRUÇÃO, OBRAS PÚBLICAS E SERVIÇOS AFINS E OUTROS - REVISÃO GLOBAL;Contrato coletivo de trabalho;Continente;2010;2011;16;11;1.133.2 1.133.3 1.286.2 1.361.2 1.548.0 2.26.1 2.47.0 5.129.1 5.176.2 5.2.0 5.251.0
6255;ACORDO COLECTIVO ENTRE A ASSOCIAÇÃO DE REGANTES E BENEFICIÁRIOS DO VALE DO SORRAIA E OUTRAS E O SETAA - SINDICATO DA AGRICULTURA, ALIMENTAÇÃO E FLORESTAS - REVISÃO GLOBAL;Acordo coletivo de trabalho;Nacional;2010;2011;2;1;1.103.2
6256;CONTRATO COLECTIVO ENTRE A ADAPI-ASSOCIAÇÃO DOS ARMADORES DAS PESCAS INDUSTRIAIS E O SINDICATO NACIONAL DOS TRABALHADORES DO SECTOR DAS PESCAS (PESCA DO ARRASTO COSTEIRO) REVISÃO GLOBAL;Contrato coletivo de trabalho;Continente;2010;2010;2;2;1.277.2 5.5.0
6257;CC ENTRE A ANCEVE - ASSOCIAÇÃO NACIONAL DOS COMERCIANTES E EXPORTADORES DE VINHO E BEBIDAS ESPIRITUOSAS E OUTRA E O SETTA - SINDICATO DA AGRICULTURA, ALIMENTAÇAO E FLORESTAS (ARMAZENS) - REVISÃO GLOBAL;Contrato coletivo de trabalho;Nacional;2010;2011;8;3;1.103.2 5.308.3 5.331.0
6258;ACORDO DE EMPRESA ENTRE A TABAQUEIRA - EMPRESA INDUSTRIAL DE TABACOS, SA E A FESAHT - FEDERAÇÃO DOS SINDICATOS DA AGRICULTURA, ALIMENTAÇÃO, BEBIDAS, HOTELARIA E TURISMO DE PORTUGAL E OUTROS - REVISÃO GLOBAL;Acordo de empresa;Nacional;2010;2010;8;8;1.143.1 1.144.1 1.360.2 1.361.2 2.26.1 2.40.1 2.47.0 4.5.0
6259;AE ENTRE ATABAQUEIRA II, SA E A FESAHT - FEDERAÇÃO DOS SINDICATOS DA AGRICULTURA, ALIMENTAÇÃO, BEBIDAS, HOTELARIA E TURISMO DE PORTUGAL E OUTROS - REVISÃO GLOBAL;Acordo de empresa;Nacional;2010;2010;8;8;1.360.2 1.361.2 1.548.1 2.26.1 2.40.1 2.47.0 2.6.4 4.5.0
6260;CONTRATO COLECTIVO ENTRE A AIPAN - ASSOCIAÇÃO DOS INDUSTRIAIS DE PANIFICAÇÃO, PASTELARIA E SIMILARES DO NORTE E A FESAHT - FEDERAÇÃO DOS SINDICATOS DA AGRICULTURA, ALIMENTAÇÃO, BEBIDAS, HOTELARIA E TURISMO DE PORTUGAL E OUTRAS (FABRICO, EXPEDIÇÃO E VENDAS, APOIO E MANUTENÇÃO - NORTE) - REV. GLOBAL;Contrato coletivo de trabalho;Pluridistrital;2010;2024;12;5;2.40.1 2.46.0 2.48.0 2.48.1 5.257.1
6261;CONTRATO COLETIVO ENTRE A ASSOCIAÇÃO PORTUGUESA DE HOSPITALIZAÇÃO PRIVADA - APHP E A FESAHT - FEDERAÇÃO DOS SINDICATOS DA AGRICULTURA, ALIMENTAÇÃO, BEBIDAS E TURISMO DE PORTUGAL E OUTRO - ALTERAÇÃO SALARIAL E OUTRAS E TEXTO CONSOLIDADO;Contrato coletivo de trabalho;Nacional;2010;2024;18;4;1.19.1 2.40.1 2.58.0 5.88.1
6262;CONTRATO COLECTIVO ENTRE A APICCAPS - ASSOCIAÇÃO PORTUGUESA DOS INDUSTRIAIS DE CALÇADO, COMPONENTES, ARTIGOS EM PELE E SEUS SUCEDÂNEOS E A FESETE - FEDERAÇÃO DOS SINDICATOS DOS TRABALHADORES TÊXTEIS, LANIFÍCIOS, VESTUÁRIO, CALÇADO E PELES DE PORTUGAL - REVISÃO GLOBAL.;Contrato coletivo de trabalho;Nacional;2010;2026;18;2;2.20.2 5.301.0
6263;CONTRATO COLECTIVO ENTRE A APICCAPS - ASSOCIAÇÃO PORTUGUESA DOS INDUSTRIAIS DE CALÇADO, COMPONENTES, ARTIGOS DE PELE E SEUS SUCEDÂNEOS E O SINDEQ - SINDICATO DEMOCRÁTICO DA ENERGIA, QUÍMICA, TÊXTIL E INDUSTRIAS DIVERSAS E OUTRO - REVISÃO GLOBAL.;Contrato coletivo de trabalho;Nacional;2010;2015;9;5;1.360.2 1.5.5 2.47.0 4.9.2 5.301.0
6264;CC ENTRE A ANCIPA - ASSOCIAÇÃO NACIONAL DE COMERCIANTES E INDUSTRIAIS DE PRODUTOS ALIMENTARES( IND.BATATA FRITA)E A FESAHT - FEDERAÇÃO DOS SINDICATOS DA AGRICULTURA, ALIMENTAÇÃO, BEBIDAS, HOTELARIA E TURISMO DE PORTUGAL E OUTRA - REVISÃO GLOBAL;Contrato coletivo de trabalho;Nacional;2010;2022;8;4;2.40.1 2.58.0 2.6.4 5.12.0
6265;CONTRATO COLECTIVO ENTRE A ANCIPA - ASSOCIAÇÃO NACIONAL DE COMERCIANTES E INDUSTRIAIS DE PRODUTOS ALIMENTARES E A FESAHT - FEDERAÇÃO DOS SINDICATOS DA AGRICULTURA, ALIMENTAÇÃO, BEBIDAS, HOTELARIA E TURISMO DE PORTUGAL (PASTELARIA, CONFEITARIA E CONSERVAÇÃO DE FRUTA - PESSOAL FABRIL - REVISÃO GLOBAL;Contrato coletivo de trabalho;Nacional;2010;2010;2;2;2.40.1 5.12.0
6266;CONTRATO COLECTIVO ENTRE A ANIECA - ASSOCIAÇÃO NACIONAL DOS INDUSTRIAIS DO ENSINO DE CONDUÇÃO AUTOMÓVEL E A FETESE - FEDERAÇÃO DOS SINDICATOS DOS TRABALHADORES DE SERVIÇOS - REVISÃO GLOBAL.;Contrato coletivo de trabalho;Nacional;2010;2010;2;2;2.26.2 5.34.0
6267;CONTRATO COLECTIVO ENTRE A ANIECA - ASSOCIAÇÃO NACIONAL DOS INDUSTRIAIS DO ENSINO DE CONDUÇÃO AUTOMÓVEL E O SITRA - SINDICATO DOS TRABALHADORES DOS TRANSPORTES - REVISÃO GLOBAL;Contrato coletivo de trabalho;Nacional;2010;2011;4;2;1.104.3 5.34.0
6268;CONTRATO COLECTIVO ENTRE A ASSOCIAÇÃO DOS AGRICULTORES DO BAIXO ALENTEJO E SETAA - SINDICATO DA AGRICULTURA, ALIMENTAÇÃO E FLORESTAS;Contrato coletivo de trabalho;Distrital;2010;2015;6;2;1.103.2 5.321.0
6269;CONTRATO COLECTIVO ENTRE A ALIF - ASSOCIAÇÃO DA INDÚSTRIA ALIMENTAR PELO FRIO E O SETAA - SINDICATO DA AGRICULTURA, ALIMENTAÇÃO E FLORESTAS - REVISÃO GLOBAL;Contrato coletivo de trabalho;Nacional;2010;2010;2;2;1.103.2 5.241.1
6270;CONTRATO COLECTIVO ENTRE A ANCIPA - ASSOCIAÇÃO NACIONAL DE COMERCIANTES E INDUSTRIAIS DE PRODUTOS ALIMENTARES (INDÚSTRIAS DE HORTOFRUTÍCOLAS) E A FESAHT - FEDERAÇÃO DOS SINDICATOS DA AGRICULTURA, ALIMENTAÇÃO, BEBIDAS, HOTELARIA E TURISMO DE PORTUGAL E OUTROS - REVISÃO GLOBAL;Contrato coletivo de trabalho;Nacional;2010;2018;17;10;1.31.2 1.548.1 2.40.1 2.46.0 2.48.0 2.48.1 2.50.0 2.58.0 2.6.4 5.12.0
6271;CONTRATO COLECTIVO ENTRE A ANCIPA - ASSOCIAÇÃO NACIONAL DE COMERCIANTES E INDUSTRIAIS DE PRODUTOS ALIMENTARES E O SETAA - SINDICATO DA AGRICULTURA, ALIMENTAÇÃO E FLORESTAS (INDÚSTRIA DE HORTOFRUTÍCOLAS) - REVISÃO GLOBAL;Contrato coletivo de trabalho;Nacional;2010;2015;4;2;1.103.2 5.12.0
6272;CONTRATO COLECTIVO ENTRE A ANCIPA - ASSOCIAÇÃO NACIONAL DE COMERCIANTES E INDUSTRIAIS DE PRODUTOS ALIMENTARES E O SETAA - SINDICATO DA AGRICULTURA, ALIMENTAÇÃO E FLORESTAS  (INDÚSTRIA DE BATATA FRITA, APERITIVOS E SIMILARES - REVISÃO GLOBAL;Contrato coletivo de trabalho;Nacional;2010;2015;4;2;1.103.2 5.12.0
6273;CONTRATO COLECTIVO ENTRE A ANCIPA - ASSOCIAÇÃO NACIONAL DE COMERCIANTES E INDUSTRIAIS DE PRODUTOS ALIMENTARES E O SETAA - SINDICATO DA AGRICULTURA, ALIMENTAÇÃO E FLORESTAS (PASTELARIA, CONFEITARIA E CONSERVAÇÃO DE FRUTA - PESSOAL FABRIL);Contrato coletivo de trabalho;Nacional;2010;2010;2;2;1.103.2 5.12.0
6274;CONTRATO COLECTIVO ENTRE A APCOR - ASSOCIAÇÃO PORTUGUESA DE CORTIÇA E A FEVICCOM - FEDERAÇÃO PORTUGUESA DOS SINDICATOS DA CONSTRUÇÃO, CERAMICA E VIDRO E OUTROS ( PESSOAL FABRIL) - REVISÃO GLOBAL;Contrato coletivo de trabalho;Nacional;2010;2026;161;20;1.143.1 1.143.2 1.171.0 1.274.0 1.296.3 1.296.4 1.31.2 1.360.2 1.360.3 2.40.1 2.46.0 2.47.0 2.48.0 2.48.1 2.50.0 2.58.0 2.6.4 4.9.1 4.9.2 5.167.3
6275;ACORDO COLECTIVO ENTRE A CAIMA - INDÚSTRIA DE CELULOSE, SA E OUTRA E O SINDICATO DOS TRABALHADORES DAS INDÚSTRIAS DE CELULOSE, PAPEL, GRÁFICA E IMPRENSA E OUTRAS - REVISÃO GLOBAL;Acordo coletivo de trabalho;Nacional;2010;2010;7;7;1.143.1 1.502.0 1.518.0 2.40.1 2.46.0 2.48.0 2.50.0
6276;AC ENTRE A BRISA - AUTO-ESTRADAS DE PORTUGAL, SA E OUTRAS E O SETACCOP - SINDICATO DA CONSTRUÇÃO, OBRAS PÚBLICAS E SERVIÇOS E AFINS E OUTRA - REVISÃO GLOBAL;Acordo coletivo de trabalho;Continente;2010;2010;2;2;1.286.2 2.26.2
6277;CONTRATO COLECTIVO ENTRE A AIPAN - ASSOCIAÇÃO DOS INDUSTRIAIS DE PANIFICAÇÃO, PASTELARIA E SIMILARES DO NORTE E A FEPCES - FEDERAÇÃO PORTUGUESA DOS SINDICATOS DO COMÉRCIO, ESCRITÓRIOS E SERVIÇOS E OUTROS (ADMINISTRATIVOS - NORTE) - REVISÃO GLOBAL;Contrato coletivo de trabalho;Pluridistrital;2010;2011;8;5;1.133.2 1.133.3 2.26.2 2.6.4 5.257.1
6278;ACORDO DE EMPRESA ENTRE A PORTUGÁLIA - COMPANHIA PORTUGUESA DE TRANSPORTES AÉREOS, SA E O SNPVAC - SINDICATO NACIONAL DO PESSOAL DE VOO DA AVIAÇÃO CIVIL;Acordo de empresa;Nacional;2010;2021;3;1;1.117.0
6279;CONTRATO COLECTIVO ENTRE A ANF - ASSOCIAÇÃO NACIONAL DAS FARMÁCIAS E O SINPROFARM - SINDICATO NACIONAL DOS PROFISSIONAIS DE FARMÁCIA - REVISÃO GLOBAL;Contrato coletivo de trabalho;Nacional;2010;2010;2;2;1.229.1 5.100.1
6280;ACORDO DE EMPRESA ENTRE A CELTEJO - EMPRESA DE CELULOSE DO TEJO, SA E A FETESE - FEDERAÇÃO DOS SINDICATOS DOS TRABALHADORES DE SERVIÇOS E OUTROS - REVISÃO GLOBAL;Acordo de empresa;Continente;2010;2026;42;11;1.15.2 1.15.3 1.15.4 1.180.1 1.346.0 1.360.2 1.5.5 2.26.2 2.47.0 4.9.1 4.9.2
6281;CONTRATO COLECTIVO ENTRE A ASCOOP - ASSOCIAÇÃO DAS ADEGAS COOPERATIVAS DO CENTRO E SUL DE PORTUGAL E O SETAA - SINDICATO DA AGRICULTURA, ALIMENTAÇÃO E FLORESTAS E OUTRO - REVISÃO GLOBAL;Contrato coletivo de trabalho;Distrital;2010;2010;3;3;1.103.2 1.133.3 5.358.0
6282;CONTRATO COLECTIVO ENTRE A ARCDP-ASSOCIAÇÃO DOS RETALHISTAS DE CARNES DO DISTRITO DO PORTO E OUTRAS E O SITESC- SINDICATO DOS TRABALHADORES DO COMÉRCIO, SERVIÇOS, ALIMENTAÇÃO, HOTELARIA E TURISMO-1ª CONVENÇÃO;Contrato coletivo de trabalho;Pluridistrital;2010;2010;10;10;1.133.3 5.162.1 5.166.2 5.169.1 5.173.1 5.249.0 5.341.2 5.427.0 5.432.0 5.75.0
6283;CC ENTRE A ASSOCIAÇÃO DE AGRICULTORES DO DISTRITO DE ÉVORA E OUTRAS E O SETAA - SINDICATO DA AGRICULTURA, ALIMENTAÇÃO E FLORESTAS - REVISÃO GLOBAL;Contrato coletivo de trabalho;Pluridistrital;2010;2010;4;4;1.103.2 5.318.0 5.391.0 5.435.0
6284;ACORDO DE EMPRESA ENTRE A TAP - TRANSPORTES AÉREOS PORTUGUESES, SA E O SPAC - SINDICATO DOS PILOTOS DA AVIAÇÃO CIVIL - REVISÃO GLOBAL;Acordo de empresa;Nacional;2010;2023;5;1;1.320.0
6285;CONTRATO COLECTIVO ENTRE A ASSOCIAÇÃO DOS INDUSTRIAIS DE CHAPELARIA E A FESETE - FEDERAÇÃO DOS SINDICATOS DOS TRABALHADORES TÊXTEIS, LANIFÍCIOS, VESTUÁRIO, CALÇADO E PELES DE PORTUGAL - REVISÃO GLOBAL;Contrato coletivo de trabalho;Continente;2010;2017;6;2;2.20.2 5.332.0
6286;CONTRATO COLECTIVO ENTRE A AIND - ASSOCIAÇÃO PORTUGUESA DE IMPRENSA E O SINDICATO DOS JORNALISTAS - REVISÃO GLOBAL;Contrato coletivo de trabalho;Nacional;2010;2010;2;2;1.11.0 5.139.1
6287;ACORDO DE EMPRESA ENTRE A PORTUCEL - EMPRESA PRODUTORA DE PASTA DE PAPEL, SA E A FIEQUIMETAL - FEDERAÇÃO INTERSINDICAL DAS INDÚSTRIAS METALÚRGICA, QUÍMICA, FARMACÊUTICA, ELÉCTRICA, ENERGIA E MINAS E OUTROS - REVISÃO GLOBAL;Acordo de empresa;Continente;2010;2010;9;9;1.143.1 1.157.2 1.31.2 1.502.0 2.40.1 2.46.0 2.48.0 2.50.0 2.6.4
6288;CONTRATO COLECTIVO ENTRE A AIMMAP - ASSOCIAÇÃO DOS INDUSTRIAIS METALÚRGICOS, METALOMECÂNICOS E AFINS DE PORTUGAL E O SIMA - SINDICATO DAS INDÚSTRIAS METALÚRGICAS E AFINS;Contrato coletivo de trabalho;Nacional;2010;2026;26;2;1.346.0 5.156.2
6289;ACORDO DE EMPRESA ENTRE O BANCO BIC PORTUGUÊS, SA E A FEBASE - FEDERAÇÃO DO SECTOR FINANCEIRO - 1ª. CONVENÇÃO;Acordo de empresa;Nacional;2010;2010;1;1;2.51.0
6290;ACORDO DE EMPRESA ENTRE A ISPORECO - INTEGRAÇÃO DE SERVIÇOS ECOLÓGICOS DE MANUTENÇÃO INDUSTRIAL PORTUGUESA, LDA E O STAD - SINDICATO DOS TRABALHADORES DE SERVIÇOS DE PORTARIA, VIGILÃNCIA, LIMPEZA, DOMÉSTICAS E ACTIVIDADES DIVERSAS;Acordo de empresa;Concelhia;2010;2010;1;1;1.152.2
6291;ACORDO DE EMPRESA ENTRE A NAVEGAÇÃO AÉREA DE PORTUGAL - NAV PORTUGAL, E.P.E. E O SINCTA - SINDICATO DOS CONTROLADORES DE TRÁFEGO AÉREO - REVISÃO GLOBAL;Acordo de empresa;Nacional;2010;2010;1;1;1.383.0
6292;CONTRATO COLECTIVO ENTRE A ADAPI - ASSOCIAÇÃO DOS ARMADORES DAS PESCAS INDUSTRIAIS E O SITEMAQ - SINDICATO DA MESTRANÇA E MARINHAGEM DA MARINHA MERCANTE, ENERGIA E FOGUEIROS DE TERRA E OUTROS ( PESCA DO LARGO) - REVISÃO GLOBAL;Contrato coletivo de trabalho;Continente;2010;2010;4;4;1.438.1 1.475.0 1.5.5 5.5.0
6293;CONTRATO COLECTIVO ENTRE A AÇOMEFER - ASSOCIAÇÃO PORTUGUESA DE GROSSISTAS DE AÇOS, METAIS E FERRAMENTAS E O SITESC - SINDICATO DOS TRABALHADORES DO COMÉRCIO, SERVIÇOS, ALIMENTAÇÃO, HOTELARIA E TURISMO E OUTROS - REVISÃO GLOBAL;Contrato coletivo de trabalho;Nacional;2010;2010;8;8;1.104.3 1.133.3 1.143.1 1.222.2 1.548.0 2.50.0 2.6.4 5.80.1
6294;CONTRATO COLECTIVO ENTRE A ANF - ASSOCIAÇÃO NACIONAL DAS FARMÁCIAS E O SNF - SINDICATO NACIONAL DOS FARMACÊUTICOS - REVISÃO GLOBAL;Contrato coletivo de trabalho;Nacional;2010;2010;2;2;1.216.1 5.100.1
6295;ACORDO DE EMPRESA ENTRE OS CTT - CORREIOS DE PORTUGAL, S.A. E O SINDETELCO -  SINDICATO DEMOCRÁTICO DOS TRABALHADORES DAS COMUNICAÇÕES E DOS MÉDIA E OUTROS - REVISÃO GLOBAL.;Acordo de empresa;Nacional;2010;2010;12;12;1.15.2 1.221.1 1.236.1 1.296.3 1.338.3 1.385.2 1.451.0 1.504.0 1.516.2 1.536.0 4.5.0 4.6.0
6296;CONTRATO COLECTIVO ENTRE A ACAP - ASSOCIAÇÃO AUTOMÓVEL DE PORTUGAL E OUTRAS E O SINDEL - SINDICATO NACIONAL DA INDÚSTRIA E ENERGIA E OUTROS;Contrato coletivo de trabalho;Nacional;2010;2010;8;8;1.133.2 1.361.2 1.84.1 2.26.2 5.141.1 5.23.1 5.78.1 5.83.1
6297;AE ENTRE A PORTUCEL EMBALAGEM - EMPRESA PRODUTORA DE EMBALAGENS DE CARTÃO, SA E O SINDICATO DOS TRABALHADORES DAS INDÚSTRIAS DE CELULOSE, PAPEL, GRÁFICA E IMPRENSA E OUTROS - REVISÃO GLOBAL;Acordo de empresa;Nacional;2010;2010;8;8;1.143.1 1.31.2 1.502.0 2.40.1 2.46.0 2.48.0 2.50.0 2.6.4
6298;ACORDO DE EMPRESA ENTRE A PORTUCEL EMBALAGEM - EMPRESA PRODUTORA DE EMBALAGENS DE CARTÃO, SA E A FETESE - FEDERAÇÃO DOS SINDICATOS DOS TRABALHADORES DE SERVIÇOS E OUTROS - REVISÃO GLOBAL;Acordo de empresa;Nacional;2010;2010;4;4;1.15.2 1.360.2 1.5.5 2.26.2
6299;ACORDO DE EMPRESA ENTRE A PORTUCEL - EMPRESA PRODUTORA DE PASTA E PAPEL , SA E A FETESE - FEDERAÇÃO DOS SINDICATOS DOS TRABALHADORES DE SERVIÇOS E OUTROS - REVISÃO GLOBAL;Acordo de empresa;Continente;2010;2011;7;6;1.15.2 1.221.1 1.360.2 1.385.2 1.5.5 2.26.2
6300;ACORDO DE EMPRESA ENTRE A CAIXA - BANCO DE INVESTIMENTO, SA E O SINDICATO DOS TRABALHADORES DAS EMPRESAS DO GRUPO CAIXA GERAL DE DEPÓSITOS - STEC.;Acordo de empresa;Nacional;2010;2010;1;1;1.537.0
6301;CONTRATO COLECTIVO ENTRE A ADAPI - ASSOCIAÇÃO DOS ARMADORES DAS PESCAS INDUSTRIAIS E O SINDICATO NACIONAL DOS TRABALHADORES DO SECTOR DAS PESCAS ( PESCA DO LARGO) - REVISÃO GLOBAL;Contrato coletivo de trabalho;Continente;2010;2010;2;2;1.277.2 5.5.0
6302;ACORDO EMPRESA ENTRE A ASSOCIAÇÃO HUMANITÁRIA DOS BOMBEIROS VOLUNTÁRIOS DE GUIMARÃES E O SINDICATO NACIONAL DOS BOMBEIROS PROFISSIONAIS;Acordo de empresa;Nacional;2010;2016;3;1;1.486.0
6303;CONTRATO COLECTIVO ENTRE A LIGA PORTUGUESA DE FUTEBOL PROFISSIONAL E A FESAHT - FEDERAÇÃO DOS SINDICATOS DA AGRICULTURA, ALIMENTAÇÃO, BEBIDAS, HOTELARIA E TURISMO DE PORTUGAL - REVISÃO GLOBAL;Contrato coletivo de trabalho;Nacional;2010;2010;2;2;2.40.1 5.319.1
6304;ACORDO COLECTIVO ENTRE A BP PORTUGAL - COMÉRCIO DE COMBUSTÍVEIS E LUBRIFICANTES, SA. E OUTRAS EMPRESAS PETROLÍFERAS E A FETESE - FEDERAÇÃO DOS SINDICATOS DOS TRABALHADORES DE SERVIÇOS E OUTROS - REVISÃO GLOBAL;Acordo coletivo de trabalho;Nacional;2010;2017;27;13;1.15.2 1.15.4 1.218.5 1.221.1 1.360.1 1.360.2 1.361.2 1.5.5 1.548.1 2.26.2 2.26.3 2.47.0 4.9.2
6305;CONTRATO COLECTIVO ENTRE A ASCOOP - ASSOCIAÇÃO DAS ADEGAS COOPERATIVAS DO CENTRO E SUL DE PORTUGAL E O SINDICATO NACIONAL DOS TRABALHADORES DA INDÚSTRIA E COMÉRCIO DE ALIMENTAÇÃO, BEBIDAS E AFINS - REVISÃO GLOBAL;Contrato coletivo de trabalho;Pluridistrital;2011;2011;2;2;1.131.4 5.358.0
6306;CONTRATO COLECTIVO ENTRE A APICER - ASSOCIAÇÃO PORTUGUESA DA INDÚSTRIA DE CERÂMICA E A FETESE - FEDERAÇÃO DOS SINDICATOS DOS TRABALHADORES DE SERVIÇOS E OUTRO (ADMINISTRATIVOS).;Contrato coletivo de trabalho;Nacional;2011;2011;3;3;1.548.1 2.26.2 5.511.0
6307;CONTRATO COLECTIVO ENTRE A APEC - ASSOCIAÇÃO PORTUGUESA DE ESCOLAS DE CONDUÇÃO E A FETESE - FEDERAÇÃO DOS SINDICATOS DOS TRABALHADORES DE SERVIÇOS E OUTRO.;Contrato coletivo de trabalho;Nacional;2011;2013;7;4;1.104.3 2.26.2 2.26.3 5.463.0
6308;CONTRATO COLECTIVO ENTRE A ATP - ASSOCIAÇÃO TÊXTIL E VESTUÁRIO DE PORTUGAL E A FESETE - FEDERAÇÃO DOS SINDICATOS DOS TRABALHADORES TÊXTEIS, LANIFÍCIOS, VESTUÁRIO, CALÇADO E PELES DE PORTUGAL - REVISÃO GLOBAL;Contrato coletivo de trabalho;Nacional;2011;2011;4;2;2.20.2 5.102.2
6309;CONTRATO COLETIVO  ENTRE A ASSOCIAÇAO DA HOTELARIA, RESTAURAÇAO E SIMILARES DE PORTUGAL - AHRESP E O SINDICATO DOS TRABALHADORES E TECNICOS DE SERVIÇOS - SITESE - ALTERAÇAO SALARIAL E OUTRAS.;Contrato coletivo de trabalho;Nacional;2011;2023;16;4;1.218.5 1.218.6 2.26.2 5.508.1
6310;CONTRATO COLECTIVO ENTRE A AICR - ASSOIAÇÃO DOS INDUSTRIAIS DE CORDOARIA E REDES E A FESETE - FEDERAÇÃO DOS SINDICATOS DOS TRABALHADORES TEXTEIS, LANIFÍCIOS, VESTUÁRIO, CALÇADO E PELES DE PORTUGAL - REVISÃO GLOBAL;Contrato coletivo de trabalho;Nacional;2011;2011;2;2;2.20.2 5.29.0
6311;CONTRATO COLECTIVO ENTRE A GROQUIFAR - ASSOCIAÇÃO DE GROSSISTAS DE PRODUTOS QUÍMICOS E FARMACÊUTICOS E A FIEQUIMETAL - FEDERAÇÃO INTERSINDICAL DAS INDÚSTRIAS METALÚRGICA, QUÍMICA, FARMACÊUTICA, ELÉCTRICA, ENERGIA E MINAS - REVISÃO GLOBAL.;Contrato coletivo de trabalho;Nacional;2011;2011;2;2;2.48.0 5.136.0
6312;CONTRATO COLECTIVO ENTRE A LIGA PORTUGUESA DE FUTEBOL PROFISSIONAL E A FEPCES - FEDERAÇÃO PORTUGUESA DOS SINDICATOS DO COMÉRCIO, ESCRITÓRIOS E SERVIÇOS E OUTROS - REVISÃO GLOBAL.;Contrato coletivo de trabalho;Nacional;2011;2011;6;6;1.133.3 2.26.2 2.48.0 2.50.0 2.6.4 5.319.1
6313;ACORDO DE EMPRESA ENTRE A ASSOCIAÇÃO HUMANITÁRIA DOS BOMBEIROS VOLUNTÁRIOS DE ALCOBAÇA E O SNBP - SINDICATO NACIONAL DOS BOMBEIROS PROFISSIONAIS.;Acordo de empresa;Nacional;2011;2014;2;1;1.486.0
6314;ACORDO DE EMPRESA ENTRE A ASSOCIAÇÃO HUMANITÁRIA DOS BOMBEIROS VOLUNTÁRIOS DE CONDEIXA E O SINDICATO NACIONAL DOS BOMBEIROS PROFISSIONAIS;Acordo de empresa;Nacional;2011;2022;3;1;1.486.0
6315;ACORDO DE EMPRESA ENTRE A ASSOCIAÇÃO HUMANITÁRIA DOS BOMBEIROS VOLUNTÁRIOS DE POMBAL E O SNBP - SINDICATO NACIONAL DOS BOMBEIROS PROFISSIONAIS;Acordo de empresa;Continente;2011;2011;1;1;1.486.0
6316;CONTRATO COLECTIVO ENTRE A AICC - ASSOCIAÇÃO INDUSTRIAL E COMERCIAL DO CAFÉ E A FESAHT - FEDERAÇÃO DOS SINDICATOS DA AGRICULTURA, ALIMENTAÇÃO, BEBIDAS, HOTELARIA E TURISMO DE PORTUGAL - REVISÃO GLOBAL.;Contrato coletivo de trabalho;Continente;2011;2016;6;3;2.40.1 2.58.0 5.62.1
6317;ACORDO DE EMPRESA ENTRE A ASSOCIAÇÃO HUMANITÁRIA DOS BOMBEIROS VOLUNTÁRIOS DE ODEMIRA E O SNBP - SINDICATO NACIONAL DOS BOMBEIROS PROFISSIONAIS.;Acordo de empresa;Nacional;2011;2014;2;1;1.486.0
6318;CONTRATO COLECTIVO ENTRE A CNIS - CONFEDERAÇÃO NACIONAL DAS INSTITUIÇÕES DE SOLIDARIEDADE E A FNSFP - FEDERAÇÃO NACIONAL DOS SINDICATOS DA FUNÇÃO PÚBLICA - REVISÃO GLOBAL;Contrato coletivo de trabalho;Nacional;2011;2011;1;1;2.25.1
6319;"DECISÃO ARBITRAL EM PROCESSO DE ARBITRAGEM OBRIGATÓRIA RELATIVA À APHP
- ASSOCIAÇÃO PORTUGUESA DE HOSPITALIZAÇÃO PRIVADA E À FETESE - FEDERAÇÃO DOS SINDICATOS DOS TRABALHADORES DE SERVIÇOS E OUTRO";Decisão arbitral;Nacional;2011;2012;5;4;1.368.2 2.26.2 2.26.3 5.88.1
6320;ACORDO DE EMPRESA ENTRE A ASSOCIAÇÃO HUMANITÁRIA DOS BOMBEIROS VOLUNTÁRIOS DA COVILHÃ E O STAL - SINDICATO NACIONAL DOS TRABALHADORES DA ADMINISTRAÇÃO LOCAL;Acordo de empresa;Nacional;2011;2011;1;1;1.306.0
6321;CONTRATO COLETIVO ENTRE A ASSOCIAÇÃO DOS COMERCIANTES DE CARNES DO CONCELHO DE LISBOA E OUTROS E OUTRAS ASSOCIAÇÕES DE EMPREGADORES E O SINDICATO DOS TRABALHADORES DA INDÚSTRIA E COMÉRCIO DE CARNES DO SUL - ALTERAÇÃO SALARUIAL / TEXTO CONSOLIDADO;Contrato coletivo de trabalho;Distrital;2011;2026;73;11;1.151.0 1.151.1 5.101.1 5.101.2 5.228.1 5.231.2 5.231.3 5.255.0 5.255.1 5.271.0 5.48.1
6322;ACORDO DE EMPRESA ENTRE A PSA SINES - TERMINAIS DE CONTENTORES, SA E O SINDICATO XXI - ASSOCIAÇÃO SINDICAL DOS TRABALHADORES ADMINISTRATIVOS, TÉCNICOS E OPERADORES DOS TERMINAIS DE CARGA CONTENTORIZADA DO PORTO DE SINES - REVISÃO GLOBAL.;Acordo de empresa;Concelhia;2011;2011;1;1;1.553.0
6323;ACORDO DE EMPRESA ENTRE A SITAVA TURISMO, SA E O CESP - SINDICATO DOS TRABALHADORES DO COMÉRCIO, ESCRITÓRIOS E SERVIÇOS DE PORTUGAL.;Acordo de empresa;Concelhia;2011;2012;2;1;1.518.0
6324;ACORDO DE EMPRESA ENTRE A ALTRIFLORESTAL, S.A. E A FIEQUIMETAL - FEDERAÇÃO INTERSINDICAL DAS INDÚSTRIAS METALÚRGICA, QUÍMICA, FARMACEUTICA, ELÉCTRICA, ENERGIA E MINAS E OUTROS - REVISÃO GLOBAL;Acordo de empresa;Nacional;2011;2011;6;6;1.143.1 1.518.0 2.40.1 2.46.0 2.48.0 2.50.0
6325;ACORDO DE EMPRESA ENTRE A CAIMA - INDÚSTRIA DE CELULOSE, S.A. E A FIEQUIMETAL - FEDERAÇÃO INTERSINDICAL DAS INDÚSTRIAS METALÚRGICA, QUÍMICA, FARMACÊUTICA, ELÉCTRICA, ENERGIA E MINAS E OUTROS - REVISÃO GLOBAL;Acordo de empresa;Nacional;2011;2011;6;6;1.143.1 1.518.0 2.40.1 2.46.0 2.48.0 2.50.0
6326;CONTRATO COLECTIVO ENTRE A ADAPI - ASSOCIAÇÃO DOS ARMADORES DAS PESCAS INDUSTRIAIS E O SITEMAQ - SINDICATO DE MESTRANÇA E MARINHAGEM DA MARINHA MERCANTE, ENERGIA E FOGUEIROS E OUTRO (ARRASTO DO LARGO DE CRUSTÁCEOS) - REVISÃO GLOBAL;Contrato coletivo de trabalho;Nacional;2011;2011;3;3;1.438.1 1.5.5 5.5.0
6327;ACORDO COLETIVO ENTRE A BRISA - AUTO-ESTRADAS DE PORTUGAL, SA E OUTRAS E O SETACCOP - SINDICATO DA CONSTRUÇÃO, OBRAS PÚBLICAS E SERVIÇOS E OUTROS - ALTERAÇÃO SALARIAL E OUTRAS.;Acordo coletivo de trabalho;Continente;2011;2012;10;9;1.143.1 1.286.2 1.286.3 2.26.2 2.26.3 2.46.0 2.48.1 2.50.0 2.6.4
6328;ACORDO DE EMPRESA ENTRE A PROMETRO, S.A. E O SMAQ - SINDICATO NACIONAL DOS MAQUINISTAS DOS CAMINHOS DE FERRO PORTUGUESES;Acordo de empresa;Distrital;2011;2017;4;1;1.344.2
6329;ACORDO DE EMPRESA ENTRE A BIOTEK, SA E A FIEQUIMETAL - FEDERAÇÃO INTERSINDICAL DAS INDÚSTRIAS METALÚRGICA, QUÍMICA, FARMACÊUTICA, ELÉCTRICA, ENERGIA E MINAS E OUTROS - REVISÃO GLOBAL.;Acordo de empresa;Continente;2011;2024;35;6;1.143.1 1.143.2 2.48.0 2.48.1 2.50.0 2.6.4
6330;CONTRATO COLECTIVO ENTRE A ANIPB - ASSOCIAÇÃO NACIONAL DOS INDUSTRIAIS DE PREFABRICAÇÃO EM BETÃO E A FETESE - FEDERAÇÃO DOS SINDICATOS DOS TRABALHADORES DE SERVIÇOS E OUTROS - 1ª. CONVENÇÃO;Contrato coletivo de trabalho;Nacional;2011;2011;6;6;1.295.1 1.360.2 1.519.0 1.550.1 2.26.1 5.95.1
6331;ACORDO DE EMPRESA ENTRE A UNITED EUROPEAN CAR CARRIERS UNIPESSOAL, LDA E A FESMAR - FEDERAÇÃO DOS SINDICATOS DOS TRABALHADORES DO MAR - REVISÃO GLOBAL;Acordo de empresa;Nacional;2011;2011;1;1;2.36.0
6332;ACORDO DE EMPRESA ENTRE A E.S. RECUPERAÇÃO DE CRÉDITO, ACE, E O SINTAF - SINDICATO DOS TRABALHADORES DA ACTIVIDADE FINANCEIRA;Acordo de empresa;Nacional;2011;2018;3;1;1.561.0
6333;CONTRATO COLECTIVO ENTRE A CAP - CONFEDERAÇÃO DOS AGRICULTORES DE PORTUGAL E O SETAA - SINDICATO DA AGRICULTURA, ALIMENTAÇÃO E FLORESTAS - ALTERAÇAO SALARIAL E OUTRAS;Contrato coletivo de trabalho;Continente;2011;2015;5;2;1.103.2 8.3.0
6334;ACORDO DE EMPRESA ENTRE  PROMETRO, S.A. E O SINDICATO INDEPENDENTE NACIONAL DOS FERROVIÁRIOS;Acordo de empresa;Distrital;2011;2017;4;1;1.478.2
6335;ACORDO DE EMPRESA ENTRE A PROMETRO, SA E O SINDICATO NACIONAL DOS TRABALHADORES DO SECTOR FERROVIÁRIO.;Acordo de empresa;Distrital;2011;2017;4;1;1.525.0
6336;ACORDO DE EMPRESA ENTRE A PROMETRO, SA E O SINDICATO DOS TRABALHADORES DOS TRANSPORTES DA ÁREA METROPOLITANA DO PORTO;Acordo de empresa;Distrital;2011;2017;3;1;1.298.1
6337;ACORDO DE EMPRESA ENTRE A ALTRIFLORESTAL, SA, E A FETESE - FEDERAÇÃO DOS SINDICATOS DA INDÚSTRIA E SERVIÇOS - REVISÃO GLOBAL;Acordo de empresa;Nacional;2011;2011;1;1;2.26.3
6338;ACORDO DE EMPRESA ENTRE A ASSOCIAÇÃO HUMANITÁRIA DOS BOMBEIROS DE CARNAXIDE E O SINDICATO NACIONAL DOS BOMBEIROS PROFISSIONAIS;Acordo de empresa;Nacional;2011;2021;3;1;1.486.0
6339;ACORDO DE EMPRESA ENTRE A CAIMA INDÚSTRIA DE CELULOSE, SA E A FETESE - FEDERAÇÃO DOS SINDICATOS DA INDÚSTRIA E SERVIÇOS - REVISÃO GLOBAL;Acordo de empresa;Nacional;2011;2011;1;1;2.26.3
6340;ACORDO DE EMPRESA ENTRE A TABAQUEIRA - EMPRESA INDUSTRIAL DE TABACOS, SA E A FESAHT - FEDERAÇÃO DOS SINDICATOS DA AGRICULTURA, ALIMENTAÇÃO, BEBIDAS, HOTELARIA E TURISMO DE PORTUGAL E OUTROS - REVISÃO GLOBAL;Acordo de empresa;Nacional;2011;2013;13;8;1.143.1 1.144.1 1.360.2 1.5.5 2.26.3 2.40.1 2.47.0 4.5.0
6341;ACORDO DE EMPRESA ENTRE A TABAQUEIRA II, SA E A FESAHT - FEDERAÇÃO DOS SINDICATOS DA AGRICULTURA, ALIMENTAÇÃO, BEBIDAS, HOTELARIA E TURISMO DE PORTUGAL E OUTROS - ALTERAÇÃO.;Acordo de empresa;Nacional;2011;2013;13;7;1.360.2 1.5.5 2.26.3 2.40.1 2.47.0 2.6.4 4.5.0
6342;CONTRATO COLECTIVO ENTRE A ASSOCIAÇÃO DE AGRICULTORES DO DISTRITO DE PORTALEGRE E O SETAA - SINDICATO DA AGRICULTURA, ALIMENTAÇÃO E FLORESTAS - REVISÃO GLOBAL;Contrato coletivo de trabalho;Distrital;2011;2014;6;2;1.103.2 5.435.0
6343;ACORDO DE EMPRESA ENTRE A GESTIPONTE - OPERAÇÃO E MANUTENÇÃO DAS TRAVESSIAS DO TEJO, SA E O SETACCOP - SINDICATO DA CONSTRUÇÃO, OBRAS PÚBLICAS E SERVIÇOS AFINS - REVISÃO GLOBAL;Acordo de empresa;Nacional;2011;2011;1;1;1.286.2
6344;ACORDO DE EMPRESA ENTRE A ASSOCIAÇÃO HUMANITÁRIA DOS BOMBEIROS VOLUNTÁRIOS DE PORTO DE MÓS E O SINDICATO NACIONAL DOS BOMBEIROS PROFISSIONAIS;Acordo de empresa;Nacional;2011;2011;1;1;1.486.0
6345;CONTRATO COLECTIVO ENTRE A APHORT - ASSOCIAÇÃO PORTUGUESA DE HOTELARIA, RESTAURAÇÃO E TURISMO E A FESAHT - FEDERAÇÃO DOS SINDICATOS DA AGRICULTURA, ALIMENTAÇÃO, BEBIDAS, HOTELARIA E TURISMO DE PORTUGAL - REVISÃO GLOBAL;Contrato coletivo de trabalho;Nacional;2011;2011;2;2;2.40.1 5.578.1
6346;ACORDO DE EMPRESA ENTRE A ASSOCIAÇÃO HUMANITÁRIA DOS BOMBEIROS VOLUNTÁRIOS DO ENTRONCAMENTO E O SNBP - SINDICATO NACIONAL DOS BOMBEIROS PROFISSIONAIS;Acordo de empresa;Nacional;2011;2011;1;1;1.486.0
6347;ACORDO DE EMPRESA ENTRE A ASSOCIAÇÃO HUMANITÁRIA DOS BOMBEIROS VOLUNTÁRIOS DE ORTIGOSA E O SNBP - SINDICATO NACIONAL DOS BOMBEIROS PROFISSIONAIS;Acordo de empresa;Nacional;2011;2011;1;1;1.486.0
6348;ACORDO DE EMPRESA ENTRE O CENTRO DE FORMAÇÃO PROFISSIONAL DA INDÚSTRIA DO CALÇADO - CFPIC E O SINDICATO DOS TRABALHADORES EM FUNÇÕES PÚBLICAS E SOCIAIS DO CENTRO -STFPSC E OUTROS.;Acordo de empresa;Nacional;2011;2012;6;4;1.313.1 1.313.2 1.324.2 2.25.1
6349;CONTRATO COLECTIVO ENTRE A APHORT - ASSOCIAÇÃO PORTUGUESA DE  HOTELARIA, RESTAURAÇÃO E TURISMO E A FETESE - FEDERAÇÃO DOS SINDICATOS DA INDÚSTRIA E SERVIÇOS  - REVISÃO GLOBAL;Contrato coletivo de trabalho;Nacional;2011;2011;2;2;2.26.3 5.578.1
6350;ACORDO DE EMPRESA ENTRE A EUROSCUT - SOCIEDADE CONCESSIONÁRIA DA SCUT DO ALGARVE, SA E O SETACCOP - SINDICATO DA CONSTRUÇÃO, OBRAS PÚBLICAS E SERVIÇOS AFINS.;Acordo de empresa;Nacional;2011;2016;6;2;1.286.2 1.286.3
6351;CONTRATO COLECTIVO ENTRE A AHRESP - ASSOCIAÇÃO DA HOTELARIA, RESTAURAÇÃO E SIMILARES DE PORTUGAL E A FETESE - FEDERAÇÃO DOS SINDICATOS DA INDÚSTRIA E SERVIÇOS;Contrato coletivo de trabalho;Nacional;2011;2011;2;2;2.26.3 5.508.1
6352;ACORDO COLECTIVO ENTRE A PT COMUNICAÇÕES, SA E OUTRAS E O SINDETELCO - SINDICATO DEMOCRÁTICO DOS TRABALHADORES DAS COMUNICAÇÕES E DOS MÉDIA E OUTROS - REVISÃO GLOBAL;Acordo coletivo de trabalho;Nacional;2011;2011;9;9;1.119.1 1.218.5 1.236.1 1.248.4 1.296.3 1.385.2 1.433.1 1.451.0 1.504.0
6353;CONTRATO COLETIVO ENTRE A APS - ASSOCIAÇÃO PORTUGUESA DE SEGURADORES E O STAS - SINDICATO DOS TRABALHADORES DA ATIVIDADE SEGURADORA E OUTRO - REVISÃO GLOBAL;Contrato coletivo de trabalho;Nacional;2012;2014;6;3;1.454.0 1.85.3 5.448.0
6354;CONTRATO COLECTIVO ENTRE A AHRESP - ASSOCIAÇÃO DA HOTELARIA, RESTAURAÇÃO E SIMILARES DE PORTUGAL E A FESAHT - FEDERAÇÃO DOS SINDICATOS DA ALIMENTAÇÃO, BEBIDAS, HOTELARIA E TURISMO DE PORTUGAL - REVISÃO GLOBAL;Contrato coletivo de trabalho;Nacional;2012;2023;14;3;2.40.1 2.58.0 5.508.1
6355;ACORDO DE EMPRESA ENTRE  A ASSOCIAÇÃO HUMANITÁRIA DE BOMBEIROS VOLUNTÁRIOS DA AMADORA E O SNBP - SINDICATO NACIONAL DOS BOMBEIROS PROFISSIONAIS;Acordo de empresa;Nacional;2012;2015;3;1;1.486.0
6356;CONTRATO COLETIVO ENTRE A CNIS - CONFEDERAÇÃO NACIONAL DAS INSTITUIÇÕES DE SOLIDARIEDADE E A FNE - FEDERAÇÃO NACIONAL DA EDUCAÇÃO E OUTROS - REVISÃO GLOBAL;Contrato coletivo de trabalho;Nacional;2012;2012;10;10;1.103.2 1.104.3 1.133.4 1.225.2 1.363.1 1.368.2 1.377.2 1.393.1 2.26.3 2.31.1
6357;ACORDO DE EMPRESA ENTRE O SPDH - SERVIÇOS PORTUGUESES DE HANDLING, SA E O SIMA - SINDICATO DAS INDÚSTRIAS METALÚRGICAS E AFINS E OUTROS - PROTOCOLO DE ENTENDIMENTO;Acordo de empresa;Nacional;2012;2020;12;7;1.298.1 1.341.1 1.346.0 1.372.0 1.470.0 1.517.0 1.639.1
6358;ACORDO DE EMPRESA ENTRE A SPDH - SERVIÇOS PORTUGUESES DE HANDLIG, SA E O STTAMP - SINDICATO DOS TRABALHADORES DOS TRANSPORTES DA AREA METROPOLITANA DO PORTO - ALTERAÇAO SALARIAL E OUTRAS;Acordo de empresa;Nacional;2012;2020;9;7;1.298.1 1.341.1 1.346.0 1.372.0 1.470.0 1.517.0 1.639.1
6359;ACORDO DE EMPRESA ENTRE A UNITED EUROPEAN CAR CARRIERS UNIPESSOAL, LDA E A FESMAR - FEDERAÇÃO DE SINDICATOS DOS TRABALHADORES DO MAR - REVISÃO GLOBAL;Acordo de empresa;Nacional;2012;2026;14;1;2.36.0
6360;ACORDO DE EMPRESA ENTRE A CTE - CENTRAL TERMOELÉTRICA DO ESTUÁRIO, LDA E O SITEMAQ - SINDICATO DA MESTRANÇA E MARINHAGEM DA MARINHA MERCANTE, ENERGIA E FOGUEIROS DE TERRA - ALTERAÇÃO SALARIAL E OUTRAS.;Acordo de empresa;Nacional;2012;2015;4;4;1.5.5 2.26.3 2.47.0 4.9.2
6361;ACORDO DE EMPRESA ENTRE O BPN - BANCO PORTUGUÊS DE NEGÓCIOS, SA E A FEBASE - FEDERAÇÃO DO SETOR FINANCEIRO;Acordo de empresa;Nacional;2012;2012;1;1;2.51.0
6362;ACORDO DE EMPRESA ENTRE O BPN - BANCO PORTUGUÊS DE NEGÓCIOS, SA E A FSIB - FEDERAÇÃO DOS SINDICATOS INDEPENDENTES DA BANCA;Acordo de empresa;Nacional;2012;2012;1;1;2.43.0
6363;ACORDO DE EMPRESA ENTRE A ADP - FERTILIZANTES, SA E A FETESE - FEDERAÇÃO DOS SINDICATOS DA INDÚSTRIA E SERVIÇOS E OUTROS - REVISÃO GLOBAL.;Acordo de empresa;Nacional;2012;2026;52;12;1.15.4 1.218.5 1.218.6 1.221.1 1.360.2 1.404.1 1.5.5 2.26.3 2.26.4 2.47.0 4.9.1 4.9.2
6364;ACORDO DE EMPRESA ENTRE A ADP FERTILIZANTES, SA E A FIEQUIMETAL - FEDERAÇÃO INTERSINDICAL DAS INDÚSTRIAS METALÚRGICAS, QUÍMICAS, ELÉCTRICAS, FARMACÊUTICA, CELULOSE, PAPEL, GRÁFICA, IMPRENSA, ENERGIA E MINAS E OUTROS - REVISÃO GLOBAL;Acordo de empresa;Nacional;2012;2026;49;7;1.143.1 1.143.2 2.46.0 2.48.0 2.48.1 2.50.0 2.6.4
6365;CONTRATO COLETIVO ENTRE A ASSOCIAÇÃO DOS OPERADORES PORTUÁRIOS DOS PORTOS DO DOURO E LEIXÕES E OUTRA E O SINDICATO DOS ESTIVADORES, CONFERENTES E TRÁFEGO DOS PORTOS DO DOURO E LEIXÕES - REVISÃO GLOBAL.;Contrato coletivo de trabalho;Distrital;2012;2024;14;3;1.490.0 1.498.1 5.459.0
6366;CONTRATO COLETIVO ENTRE A LIGA PORTUGUESA DE FUTEBOL PROFISSIONAL E A ASSOCIAÇÃO NACIONAL DE TREINADORES DE FUTEBOL - REVISÃO GLOBAL;Contrato coletivo de trabalho;Nacional;2012;2012;2;2;1.429.0 5.319.1
6367;CONTRATO COLETIVO ENTRE A ANF - ASSOCIAÇÃO NACIONAL DE FARMÁCIAS E O SNF - SINDICATO NACIONAL DOS FARMACÊUTICOS - REVISÃO GLOBAL;Contrato coletivo de trabalho;Nacional;2012;2014;6;2;1.216.1 5.100.1
6368;ACORDO COLETIVO ENTRE A MEAGRI - COOPERATIVA AGRÍCOLA DO CONCELHO DA MEALHADA, CRL E OUTRAS E O SETAA - SINDICATO DA AGRICULTURA, ALIMENTAÇÃO E FLORESTAS - RVISÃO GLOBAL.;Acordo coletivo de trabalho;Nacional;2012;2014;2;1;1.103.2
6369;ACORDO DE EMPRESA ENTRE A OGMA - INDÚSTRIA AERONAÚTICA DE PORTUGAL, SA E O SITAVA - SINDICATO DOS TRABALHADORES DA AVIAÇÃO E AEROPORTOS - REVISÃO GLOBAL;Acordo de empresa;Nacional;2012;2012;1;1;1.372.0
6370;CONTRATO COLETIVO ENTRE A ANCAVE - ASSOCIAÇÃO NACIONAL DOS CENTROS DE ABATE E INDÚSTRIAS TRANSFORMADORAS DE CARNE DE AVES E O SETAA - SINDICATO DA AGRICULTURA, ALIMENTAÇÃO E FLORESTAS - REVISÃO GLOBAL;Contrato coletivo de trabalho;Nacional;2012;2012;2;2;1.103.2 5.278.1
6371;AE ENTRE A HPEM - HIGIENE PÚBLICA, EEM E O STAL - SINDICATO NACIONAL DOS TRABALHADORES DA ADMINISTRAÇÃO LOCAL E REGIONAL - REVISÃO GLOBAL;Acordo de empresa;Concelhia;2012;2013;2;1;1.306.0
6372;CONTRATO COLETIVO ENTRE A ALIF - ASSOCIAÇÃO DA INDÚSTRIA ALIMENTAR PELO FRIO E O SETAA - SINDICATO DA AGRICULTURA, ALIMENTAÇÃO E FLORESTAS - REVISÃO GLOBAL;Contrato coletivo de trabalho;Nacional;2012;2015;4;2;1.103.2 5.241.1
6373;ACORDO DE EMPRESA ENTRE A LUSOPONTE - CONCESSIONÁRIA PARA A TRAVESSIA DO TEJO, SA E O SINDICATO DA CONSTRUÇÃO, OBRAS PÚBLICAS E SERVIÇOS - SETACCOP;Acordo de empresa;Nacional;2012;2013;2;1;1.286.3
6374;CONTRATO COLETIVO ENTRE A ADCP - ASSOCIAÇÃO DAS ADEGAS COOPERATIVAS DE PORTUGAL E O SETAA - SINDICATO DA AGRICULTURA, ALIMENTAÇÃO E FLORESTAS;Contrato coletivo de trabalho;Nacional;2012;2015;6;2;1.103.2 5.601.0
6375;ACORDO DE EMPRESA ENTRE A DHL AVIATION NV - SA (SUCURSAL) E O SITAVA - SINDICATO DOS TRABALHADORES DA AVIAÇÃO E AEROPORTOS E OUTRO;Acordo de empresa;Nacional;2012;2020;6;2;1.372.0 1.47.0
6376;CONTRATO COLETIVO ENTRE A ANCAVE - ASSOCIAÇÃO NACIONAL DOS CENTROS DE ABATE E INDÚSTRIAS TRANSFORMADORAS DE CARNES DE AVES E O SETAA - SINDICATO DA AGRICULTURA, ALIMENTAÇÃO E FLORESTAS - REVISÃO GLOBAL;Contrato coletivo de trabalho;Nacional;2012;2015;6;2;1.103.2 5.278.1
6377;ACORDO DE EMPRESA ENTRE O FUTEBOL CLUBE DO PORTO E O CESP - SINDICATO DOS TRABALHADORES DO COMERCIO, ESCRITORIOS E SERVIÇOS DE PORTUGAL E OUTROS - ALTERAÇAO SALARIAL E OUTRAS;Acordo de empresa;Distrital;2013;2015;10;4;1.31.1 1.342.3 1.392.1 1.518.0
6378;ACORDO DE EMPRESA ENTRE A SANTA CASA DA MISERICÓRDIA DE LISBOA E O STFPSRA - SINDICATO DOS TRABALHADORES EM FUNÇÕES PÚBLICAS E SOCIAIS DO SUL E REGIÕES AUTÓNOMAS E OUTRO;Acordo de empresa;Nacional;2013;2014;3;3;1.310.3 1.310.4 1.313.2
6379;ACORDO DE EMPRESA ENTRE A ASSOCIAÇÃO HUMANITÁRIA DOS BOMBEIROS DE REGUENGOS DE MONSARAZ E O SNBP - SINDICATO NACIONAL DOS BOMBEIROS PROFISSIONAIS;Acordo de empresa;Nacional;2013;2017;2;1;1.486.0
6380;ACORDO DE EMPRESA ENTRE A SVITZER LISBOA - REBOQUES MARÍTIMOS, SA E O SITEMAQ - SINDICATO DA MESTRANÇA E MARINHAGEM DA MARINHA MERCANTE, ENERGIA E FOGUEIROS DE TERRA - REVISÃO GLOBAL;Acordo de empresa;Nacional;2013;2013;1;1;1.5.5
6381;ACORDO DE EMPRESA ENTRE OS CTT - CORREIOS DE PORTUGAL, SA E O SINDETELCO - SINDICATO DEMOCRÁTICO DOS TRABALHADORES DAS COMUNICAÇÕES E DOS MÉDIA E OUTROS - REVISÃO GLOBAL;Acordo de empresa;Nacional;2013;2013;11;11;1.15.4 1.221.1 1.236.1 1.385.2 1.451.0 1.47.0 1.504.0 1.516.2 1.533.0 1.536.0 4.6.0
6382;ACORDO DE EMPRESA ENTRE A CAIMA - INDÚSTRIA DE CELULOSE, SA E A FIEQUIMETAL - FEDERAÇÃO INTERSINDICAL DAS INDÚSTRIAS METALÚRGICAS, QUÍMICAS, ELÉCTRICAS, FARMACÊUTICA, CELULOSE, PAPEL, GRÁFICA, IMPRENSA, ENERGIA E MINAS E OUTROS - REVISÃO GLOBAL.;Acordo de empresa;Nacional;2013;2013;6;6;1.143.1 1.518.0 2.40.1 2.46.0 2.48.1 2.50.0
6383;ACORDO COLETIVO ENTRE A PT COMUNICAÇÕES, SA E OUTRAS E O SINDETELCO - SINDICATO DEMOCRÁTICO DAS COMUNICAÇÕES E DOS MÉDIA E OUTROS - REVISÃO GLOBAL;Acordo coletivo de trabalho;Nacional;2013;2013;21;11;1.119.1 1.218.5 1.236.1 1.248.4 1.296.3 1.385.2 1.433.1 1.451.0 1.504.0 2.47.0 4.7.0
6384;ACORDO DE EMPRESA ENTRE A CAIMA - INDÚSTRIA DE CELULOSE, SA E A FETESE - FEDERAÇÃO DOS SINDICATOS DA INDÚSTRIA E SERVIÇOS - REVISÃO GLOBAL.;Acordo de empresa;Nacional;2013;2013;1;1;2.26.3
6385;ACORDO COLETIVO ENTRE A BRISA - AUTO-ESTRADAS DE PORTUGAL, SA E OUTRAS E O SETACCOP - SINDICATO DA CONSTRUÇÃO, OBRAS PÚBLICAS E SERVIÇOS E OUTROS - REVISÃO GLOBAL;Acordo coletivo de trabalho;Continente;2013;2015;16;8;1.143.1 1.143.2 1.286.3 2.26.3 2.46.0 2.48.1 2.50.0 2.6.4
6386;ACORDO DE EMPRESA ENTRE A PORTUCEL, SA E O SINDETELCO - SINDICATO DEMOCRÁTICO DOS TRABALHADORES DAS COMUNICAÇÕES E DOS MÉDIA E OUTRA - REVISÃO GLOBAL;Acordo de empresa;Nacional;2013;2015;4;2;1.385.2 2.26.3
6387;ACORDO DE EMPRESA ENTRE A PROMARINHA - GABINETE DE ESTUDOS E PROJETOS , SA E A FESMAR - FEDERAÇÃO DE SINDICATOS DOS TRABALHADORES DO MAR - 1ª. CONVENÇÃO.;Acordo de empresa;Nacional;2013;2024;9;1;2.36.0
6388;ACORDO COLETIVO ENTRE A AVEIPORT - SOCIEDADE OPERADORA PORTUÁRIA DE AVEIRO, LDA E OUTRAS E O SINDICATO 2013 DOS TRABALHADORES DOS TERMINAIS PORTUÁRIOS DE AVEIRO;Acordo coletivo de trabalho;Distrital;2013;2026;7;1;1.602.0
6389;ACORDO COLETIVO ENTRE A LACTICOOP - UNIÃO DAS COOPERATIVAS DE PRODUTORES DE LEITE ENTRE DOURO E MONDEGO, UCLR. E OUTRAS E O SETAA - SINDICATO DA AGRICULTURA, ALIMENTAÇÃO E FLORESTAS - REVISÃO GLOBAL;Acordo coletivo de trabalho;Nacional;2013;2015;3;1;1.103.2
6390;ACORDO DE EMPRESA ENTRE A RODOVIÁRIA DA BEIRA INTERIOR, SA E O SINDICATO NACIONAL DOS MOTORISTAS;Acordo de empresa;Nacional;2013;2013;1;1;1.427.0
6391;ACORDO DE EMPRESA ENTRE A PORTUCEL, SA E O SINDEQ - SINDICATO DEMOCRÁTICO DA ENERGIA, QUÍMICA, TÊXTIL E INDÚSTRIAS DIVERSAS E OUTROS - REVISÃO GLOBAL.;Acordo de empresa;Nacional;2013;2015;6;4;1.360.2 1.5.5 2.47.0 4.9.1
6392;ACORDO DE EMPRESA ENTRE A AUTO-ESTRADAS NORTE LITORAL - SOCIEDADE CONCESSIONARIA - AENI, SA E O CESP - SINDICATO DOS TRABALHADORES DO COMÉRCIO, ESCRITÓRIOS E SERVIÇOS DE PORTUGAL;Acordo de empresa;Nacional;2013;2014;2;1;1.518.0
6393;ACORDO COLETIVO ENTRE A LACTICOOP ¿ UNIÃO DAS COOPERATIVAS DE PRODUTORES DE LEITE DE ENTRE DOURO E MONDEGO, URCL E OUTRA E O SINDICATO DO COMÉRCIO, ESCRITÓRIOS E SERVIÇOS (SINDCES/UGT) ¿ ALTERAÇÃO SALARIAL E OUTRAS.;Acordo coletivo de trabalho;Nacional;2013;2015;3;2;1.103.2 1.222.3
6394;ACORDO DE EMPRESA ENTRE A SAINT GOBAIN SEKURIT PORTUGAL - VIDRO AUTOMÓVEL, SA (SGPS) E A FEVICCOM - FEDERAÇÃO PORTUGUESA DOS SINDICATOS DA CONSTRUÇÃO, CERÂMICA E VIDRO - REVISÃO GLOBAL;Acordo de empresa;Distrital;2013;2019;9;1;2.46.0
6395;ACORDO COLETIVO ENTRE A LACTICOOP - UNIÃO DAS COOPERATIVAS DE PRODUTORES DE LEITE DE ENTRE DOURO E MONDEGO, URCL E OUTRAS E O SIND. DOS PROF. DE LACTICINIOS, ALIMENTAÇÃO, AGRIC., ESCR, COMÉRCIO, SERVIÇOS, TRANS. RODO, METALO, METALURGIA, CONS. CIVIL E MADEIRAS E OUTRO - REVISÃO GLOBAL;Acordo coletivo de trabalho;Nacional;2013;2015;5;2;1.138.1 1.565.0
6396;ACORDO DE EMPRESA ENTRE A PORTUCEL, SA E A FIEQUIMETAL - FEDERAÇAO INTERSINDICAL DAS IDUSTRIAS METALURGICAS, QUIMICAS, ELETRICAS, FARMACEUTICA, CELULOSE, PAPEL, GRAFICA, IMPRENSA, ENERGIA E MINAS E OUTROS - ALTERAÇAO SALARIAL E OUTRAS;Acordo de empresa;Nacional;2013;2015;24;12;1.143.1 1.143.2 1.157.2 1.213.1 1.31.2 2.40.1 2.46.0 2.48.0 2.48.1 2.50.0 2.58.0 2.6.4
6397;ACORDO DE EMPRESA ENTRE A LAUAK - INDÚSTRIA AERONAUTICA, LDA E O SINTAC - SINDICATO NACIONAL DOS TRABALHADORES DA AVIAÇÃO CIVIL;Acordo de empresa;Nacional;2013;2018;2;1;1.470.0
6398;ACORDO DE EMPRESA ENTRE A ASSOCIAÇÃO HUMANITÁRIA DE BOMBEIROS DE ALJUSTREL E O SNBP - SINDICATO NACIONAL DOS BOMBEIROS PROFISSIONAIS;Acordo de empresa;Nacional;2013;2013;1;1;1.486.0
6399;CONTRATO COLETIVO ENTRE A ITA - ASSOCIAÇÃO PORTUGUESA DOS INDUSTRIAIS DE TRIPAS E AFINS E O SINDICATO DOS TRABALHADORES DO COMÉRCIO, ESCRITÓRIOS, SERVIÇOS, ALIMENTAÇÃO, HOTELARIA E TURISMO (CESAHT) - REVISÃO GLOBAL;Contrato coletivo de trabalho;Nacional;2013;2014;4;2;1.282.2 5.312.0
6400;ACORDO DE EMPESA ENTRE A FERMENTOPÃO - PÃO ALENTEJANO, SA E A FESAHT - FEDERAÇÃO DOS SINDICATOS DE AGRICULTURA, ALIMENTAÇÃO, BEBIDAS, HOTELARIA E TURISMO DE PORTUGAL - ALTERAÇÃO SALARIAL E OUTRAS;Acordo de empresa;Nacional;2013;2016;2;2;2.40.1 2.58.0
6401;ACORDO DE EMPRESA ENTRE A EMARP - EMPRESA MUNICIPAL DE ÁGUAS E RESÍDUOS DE PORTIMÃO, E.M., SA E O STAL - SINDICATO NACIONAL DOS TRABALHADORES DA ADMINISTRAÇÃO LOCAL E REGIONAL - REVISÃO GLOBAL;Acordo de empresa;Concelhia;2014;2021;3;1;1.306.1
6402;ACORDO DE EMPRESA ENTRE A SOCIEDADE PAUTA DE FLORES, LDA E O SITESE - SINDICATOS DOS TRABALHADORES E TÉCNICOS DE SERVIÇOS.;Acordo de empresa;Nacional;2014;2014;2;1;1.218.5
6403;CONTRATO COLETIVO ENTRE ACA - ASSOCIAÇÃO COMERCIAL DO DISTRITO DE AVEIRO E O CESP - SINDICATO DOS TRABALHADORES DO COMÉRCIO, ESCRITÓRIOS E SERVIÇOS DE PORTUGAL E OUTRO - REVISÃO GLOBAL;Contrato coletivo de trabalho;Distrital;2014;2014;3;3;1.222.3 1.518.0 5.165.3
6404;CONTRATO COLETIVO ENTRE A APEC - ASSOCIAÇAO PORTUGUESA DE ESCOLAS DE CONDUÇAO E O SITESE - SINDICATO DOS TRABALHADORES E TECNICOS DE SERVIÇOS - ALTERAÇAO SALARIAL E OUTRAS;Contrato coletivo de trabalho;Nacional;2014;2019;12;3;1.218.5 2.26.3 5.463.0
6405;ACORDO COLETIVO ENTRE A TOMAZ DO DOURO - EMPREENDIMENTOS TURÍSTICOS, LDA E OUTRA E A FESMAR - FEDERAÇÃO DOS SINDICATOS DOS TRABALHADORES DO MAR - REVISÃO GLOBAL;Acordo coletivo de trabalho;Nacional;2014;2026;14;1;2.36.0
6406;ACORDO DE EMPRESA ENTRE A TABAQUEIRA - EMPRESA INDUSTRIAL DE TABACOS, SA E O SINTAB - SINDICATO DOS TRABALHADORES DA AGRICULTURA E DAS INDUSTRIAS DE ALIMENTAÇAO, BEBIDAS E TABACOS DE PORTUGAL E OUTROS - ALTERAÇAO;Acordo de empresa;Nacional;2014;2014;10;8;1.143.2 1.144.1 1.361.2 1.567.0 2.26.2 2.26.3 2.40.1 4.9.1
6407;ACORDO DE EMPRESA ENTRE A TABAQUEIRA II, SA E A FESAHT - FEDERAÇÃO DOS SINDICATOS DA AGRICULTURA, ALIMENTAÇÃO, BEBIDAS, HOTELARIA E TURISMO DE PORTUGAL E OUTROS - REVISÃO GLOBAL;Acordo de empresa;Nacional;2014;2014;4;4;1.361.2 2.26.3 2.40.1 4.9.1
6408;CONTRATO COLETIVO ENTRE A ANIPC - ASSOCIAÇÃO NACIONAL DOS INDUSTRIAIS DE PAPEL E CARTÃO E A FETESE - FEDERAÇÃO DOS SINDICATOS DA INDUSTRIA E SERVIÇOS - REVISÃO GLOBAL;Contrato coletivo de trabalho;Nacional;2014;2014;2;2;2.26.3 5.277.1
6409;ACORDO DE EMPRESA ENTRE A GOODREST - SERVIÇOS DE RESTAURAÇÃO E CATERING, LDA E A FESAHT - FEDERAÇÃO DOS SINDICATOS DE AGRICULTURA, ALIMENTAÇÃO, BEBIDAS, HOTELARIA E TURISMO DE PORTUGAL;Acordo de empresa;Nacional;2014;2014;1;1;2.40.1
6410;CONTRATO COLETIVO ENTRE A FAPEL - ASSOCIAÇÃO PORTUGUESA DE FABRICANTES DE PAPEL E CARTÃO E A FETESE - FEDERAÇÃO DOS SINDICATOS DA INDÚSTRIA E SERVIÇOS - REVISÃO GLOBAL;Contrato coletivo de trabalho;Nacional;2014;2017;8;3;2.26.3 2.26.4 5.282.1
6411;CONTRATO COLETIVO ENTRE A FENAME - FEDERAÇÃO NACIONAL DO METAL E A FETESE - FEDERAÇÃO DOS SINDICATOS DA INDÚSTRIA E SERVIÇOS E OUTRO - REVISÃO GLOBAL;Contrato coletivo de trabalho;Nacional;2014;2015;5;4;1.361.2 2.26.3 2.26.4 6.8.0
6412;ACORDO DE EMPRESA ENTRE A SANTOS BAROSA - VIDROS, SA E A FEVICCOM - FEDERAÇÃO PORTUGUESA DE SINDICATOS DA CONSTRUÇÃO, CERÂMICA E VIDRO E OUTRAS - REVISÃO GLOBAL;Acordo de empresa;Pluridistrital;2014;2023;24;3;2.46.0 2.50.0 2.58.0
6413;ACORDO DE EMPRESA ENTRE A CAIMA - INDUSTRIA DE CELULOSE, SA E A FIEQUIMETAL - FEDERAÇAO INTERSINDICAL DAS INDUSTRIAS METALURGICAS, QUIMICAS, ELECTRICAS, FARMACEUTICA, CELULOSE, PAPEL, GRAFICA, IMPRENSA, ENERGIA E MINAS E OUTROS - REVISAO GLOBAL;Acordo de empresa;Nacional;2014;2014;6;6;1.143.2 1.518.0 2.46.0 2.48.1 2.50.0 2.58.0
6414;CONTRATO COLETIVO ENTRE A ASSOCIAÇAO INDUSTRIAL DO MINHO E O SINDICATO INDEPENDENTE DOS TRABALHADORES DO SETOR EMPRESARIAL DA CERAMICA, DOS CIMENTOS, DO VIDRO E ATIVIDADES CONEXAS DOS DISTRITOS DE BRAGA, PORTO E VIANA DO CASTELO - REVISAO GLOBAL;Contrato coletivo de trabalho;Pluridistrital;2014;2018;8;3;1.519.0 5.78.0 5.78.2
6415;ACORDO DE EMPRESA ENTRE A SANTOS BAROSA - VIDROS SA E O SINDICATO DAS INDUSTRIAS E AFINS - SINDEQ - ALTERAÇAO SALARIAL E OUTRAS/TEXTO CONSOLIDADO;Acordo de empresa;Pluridistrital;2014;2022;10;4;1.360.3 2.47.0 4.9.1 4.9.2
6416;ACORDO DE EMPRESA ENTRE A PETROLEOS DE PORTUGAL - PETROGAL, SA E A COFESINT - FEDERAÇAO DE SINDICATOS DA INDUSTRIA, ENERGIA E TRANSPORTES E OUTROS - ALTERAÇAO SALARIAL E OUTRAS;Acordo de empresa;Nacional;2014;2018;18;6;1.296.3 1.296.4 1.458.0 2.47.0 4.9.1 4.9.2
6417;ACORDO DE EMPRESA ENTRE A PETROLEOS DE PORTUGAL - PETROGAL, SA E A FETESE - FEDERAÇAO DOS SINDICATOS DA INDUSTRIA E SERVIÇOS E OUTROS - REVISAO GLOBAL;Acordo de empresa;Nacional;2014;2018;19;5;1.180.1 1.218.5 1.361.2 1.404.1 2.26.3
6418;CONTRATO COLETIVO ENTRE A ANCIA - ASSOCIAÇAO NACIONAL DE CENTROS DE INSPEÇAO AUTOMOVEL E A FETESE - FEDERAÇAO DOS SINDICATOS DA INDUSTRIA E SERVIÇOS - REVISAO GLOBAL;Contrato coletivo de trabalho;Continente;2014;2016;4;3;2.26.3 2.26.4 5.558.0
6419;ACORDO DE EMPRESA ENTRE A CEFOSAP - CENTRO DE FORMAÇAO SINDICAL E APERFEIÇOAMENTO PROFISSIONAL E O SITESE - SINDICATO DOS TRABALHADORES E TECNICOS DE SERVIÇOS;Acordo de empresa;Nacional;2014;2014;1;1;1.218.5
6420;ACORDO COLETIVO ENTRE A ASSOCIAÇAO DE REGANTES E BENEFICIARIOS DO VALE DO SORRAIA E OUTRAS E O SETAA - SINDICATO DA AGRICULTURA, ALIMENTAÇAO E FLORESTAS - REVISAO GLOBAL;Acordo coletivo de trabalho;Nacional;2014;2017;3;1;1.103.2
6421;CONTRATO COLETIVO ENTRE A ASSOCIAÇÃO DAS ADEGAS COOPERATIVAS DE PORTUGAL E O SINDICATO DOS TRABALHADORES E TÉCNICOS DE SERVIÇOS, COMÉRCIO, RESTAURAÇÃO E TURISMO ¿ SITESE ¿ ALTERAÇÃO SALARIAL E OUTRAS.;Contrato coletivo de trabalho;Nacional;2014;2018;8;3;1.218.5 2.26.3 5.601.0
6422;CONTRATO COLETIVO ENTRE A FAPEL ¿ ASSOCIAÇÃO PORTUGUESA DE FABRICANTES DE PAPEL E CARTÃO E A FEDERAÇÃO DE SINDICATOS DA INDÚSTRIA, ENERGIA E TRANSPORTES ¿ COFESINT E OUTRA ¿ ALTERAÇÃO SALARIAL.;Contrato coletivo de trabalho;Nacional;2014;2017;11;4;2.47.0 4.9.1 4.9.2 5.282.1
6423;ACORDO DE EMPRESA ENTRE A PARMALAT PORTUGAL - PRODUTOS ALIMENTARES, LDA E O SETAA - SINDICATO DA AGRICULTURA, ALIMENTAÇAO E FLORESTAS - REVISAO GLOBAL;Acordo de empresa;Concelhia;2014;2014;1;1;1.103.2
6424;CONTRATO COLETIVO ENTRE A APIFARMA - ASSOCIAÇAO PORTUGUESA DA INDUSTRIA FARMACEUTICA E A FIEQUIMETAL - FEDERAÇAO INTERSINDICAL DAS INDUSTRIAS METALURGICAS, QUIMICAS, ELETRICAS, FARMACEUTICA, CELULOSE, PAPEL, GRAFICA, IMPRENSA, ENERGIA E MINAS E OUTRO - REVISAO GLOBAL;Contrato coletivo de trabalho;Nacional;2014;2016;9;3;1.31.2 2.48.1 5.76.1
6425;CONTRATO COLETIVO ENTRE A GROQUIFAR - ASSOCIAÇAO DE GROSSISTAS DE PRODUTOS QUIMICOS E FARMACEUTICOS E A COFESINT - FEDERAÇAO DE SINDICATOS DA INDUSTRIA, ENERGIA E TRANSPORTES - ALTERAÇAO SALARIAL E OUTRAS (FARMACEUTICOS);Contrato coletivo de trabalho;Nacional;2014;2016;8;4;2.47.0 4.9.1 4.9.2 5.136.0
6426;CONTRATO COLETIVO ENTRE A GROQUIFAR - ASSOCIAÇAO DE GROSSISTAS DE PRODUTOS QUIMICOS E FARMACEUTICOS E O SINDICATO DOS TRABALHADORES E TECNICOS DE SERVIÇOS - SITESE  (FARMACEUTICOS) - ALTERAÇAO SALARIAL E OUTRAS.;Contrato coletivo de trabalho;Nacional;2014;2016;6;3;1.218.5 2.26.3 5.136.0
6427;ACORDO DE EMPRESA ENTRE O CICCOPN - CENTRO DE FORMAÇAO PROFISSIONAL DA INDUSTRIA DA CONSTRUÇAO CIVIL E OBRAS PUBLICAS DO NORTE E O STFPSN - SINDICATO DOS TRABALHADORES EM FUNÇOES PUBLICAS E SOCIAIS DO NORTE - 1ª. CONVENÇAO;Acordo de empresa;Nacional;2014;2014;1;1;1.313.2
6428;CONTRATO COLETIVO ENTRE A ASSOCIAÇAO DOS COMERCIANTES DO PORTO E OUTRAS E O CESP-SINDICATO DOS TRABALHADORES DO COMERCIO, ESCRITORIOS E SERVIÇOS DE PORTUGAL E OUTRO - ALTERAÇAO SALARIAL E OUTRAS;Contrato coletivo de trabalho;Distrital;2014;2019;45;20;1.218.5 1.282.2 1.282.3 1.518.0 5.180.0 5.182.2 5.185.2 5.186.1 5.187.2 5.193.1 5.194.2 5.197.2 5.209.2 5.212.3 5.250.1 5.357.0 5.357.1 5.598.0 5.73.1 5.98.2
6429;CONTRATO COLETIVO ENTRE A AEEP - ASSOCIAÇAO DOS ESTABELECIMENTOS DE ENSINO PARTICULAR E COOPERATIVO E A FNE - FEDERAÇAO NACIONAL DOS SINDICATOS DA EDUCAÇAO E OUTROS - REVISAO GLOBAL;Contrato coletivo de trabalho;Nacional;2014;2014;10;10;1.103.2 1.104.3 1.225.2 1.368.2 1.377.2 1.393.1 2.26.3 2.54.0 5.193.0 5.223.2
6430;ACORDO DE EMPRESA ENTRE A CAIMA -INDUSTRIA DE CELULOSE, SA E A FETESE - FEDRAÇAO DOS SINDICATOS DA INDUSTRIA E SERVIÇOS - REVISAO GLOBAL;Acordo de empresa;Nacional;2014;2014;1;1;2.26.3
6431;CONTRATO COLETIVO ENTRE A ASSOCIAÇAO DAS EMPRESAS DE SEGURANÇA PRIVADA E OUTRA E A FETESE - FEDERAÇAO DOS SINDICATOS DA INDUSTRIA E SERVIÇOS E OUTRO - REVISAO GLOBAL;Contrato coletivo de trabalho;Nacional;2014;2014;4;4;1.361.2 2.26.3 5.439.1 5.440.0
6432;ACORDO DE EMPRESA ENTRE A GALLOVIDRO, SA E A FEVICCOM - FEDERAÇAO PORTUGUESA DOS SINDICATOS DA CONSTRUÇAO, CERAMICA E VIDRO E OUTRAS - REVISAO GLOBAL;Acordo de empresa;Distrital;2014;2023;15;3;2.46.0 2.50.0 2.58.0
6433;ACORDO DE EMPRESA ENTRE A ESCALA BRAGA - SOCIEDADE GESTORA DO ESTABELECIMENTO, SA E O SINDICATO INDEPENDENTE DOS MEDICOS - SIM E OUTRO.;Acordo de empresa;Concelhia;2014;2017;4;2;1.365.0 1.407.0
6435;ACORDO DE EMPRESA ENTRE A CHARLINE TRANSPORTES - SOCIEDADE UNIPESSOAL, LDA E O SNM - SINDICATO NACIONAL DOS MOTORISTAS.;Acordo de empresa;Nacional;2014;2014;1;1;1.427.0
6436;ACORDO COLETIVO ENTRE A EDP - ENERGIAS DE PORTUGAL, SA E OUTRAS E A ASOSI - ASSOCIAÇAO SINDICAL DOS TRABALHADORES DO SETOR ENERGETICO E TELECOMUNICAÇOES - REVISAO GLOBAL;Acordo coletivo de trabalho;Nacional;2014;2014;1;1;1.496.2
6437;ACORDO COLETIVO ENTRE A EDP - ENERGIAS DE PORTUGAL SA E OUTRAS E A FIEQUIMETAL - FEDERAÇAO INTERSINDICAL DAS INDUSTRIAS METALURGICAS, QUIMICAS, ELETRICAS, FARMACEUTICA, CELULOSE, PAPEL,GRAFICA, IMPRENSA, ENERGIA E MINAS E OUTROS - REVISAO GLOBAL;Acordo coletivo de trabalho;Nacional;2014;2014;8;8;1.119.1 1.143.1 1.233.2 2.46.0 2.48.1 2.50.0 2.58.0 2.6.4
6438;ACORDO COLETIVO ENTRE A EDP - ENERGIAS DE PORTUGAL SA E OUTRAS E O SINDEL - SINDICATO NACIONAL DA INDUSTRIA E ENERGIA E OUTROS - REVISAO GLOBAL;Acordo coletivo de trabalho;Nacional;2014;2014;7;7;1.180.1 1.296.3 1.361.2 1.495.0 1.566.0 2.26.3 2.47.0
6439;ACORDO COLETIVO ENTRE A EDP - ENERGIAS DE PORTUGAL,SA E OUTRAS E O SINERGIA - SINDICATO DA ENERGIA - REVISAO GLOBAL.;Acordo coletivo de trabalho;Nacional;2014;2014;1;1;1.458.0
6440;ACORDO DE EMPRESA ENTRE A GALLOVIDRO, SA E O SINDICATO DAS INDUSTRIAS E AFINS - SINDEQ - ALTERAÇAO SALARIAL E OUTRAS/TEXTO CONSOLIDADO;Acordo de empresa;Distrital;2014;2022;8;4;1.360.3 2.47.0 4.9.1 4.9.2
6441;ACORDO DE EMPRESA ENTRE A SN MAIA - SIDERURGIA NACIONAL, SA E O SINDEL - SINDICATO NACIONAL DA INDUSTRIA E DA ENERGIA E OUTROS - REVISAO GLOBAL;Acordo de empresa;Nacional;2014;2014;3;3;1.15.4 1.361.2 2.26.3
6442;ACORDO DE EMPRESA ENTRE A SN SEIXAL - SIDERURGIA NACIONAL, SA E O SINDEL - SINDICATO NACIONAL DA INDUSTRIA E DA ENERGIA E OUTROS - REVISAO GLOBAL.;Acordo de empresa;Nacional;2014;2014;3;3;1.15.4 1.361.2 2.26.3
6443;CONTRATO COLETIVO ENTRE A ASSOCIAÇAO COMERCIAL, INDUSTRIAL E DE SERVIÇOS DE BRAGANÇA E OUTRAS E A FEPCES - FEDERAÇAO PORTUGUESA DOS SINDICATOS DO COMERCIO, ESCRITORIOS E SERVIÇOS - REVISAO GLOBAL;Contrato coletivo de trabalho;Distrital;2014;2019;19;5;2.6.4 5.249.0 5.427.0 5.427.1 5.75.1
6444;ACORDO DE EMPRESA ENTRE A PROMETRO, SA E A APROFER - ASSOCIAÇAO SINDICAL DOS PROFISSIONAIS DO COMANDO E CONTROLO FERROVIARIO;Acordo de empresa;Distrital;2014;2014;1;1;1.577.0
6445;CONTRATO COLETIVO ENTRE A ACA - ASSOCIAÇAO COMERCIAL DO DISTRITO DE AVEIRO E O CESP - SINDICATO DOS TRABALHADORES DO COMERCIO, ESCRITORIOS E SERVIÇOS DE PORTUGAL E OUTRO - REVISAO GLOBAL;Contrato coletivo de trabalho;Distrital;2015;2017;9;4;1.222.3 1.518.0 5.165.1 5.165.3
6446;ACORDO COLETIVO ENTRE A REN - REDES ENERGETICAS NACIONAIS, SGPS, SA E OUTRAS E O SINDEL - SINDICATO NACIONAL DA INDUSTRIA E DA ENERGIA E OUTROS - REVISAO GLOBAL;Acordo coletivo de trabalho;Nacional;2015;2023;25;9;1.180.1 1.296.3 1.296.4 1.361.2 1.458.0 1.496.2 2.26.3 2.26.4 2.47.0
6447;CONTRATO COLETIVO ENTRE A AEEP - ASSOCIAÇAO DE ESTABELECIMENTOS DE ENSINO PARTICULAR E COOPERATIVO E O SPLIU - SINDICATO NACIONAL DOS PROFESSORES LICENCIADOS PELOS POLITECNICOS E UNIVERSIDADES - REVISAO GLOBAL.;Contrato coletivo de trabalho;Nacional;2015;2015;2;2;1.489.2 5.223.2
6448;ACORDO DE EMPRESA ENTRE A PTM IBERICA, UNIPESSOAL, LDA. E O SINDICATO DOS TRABALHADORES DO PORTO DE AVEIRO;Acordo de empresa;Distrital;2015;2015;1;1;1.170.3
6449;CONTRATO COLETIVO ENTRE A ASSOCIAÇAO NACIONAL DOS OPTICOS E A FETESE - FEDERAÇAO DOS SINDICATOS DA INDUSTRIA E SERVIÇOS - REVISAO GLOBAL;Contrato coletivo de trabalho;Nacional;2015;2015;2;2;2.26.3 5.128.0
6450;ACORDO DE EMPRESA ENTRE OS CTT - CORREIOS DE PORTUGAL, S.A.,SOCIEDADE ABERTA E O SINDETELCO - SINDICATO DEMOCRATICO DOS TRABALHADORES DAS COMUNICAÇOES E DOS MEDIA E OUTROS - REVISAO GLOBAL;Acordo de empresa;Nacional;2015;2026;109;13;1.15.4 1.221.1 1.236.1 1.385.2 1.385.3 1.451.0 1.47.0 1.504.0 1.516.2 1.533.0 1.536.0 1.662.0 4.6.0
6451;CONTRATO COLETIVO ENTRE A ANIPB - ASSOCIAÇAO NACIONAL DOS INDUSTRIAIS DE PREFABRICAÇAO E BETAO E A FETESE - FEDERAÇAO DOS SINDICATOS DA INDUSTRIA E SERVIÇOS E OUTROS - REVISAO GLOBAL;Contrato coletivo de trabalho;Nacional;2015;2015;4;4;1.519.0 1.550.1 2.26.3 5.95.1
6452;ACORDO COLETIVO ENTRE A REN - REDES ENERGETICAS NACIONAIS, SGPS, SA E OUTRAS E A FIEQUIMETAL - FEDERAÇAO INTERSINDICAL DAS INDUSTRIAS METALURGICAS, QUIMICAS, ELETRICAS, FARMACEUTICA, CELULOSE, PAPEL, GRAFICA, IMPRENSA, ENERGIA E MINAS E OUTROS - REVISAO GLOBAL;Acordo coletivo de trabalho;Nacional;2015;2023;31;9;1.119.1 1.143.2 1.233.2 1.233.3 2.46.0 2.48.1 2.50.0 2.58.0 2.6.4
6453;CONTRATO COLETIVO ENTRE A AEEP - ASSOCIAÇAO DOS ESTABELECIMENTOS DE ENSINO PARTICULAR E COOPERATIVO E O SEP - SINDICATO DOS ENFERMEIROS PORTUGUESES E OUTRO - REVISAO GLOBAL;Contrato coletivo de trabalho;Nacional;2015;2015;3;3;1.152.2 1.157.2 5.223.2
6454;CONTRATO COLETIVO ENTRE A ANAREC - ASSOCIAÇAO NACIONAL DE REVENDEDORES DE COMBUSTIVEIS E A FEPCES - FEDERAÇAO PORTUGUESA DOS SINDICATOS DO COMERCIO, ESCRITORIOS E SERVIÇOS E OUTRAS - ALTERAÇAO SALARIAL E OUTRAS;Contrato coletivo de trabalho;Nacional;2015;2019;12;5;1.218.5 2.26.3 2.50.0 2.6.4 5.293.0
6455;CONTRATO COLETIVO ENTRE A ITA - ASSOCIAÇAO PORTUGUESA DOS INDUSTRIAIS DE TRIPAS E AFINS E A FESAHT - FEDERAÇAO DOS SINDICATOS DA AGRICULTURA, ALIMENTAÇAO, BEBIDAS, HOTELARIA E TURISMO DE PORTUGAL - REVISAO GLOBAL;Contrato coletivo de trabalho;Nacional;2015;2017;6;2;2.58.0 5.312.0
6456;ACORDO DE EMPRESA ENTRE A FONT SALEM PORTUGAL, SA E A FESAHT - FEDERAÇAO DOS SINDICATOS DA AGRICULTURA, ALIMENTAÇAO, BEBIDAS, HOTELARIA E TURISMO DE PORTUGAL;Acordo de empresa;Distrital;2015;2015;1;1;2.58.0
6457;ACORDO DE EMPRESA ENTRE A ASSOCIAÇAO HUMANITARIA DE BOMBEIROS VOLUTARIOS DE SALVATERRA DE MAGOS E O SNBP - SINDICATO NACIONAL DOS BOMBEIROS PROFISSIONAIS;Acordo de empresa;Nacional;2015;2015;1;1;1.486.0
6458;ACORDO DE EMPRESA ENTRE A DAI - SOCIEDADE DE DESENVOLVIMENTO AGRO-INDUSTRIAL, SA E A COFESINT - FEDERAÇAO DE SINDICATOS DA INDUSTRIA, ENERGIA E TRANSPORTES E OUTRA - REVISAO GLOBAL;Acordo de empresa;Nacional;2015;2015;2;2;2.47.0 4.9.2
6459;CONTRATO COLETIVO ENTRE A ANIM - ASSOCIAÇAO NACIONAL DOS INDUSTRIAIS DE MOAGEM DE TRIGO, MILHO E CENTEIO E A FESAHT - FEDERAÇAO DOS SINDICATOS DE AGRICULTURA, ALIMENTAÇAO, BEBIDAS, HOTELARIA E TURISMO DE PORTUGAL - REVISAO GLOBAL;Contrato coletivo de trabalho;Continente;2015;2025;17;3;2.58.0 5.106.1 5.106.2
6460;ACORDO DE EMPRESA ENTRE A CAIMA - INDUSTRIA DE CELULOSE, SA E A FETESE - FEDERAÇAO DOS SINDICATOS DA INDUSTRIA E SERVIÇOS - REVISAO GLOBAL;Acordo de empresa;Nacional;2015;2015;1;1;2.26.3
6461;ACORDO DE EMPRESA ENTRE A EMARP - EMPRESA MUNICIPAL DE AGUAS E RESIDUOS DE PORTIMAO. EM, SA E O SINTAP - SINDICATO DOS TRABALHADORES DA ADMINISTRAÇAO PUBLICA E DE ENTIDADES COM FINS PUBLICOS;Acordo de empresa;Concelhia;2015;2019;2;1;1.363.1
6462;ACORDO DE EMPRESA ENTRE A ANA - AEROPORTOS DE PORTUGAL, SA E O SITAVA - SINDICATO DOS TRABALHADORES DA AVIAÇAO E AEROPORTOS E OUTROS - REVISAO GLOBAL;Acordo de empresa;Nacional;2015;2019;8;4;1.341.1 1.372.0 1.462.1 1.470.0
6463;CONTRATO COLETIVO ENTRE A ITA - ASSOCIAÇAO PORTUGUESA DOS INDUSTRIAIS DE TRIPAS E AFINS E O SINDICATO DO COMERCIO, ESCRITORIOS, SERVIÇOS, ALIMENTAÇAO, HOTELARIA E TURISMO (SINCESAHT) - REVISAO GLOBAL;Contrato coletivo de trabalho;Nacional;2015;2017;6;2;1.282.3 5.312.0
6464;ACORDO DE EMPRESA ENTRE A CAIMA - INDUSTRIA DE CELULOSE, SA E A FIEQUIMETAL - FEDERAÇAO INTERSINDICAL DAS INDUSTRIAS METALURGICAS, QUIMICAS, ELETRICAS, FARMACEUTICA, CELULOSE, PAPEL, GRAFICA, IMPRENSA, ENERGIA E MINAS E OUTROS - REVISAO GLOBAL;Acordo de empresa;Nacional;2015;2015;6;6;1.143.2 1.518.0 2.46.0 2.48.1 2.50.0 2.58.0
6465;CONTRATO COLETIVO ENTRE A APIMPRENSA - ASSOCIAÇÃO PORTUGUESA DE IMPRENSA E O SINDICATO DOS TRABALHADORES DO SETOR DE SERVIÇOS - SITESE - ALTERAÇÃO SALARIAL E OUTRA/TEXTO CONSOLIDADO;Contrato coletivo de trabalho;Nacional;2015;2023;12;5;1.218.6 2.26.3 2.26.4 5.139.1 5.139.2
6466;CONTRATO COLETIVO ENTRE A AOP - ASSOCIAÇAO MARITIMA E PORTUARIA E O SINPORSINES - SINDICATO DOS TRABALHADORES PORTUARIOS DE MAR E TERRA DE SINES - REVISAO GLOBAL;Contrato coletivo de trabalho;Concelhia;2015;2021;14;3;1.469.0 5.466.2 5.466.3
6467;CONTRATO COLETIVO ENTRE A AEEP - ASSOCIAÇAO DOS ESTABELECIMENTOS DE ENSINO PARTUCULAR E COOPERATIVO E A FNE - FEDERAÇAO NACIONAL DA EDUCAÇAO E OUTROS;Contrato coletivo de trabalho;Nacional;2015;2015;8;8;1.103.2 1.104.3 1.368.2 1.377.2 1.393.1 2.26.3 2.54.0 5.223.2
6468;ACORDO DE EMPRESA ENTRE O BNP PARIBAS - SUCURSAL EM PORTUGAL E O SINDICATO DOS BANCARIOS DO SUL E ILHAS - SBSI;Acordo de empresa;Pluridistrital;2015;2025;6;3;1.110.0 1.110.1 1.209.1
6469;CONTRATO COLETIVO ENTRE A AECOPS - ASSOCIAÇAO DE EMPRESAS DE CONSTRUÇAO E OBRAS PUBLICAS E SERVIÇOS E OUTRAS E A FE - FEDERAÇAO DOS ENGENHEIROS - REVISAO GLOBAL;Contrato coletivo de trabalho;Continente;2015;2015;3;3;2.47.0 5.176.2 5.251.0
6470;CONTRATO COLETIVO ENTRE A AECOPS - ASSOCIAÇAO DE EMPRESAS DE CONSTRUÇAO E OBRAS PUBLICAS E SERVIÇOS E OUTRAS E A FETESE - FEDERAÇAO DOS SINDICATOS DA INDUSTRIA E SERVIÇOS - REVISAO GLOBAL;Contrato coletivo de trabalho;Continente;2015;2015;4;4;2.26.3 5.129.1 5.176.2 5.251.0
6471;CONTRATO COLETIVO ENTRE A AANP - ASSOCIAÇAO DOS AGENTES DE NAVEGAÇAO DE PORTUGAL E OUTRA E O SIMAMEVIP - SINDICATO DOS TRABALHADORES DA MARINHA MERCANTE, AGENCIAS DE VIAGENS, TRANSITARIOS E PESCA - REVISAO GLOBAL;Contrato coletivo de trabalho;Nacional;2015;2025;11;4;1.173.2 5.328.2 5.554.0 5.554.1
6472;CONTRATO COLETIVO ENTRE A AEEP - ASSOCIAÇAO DOS ESTABELECIMENTOS DE ENSINO PARTICULAR E COOPERATIVO E O SPLIU - SINDICATO NACIONAL DOS PROFESSORES LICENCIADOS PELOS POLITECNICOS E UNIVERSIDADES;Contrato coletivo de trabalho;Nacional;2015;2015;2;2;1.489.2 5.223.2
6473;CONTRATO COLETIVO ENTRE A CNIS - CONFEDERAÇAO NACIONAL DAS INSTITUIÇOES DE SOLIDARIEDADE E A FNSTFPS - FEDERAÇAO NACIONAL DOS SINDICATOS DOS TRABALHADORES EM FUNÇOES PUBLICAS E SOCIAIS - REVISAO GLOBAL;Contrato coletivo de trabalho;Nacional;2015;2018;3;1;2.25.2
6474;ACORDO DE EMPRESA ENTRE A NAVEGAÇAO AEREA DE PORTUGAL - NAV PORTUGAL, E.P.E. E O SINCTA - SINDICATO DOS CONTROLADORES DE TRAFEGO AEREO - REVISAO GLOBAL;Acordo de empresa;Nacional;2015;2023;3;1;1.383.0
6475;ACORDO DE EMPRESA ENTRE A MOVIJOVEM - MOBILIDADE JUVENIL, COOPERATIVA DE INTERESSE PUBLICO DE RESPONSABILIDADE LIMITADA E A FESAHT - FEDERAÇAO DOS SINDICATOS DA AGRICULTURA, ALIMENTAÇAO, BEBIDAS, HOTELARIA E TURISMO DE PORTUGAL;Acordo de empresa;Nacional;2015;2015;1;1;2.58.0
6476;ACORDO DE EMPRESA ENTRE A UNIAO DAS MISERICORDIAS PORTUGUESAS E A FNSTFPS - FEDERAÇAO NACIONAL DOS SINDICATOS DOS TRABALHADORES EM FUNÇOES PUBLICAS E SOCIAIS E OUTROS - REVISAO GLOBAL;Acordo de empresa;Nacional;2015;2024;6;4;1.157.2 1.273.3 2.25.2 2.33.0
6477;CONTRATO COLETIVO ENTRE A APFS - ASSOCIAÇAO PORTUGUESA DE FACILITY SERVICES E A FETESE - FEDERAÇAO DOS SINDICATOS DA INDUSTRIA E SERVIÇOS - REVISAO GLOBAL;Contrato coletivo de trabalho;Nacional;2015;2015;2;2;2.26.4 5.274.1
6478;ACORDO DE EMPRESA ENTRE A TROIAVERDE - EXPLORAÇAO HOTELEIRA E IMOBILIARIA, SA E A FEDERAÇAO DOS SINDICATOS DE AGRICULTURA, ALIMENTAÇAO, BEBIDAS, HOTELARIA E TURISMO DE PORTUGAL - FESAHT - REVISAO GLOBAL;Acordo de empresa;Concelhia;2015;2017;2;1;2.58.0
6479;PROTOCOLO DE ACORDO RELATIVO AO ACORDO DE EMPRESA ENTRE A RADIO E TELEVISAO DE PORTUGAL, SA E A FE - FEDERAÇAO DOS ENGENHEIROS E OUTROS - REVISAO GLOBAL;Acordo de empresa;Nacional;2015;2022;33;18;1.11.0 1.119.1 1.143.2 1.157.2 1.218.6 1.227.0 1.296.3 1.296.4 1.440.1 1.451.0 1.504.0 1.516.2 1.627.0 2.26.4 2.47.0 2.50.0 2.6.4 4.7.0
6480;CONTRATO COLETIVO ENTRE A AHSA - ASSOCIAÇAO DOS HORTICULTORES DO SUDOESTE ALENTEJANO E O SETAA - SINDICATO DA AGRICULTURA, ALIMENTAÇAO E FLORESTAS;Contrato coletivo de trabalho;Concelhia;2015;2015;2;2;1.103.2 5.610.0
6481;ACORDO COLETIVO ENTRE O CENTRO HOSPITALAR DO ALGARVE, EPE E OUTROS E O SINDICATO DOS ENFERMEIROS PORTUGUESES (INSTRUMENTO PARCELAR E TRANSITORIO APLICAVEL AOS TRABALHADORES ENFERMEIROS EM REGIME DE CONTRATO DE TRABALHO.;Acordo coletivo de trabalho;Nacional;2015;2015;1;1;1.157.2
6482;ACORDO COLETIVO ENTRE O CENTRO HOSPITALAR DO ALGARVE, EPE E OUTROS E O SINDICATO INDEPENDENTE DOS PROFISSIONAIS DE ENFERMAGEM E OUTRO ( INSTRUMENTO PARCELAR E TRANSITORIO APLICAVEL AOS TRABALHADORES ENFERMEIROS EM REGIME DE CONTRATO DE TRABALHO);Acordo coletivo de trabalho;Nacional;2015;2015;2;2;1.225.2 1.233.2
6483;CONTRATO COLETIVO ENTRE A ADIPA - ASSOCIAÇAO DOS DISTRIBUIDORES DE PRODUTOS ALIMENTARES E O SITESE - SINDICATO DOS TRABALHADORES E TECNICOS DE SERVIÇOS E OUTROS;Contrato coletivo de trabalho;Nacional;2015;2018;7;3;1.218.5 1.222.3 5.8.0
6484;ACORDO DE EMPRESA ENTRE A EMAS - EMPRESA MUNICIPAL DE AGUA E SANEAMENTO DE BEJA, EM E O STAL - SINDICATO NACIONAL DOS TRABALHADORES DA ADMINISTRAÇAO LOCAL E REGIONAL, EMPRESAS PUBLICA, CONCESSIONARIAS E AFINS - REVISAO GLOBAL;Acordo de empresa;Distrital;2015;2015;1;1;1.306.1
6485;ACORDO DE EMPRESA ENTRE A SAINT-GOBAI MONDEGO,SA E A FEVICCOM - FEDERAÇAO PORTUGUESA DOS SINDICATOS DA COSTRUÇAO, CERAMICA E VIDRO - REVISAO GLOBAL.;Acordo de empresa;Distrital;2015;2025;6;1;2.46.0
6486;ACORDO COLETIVO ENTRE A APA - ADMINISTRAÇAO DO PORTO DE AVEIRO, SA E OUTRAS E O SNTAP - SINDICATO NACIONAL DOS TRABALHADORES DAS ADMINISTRAÇOES PORTUARIAS;Acordo coletivo de trabalho;Continente;2015;2024;5;1;1.325.1
6487;CONTRATO COLETIVO ENTRE A ASSOCIAÇAO NACIONAL DE TRANSPORTADORES RODOVIARIOS DE PESADOS DE PASSAGEIROS - ANTROP E O STRUP - SINDICATO NACIONAL DOS TRABALHADORES DE TRANSPORTES RODOVIARIOS E URBANOS DE PORTUGAL - REVISAO GLOBAL;Contrato coletivo de trabalho;Nacional;2015;2018;4;2;1.565.0 5.203.1
6488;ACORDO DE EMPRESA ENTRE A ASSOCIAÇAO HUMANITARIA DOS BOMBEIROS VOLUNTARIOS DE POMBAL E O SNBP - SINDICATO NACIONAL DOS BOMBEIROS PROFISSIONAIS - REVISAO GLOBAL;Acordo de empresa;Continente;2015;2015;1;1;1.486.0
6489;CONTRATO COLETIVO ENTRE A AOPL - ASSOCIAÇAO DOS OPERADORES DO PORTO DE LISBOA E O STP - SINDICATO DOS TRABALHADORES DOS PORTOS DE LISBOA E SETUBAL (MOVIMENTAÇAO DE CARGAS);Contrato coletivo de trabalho;Concelhia;2016;2016;2;2;1.611.0 5.417.0
6490;CONTRATO COLETIVO ENTRE A ANF - ASSOCIAÇAO NACIONAL DAS FARMACIAS E O SNF - SINDICATO NACIONAL DOS FARMACEUTICOS - REVISAO GLOBAL;Contrato coletivo de trabalho;Nacional;2016;2018;4;2;1.216.1 5.100.1
6491;CONTRATO COLETIVO ENTRE A ANIPC - ASSOCIAÇAO NACIONAL DOS INDUSTRIAIS DE PAPEL E CARTAO E A FIEQUIMETAL -FEDERAÇAO INTERSINDICAL DAS INDUSTRIAS METALURGICAS, QUIMICAS, ELETRICAS, FARMACEUTICA, CELULOSE, PAPEL, GRAFICA, IMPRENSA, ENERGIA E MINAS - REVISAO GLOBAL;Contrato coletivo de trabalho;Nacional;2016;2017;6;3;2.48.1 5.277.0 5.277.1
6492;ACORDO COLETIVO ENTRE A AÇOREANA SEGUROS, SA E OUTRAS E O STAS - SINDICATO DOS TRABALHADORRES DA ATIVIDADE SEGURADORA E OUTRO.;Acordo coletivo de trabalho;Nacional;2016;2019;6;2;1.454.0 1.85.3
6493;ACORDO DE EMPRESA ENTRE A ECALMA - EMPRESA MUNICIPAL DE ESTACIONAMENTO E CIRCULAÇAO DE ALMADA, EM E O STAL - SINDICATO NACIONAL DOS TRABALHADORES DA ADMINISTRAÇAO LOCAL E REGIONAL, EMPRESAS PUBLICAS, CONCESSIONARIAS E AFINS;Acordo de empresa;Concelhia;2016;2016;1;1;1.306.1
6494;CONTRATO COLETIVO ENTRE A ANCIPA - ASSOCIAÇAO NACIONAL DE COMERCIANTES E INDUSTRIAIS DE PRODUTOS ALIMENTARES E O SITESE - SINDICATO DOS TRABALHADORES E TECNICOS DE SERVIÇOS, COMERCIO, RESTAURAÇAO E TURISMO - ALTERAÇAO SALARIAL E OUTRAS;Contrato coletivo de trabalho;Nacional;2016;2026;20;4;1.218.5 1.218.6 2.26.4 5.12.0
6495;ACORDO DE EMPRESA ENTRE A EASYJET AIRLINE COMPANY LIMITED - SUCURSAL EM PORTUGAL E O SINDICATO NACIONAL DE PESSOAL DE VOO DA AVIAÇAO CIVIL - SNPVAC;Acordo de empresa;Nacional;2016;2016;1;1;1.117.0
6496;ACORDO DE EMPRESA ENTRE A LUSOSIDER - AÇOS PLANOS, SA E A FEDERAÇAO DE SINDICATOS DA IDUSTRIA, ENERGIA E TRANSPORTES - COFESINT - E OUTROS - REVISAO GLOBAL;Acordo de empresa;Nacional;2016;2026;29;4;1.361.2 2.47.0 4.9.1 4.9.2
6497;ACORDO DE EMPRESA ENTRE O FUTEBOL CLUBE DO PORTO E O CESP - SINDICATO DOS TRABALHADORES DO COMERCIO, ESCRITORIOS E SERIÇOS DE PORTUGAL E OUTROS - REVISAO GLOBAL;Acordo de empresa;Distrital;2016;2021;19;4;1.31.2 1.342.3 1.392.1 1.518.0
6498;ACORDO DE EMPRESA ENTRE A PORTUCEL, SA E A FEDERAÇAO DE SIDICATOS DA INDUSTRIA, ENERGIA E TRANSPORTES - COFESINT E OUTRA - REVISAO GLOBAL.;Acordo de empresa;Nacional;2016;2018;6;3;2.47.0 4.9.1 4.9.2
6499;ACORDO DE EMPRESA ENTRE A PORTUCEL, SA E A FIEQUIMETAL - FEDERAÇAO INTERSINDICAL DAS INDUST. METALURG., QUIMICAS, ELETRICAS, FARM,CELULOSE,PAPEL,GRAFICA,IMPRENSA, ENERGIA E MINAS - REV.GLOBAL;Acordo de empresa;Nacional;2016;2018;24;9;1.143.1 1.143.2 1.213.1 1.31.2 2.46.0 2.48.1 2.50.0 2.58.0 2.6.4
6500;ACORDO DE EMPRESA ENTRE O BNP PARIBAS - SUCURSAL EM PORTUGAL E O SINDICATO NACIONAL DOS QUADROS E TECNICOS BANCARIOS E OUTRO;Acordo de empresa;Nacional;2016;2017;4;2;1.417.0 1.524.0
6501;CONTRATO COLETIVO ENTRE A ASSOCIAÇAO NACIONAL DE TRANSPORTES RODOVIARIOS DE PESADOS DE PASSAGEIROS - ANTROP E O SITRA - SINDICATO DOS TRABALHADORES DOS TRANSPORTES - REVISAO GLOBAL;Contrato coletivo de trabalho;Nacional;2016;2016;2;2;1.104.3 5.203.1
6502;CONTRATO COLETIVO ENTRE A ADIPA - ASSOCIAÇAO DOS DISTRIBUIDORES DE PRODUTOS ALIMENTARES E OUTRAS E O SITESE - SINDICATO DOS TRABALHADORES E TECNICOS DE SERVIÇOS - REVISAO GLOBAL;Contrato coletivo de trabalho;Nacional;2016;2026;41;6;1.218.2 1.218.5 1.218.6 5.283.1 5.31.1 5.8.0
6503;ACORDO DE EMPRESA ENTRE A PORTUCEL, SA E A FETESE - FEDERAÇAO DOS SINDICATOS DA INDUSTRIA E SERVIÇOS - REVISAO GLOBAL;Acordo de empresa;Nacional;2016;2018;3;1;2.26.4
6504;CONTRATO COLETIVO ENTRE A ASSOCIAÇAO NACIONAL DE TRANSPORTES RODOVIARIOS DE PESADOS DE PASSAGEIROS - ANTROP E O SNM - SINDICATO NACIONAL DOS MOTORISTAS - REVISAO GLOBAL;Contrato coletivo de trabalho;Nacional;2016;2018;4;3;1.427.0 5.203.0 5.203.1
6505;ACORDO DE EMPRESA ENTRE A CAIMA - INDUSTRIA DE CELULOSE, SA E A FIEQUIMETAL - FEDERAÇAO INTERSINDICAL DAS INDUSTRIAS METALURGICAS, QUIMICAS, ELETRICAS, FARMACEUTICA, CELULOSE, PAPEL, GRAFICA, IMPRENSA, ENERGIA E MINAS E OUTROS - REVISAO GLOBAL;Acordo de empresa;Nacional;2016;2016;6;6;1.143.2 1.518.0 2.46.0 2.48.1 2.50.0 2.58.0
6506;ACORDO DE EMPRESA ENTRE A CAIMA - INDUSTRIA DE CELULOSE, SA E O SITESE - SINDICATO DOS TRABALHADORES E TECNICOS DE SERVIÇOS - REVISAO GLOBAL;Acordo de empresa;Nacional;2016;2016;1;1;1.218.5
6507;ACORDO DE EMPRESA ENTRE A ASSOCIAÇAO HUMANITARIA DE BOMBEIROS VOLUNTARIOS DA AMADORA E O SINDICATO NACIONAL DOS BOMBEIROS PROFISSIONAIS - SNBP - REVISAO GLOBAL;Acordo de empresa;Nacional;2016;2023;3;1;1.486.0
6508;ACORDO DE EMPRESA ENTRE A ASSOCIAÇAO HUMANITARIA DE BOMBEIROS VOLUNTARIOS DA MERCEANA E O SNBP - SINDICATO NACIONAL DOS BOMBEIROS PROFISSIONAIS E OUTRO - 1ª. CONVENÇAO;Acordo de empresa;Nacional;2016;2016;2;2;1.363.1 1.486.0
6509;ACORDO DE EMPRESA ENTRE A ASSOCIAÇAO HUMANITARIA DOS BOMBEIROS VOLUNTARIOS DO MONTIJO E O SNBP - SINDICATO NACIONAL DOS BOMBEIROS PROFISSIONAIS E OUTRO.;Acordo de empresa;Nacional;2016;2016;2;2;1.363.1 1.486.0
6510;ACORDO DE EMPRESA ENTRE A SANTA CASA DA MISERICORDIA DE LISBOA (SCML) E O SINDICATO DOS ENFERMEIROS PORTUGUESES (SEP);Acordo de empresa;Nacional;2016;2026;5;1;1.157.2
6511;CONTRATO COLETIVO ENTRE A ASSOCIAÇAO NACIONAL DE TRANSPORTES RODOVIARIOS DE PESADOS DE PASSAGEIROS - ANTROP E O STTAMP - SINDICATO DOS TRABALHADORES DOS TRANSPORTES DA AREA METROPOLITANA DO PORTO;Contrato coletivo de trabalho;Concelhia;2016;2018;4;2;1.298.1 5.203.1
6512;CONTRATO COLETIVO ENTRE A CONFEDERAÇAO NACIONAL DAS INSTITUIÇOES DE SOLIDARIEDADE - CNIS E A FNE - FEDERAÇAO NACIONAL DA EDUCAÇAO E OUTROS - REVISAO GLOBAL;Contrato coletivo de trabalho;Nacional;2016;2021;46;10;1.103.2 1.104.3 1.218.5 1.363.1 1.368.2 1.377.2 1.393.1 1.601.0 2.31.1 2.54.0
6513;ACORDO DE EMPRESA ENTRE A TABAQUEIRA - EMPRESA INDUSTRIAL DE TABACOS, SA E A FESAHT - FEDERAÇAO DOS SINDICATOS DA AGRICULTURA, ALIMENTAÇAO, BEBIDAS, HOTELARIA E TURISMO DE PORTUGAL E OUTROS - REVISAO GLOBAL;Acordo de empresa;Nacional;2016;2024;28;8;1.218.5 1.218.6 1.360.3 1.361.2 2.47.0 2.58.0 4.9.1 4.9.2
6514;ACORDO DE EMPRESA ENTRE A TABAQUEIRA II, SA E A FESAHT - FEDERAÇAO DOS SINDICATOS DA AGRICULTURA, ALIMENTAÇAO, BEBIDAS, HOTELARIA E TURISMO DE PORTUGAL E OUTROS - REVISAO GLOBAL;Acordo de empresa;Nacional;2016;2025;39;7;1.218.5 1.218.6 1.360.3 1.361.2 2.47.0 2.58.0 4.9.2
6515;ACORDO DE EMPRESA ENTRE A ASSOCIAÇAO HUMANITARIA DSO BOMBEIROS VOLUNTARIOS DE VILA REAL DE STº.ANTONIO E O SNBP - SINDICATO NACIONAL DOS BOMBEIROS PROFISSIONAIS;Acordo de empresa;Nacional;2016;2016;1;1;1.486.0
6516;CONTRATO COLETIVO ENTRE A FNS - FEDERAÇAO NACIONAL DOS PRESTADORES DE CUIDADOS DE SAUDE E A FETESE - FEDERAÇAO DOS SINDICATOS DA INDUSTRIA E SERVIÇOS.;Contrato coletivo de trabalho;Nacional;2016;2016;2;2;2.26.4 6.19.0
6517;ACORDO COLETIVO ENTRE VARIAS INSTITUIÇOES DE CREDITO E O SINDICATO DOS BANCARIOS DO SUL E ILHAS - SBSI  E OUTRO - ALTERAÇAO SALARIAL E OUTRAS;Acordo coletivo de trabalho;Nacional;2016;2025;15;7;1.110.0 1.110.1 1.209.0 1.209.1 1.57.0 1.57.1 2.51.0
6518;ACORDO COLETIVO ENTRE VARIAS INSTITUIÇOES DE CREDITO E O SINDICATO NACIONAL DOS QUADROS TÉCNICOS BANCÁRIOS - ALTERAÇAO SALARIAL E OUTRAS;Acordo coletivo de trabalho;Nacional;2016;2025;8;3;1.417.0 1.524.0 2.43.0
6519;ACORDO DE EMPRESA ENTRE A EUROPA&C EMBALAGEM, SA E A FEDERAÇAO DE SINDICATOS DA INDUSTRIA, ENERGIA E TRANSPORTES - COFESINT E OUTROS - REVISAO GLOBAL.;Acordo de empresa;Nacional;2016;2016;2;2;2.47.0 4.9.2
6520;ACORDO DE EMPRESA ENTRE A EUROPA&C EMBALAGEM, SA E A FIEQUIMETAL - FEDERAÇAO INTERSINDICAL DAS INDUSTRIAS METALURGICAS, QUIMICAS, ELETRICAS, FARMACEUTICA, CELULOSE, PAPEL, GRAFICA, IMPRENSA, ENERGIA E MINAS E OUTROS - REVISAO GLOBAL;Acordo de empresa;Nacional;2016;2016;7;7;1.143.1 1.31.2 2.46.0 2.48.1 2.50.0 2.58.0 2.6.4
6521;CONTRATO COLETIVO ENTRE A AECOPS - ASSOCIAÇAO DE EMPESAS DE CONSTRUÇAO E OBRAS PUBLICAS E SERVIÇOS E OUTRAS E A FETESE - FEDERAÇAO DOS SINDICATOS DA INDUSTRIA E SERVIÇOS E OUTROS - REVISAO GLOBAL;Contrato coletivo de trabalho;Continente;2016;2016;6;6;1.361.2 2.26.4 2.47.0 5.129.1 5.176.2 5.251.0
6522;ACORDO COLETIVO ENTRE A BRISA - AUTO ESTRADAS DE PORTUGAL, SA E OUTRAS E O SINDICATO DA CONSTRUÇAO, OBRAS PUBLICAS E SERVIÇOS - SETACCOP E OUTROS - REVISAO GLOBAL.;Acordo coletivo de trabalho;Continente;2016;2018;15;5;1.218.5 1.286.3 2.46.0 2.50.0 2.6.4
6523;CONTRATO COLETIVO ENTRE A ASSOCIAÇAO PORTUGUESA DOS INDUSTRIAIS DE CALÇADO, COMPONENTES E ARTIGOS DE PELE E SEUS SUCEDANEOS - APICCAPS E A FEDERAÇAO DE SINDICATOS DA INDUSTRIA, ENERGIA E TRANSPORTES - COFESINT E OUTRA - REVISAO GLOBAL.;Contrato coletivo de trabalho;Nacional;2016;2019;9;3;2.47.0 4.9.2 5.301.0
6524;ACORDO DE EMPRESA ENTRE O SERVIÇO DE UTILIZAÇAO COMUM DOS HOSPITAIS (SUCH) E A FESAHT - FEDERAÇAO DOS SINDICATOS DA AGRICULTURA, ALIMENTAÇAO, BEBIDAS, HOTELARIA E TURISMO DE PORTUGAL E OUTRAS - 1ª CONVENÇAO;Acordo de empresa;Nacional;2016;2017;8;4;2.20.2 2.48.1 2.50.0 2.58.0
6525;ACORDO DE EMPRESA ENTRE A PORTWAY - HANDLING DE PORTUGAL, SA E O SINDICATO DEMOCRATICO DOS TRABALHADORES DOS AEROPORTOS E AVIAÇAO - SINDAV E OUTROS;Acordo de empresa;Nacional;2016;2017;6;3;1.462.1 1.470.0 1.517.0
6526;ACORDO COLETIVO ENTRE A LACTICOOP - UNIAO DAS COOPERATIVAS DE PRODUTORES DE LEITE DE ENTRE DOURO E MONDEGO, URCL E OUTRA E O SINDICATO DA AGRICULTURA, ALIMENTAÇAO E FLORESTAS - SETAA - REVISAO GLOBAL;Acordo coletivo de trabalho;Nacional;2016;2016;1;1;1.103.2
6527;CONTRATO COLETIVO ENTRE A FENAME - FEDERAÇAO NACIONAL DO METAL E O SITESE - SINDICATO DOS TRABALHADORES E TECNICOS DE SERVIÇOS E OUTROS;Contrato coletivo de trabalho;Nacional;2016;2022;33;7;1.218.5 1.218.6 1.224.0 1.346.0 1.361.2 2.47.0 6.8.0
6528;ACORDO COLETIVO ENTRE A LACTICOOP - UNIAO DAS COOPERATIVAS DE PRODUTORES DE LEITE DE ENTRE DOURO E MONDEGO, URCL E OUTRA E O SINDICATO DO COMERCIO, ESCRITORIOS E SERVIÇOS - SINDCES/UGT - REVISAO GLOBAL;Acordo coletivo de trabalho;Nacional;2016;2019;4;1;1.222.3
6529;ACORDO DE EMPRESA ENTRE A LUSIADAS - PARCERIAS CASCAIS, SA E O SINDICATO INDEPENDENTE DOS MEDICOS E OUTRO;Acordo de empresa;Concelhia;2016;2016;2;2;1.291.1 1.365.0
6530;CONTRATO COLETIVO ENTRE A ASSOCIAÇAO DOS OPERADORES DO PORTO DE LISBOA - AOPL E OUTRA E O SINDICATO DOS ESTIVADORES TRABALHADORES DO TRAFEGO E CONFERENTES MARITIMOS DO CENTRO E SUL DE PORTUGAL;Contrato coletivo de trabalho;Concelhia;2016;2016;3;3;1.521.0 5.417.0 5.466.2
6531;ACORDO COLETIVO ENTRE A LACTICOOP - UNIAO DAS COOPERATIVAS DE PRODUTORES DE LEITE DE ENTRE DOURO E MONDEGO, URCL E OUTRA E O SINDICATO DOS PROFISSIONAIS DE LATICINIOS, ALIMENTAÇAO, AGRIC., ESCRITORIOS, COMERCIO, SERV, TRANSP. RODOVIA, METALOMECANICA, METALURGIA, CONST. CIVIL E MAD. E OUTRO - REV GLO;Acordo coletivo de trabalho;Nacional;2016;2017;4;2;1.138.1 1.565.0
6532;ACORDO COLETIVO ENTRE A SANTA CASA DA MISERICORDIA DE ABRANTES E OUTRAS E A FEDERAÇAO NACIONAL DOS SINDICATOS DOS TRABALHADORES EM FUNÇOES PUBLICAS E SOCIAIS E OUTROS.;Acordo coletivo de trabalho;Nacional;2016;2016;3;3;1.157.2 2.25.2 2.33.0
6533;ACORDO COLETIVO ENTRE A MEO - SERVIÇOS DE COMUNICAÇOES E MULTIMEDIA, SA E OUTRAS E O SINTTAV - SINDICATO NACIONAL DOS TRABALHADORES DAS TELECOMUNICAÇOES E AUDIOVISUAL E OUTROS - REVISAO GLOBAL;Acordo coletivo de trabalho;Nacional;2016;2016;13;13;1.119.1 1.218.5 1.224.0 1.236.1 1.248.4 1.296.4 1.385.2 1.433.1 1.451.0 1.47.0 1.504.0 1.516.2 2.47.0
6534;CONTRATO COLETIVO ENTRE A ASSOCIAÇÃO DE EMPRESAS DO SETOR DE ATIVIDADE DE PRESTAÇAO DE SERVIÇOS DE ASSISTÊNCIA EM ESCALA AO TRANSPORTE AEREO E O SINDICATO DOS TRABALHADORES DA AVIAÇAO E AEROPORTOS - SITAVA;Contrato coletivo de trabalho;Nacional;2016;2017;4;3;1.372.0 5.611.0 5.611.1
6535;ACORDO DE EMPRESA ENTRE A ESTORIL SOL(III) - TURISMO, ANIMAÇAO E JOGO, SA E O SITESE - SINDICATO DOS TRABALHADORES E TECNICOS DE SERVIÇOS E OUTRO - REVISAO GLOBAL.;Acordo de empresa;Distrital;2017;2024;3;3;1.218.5 1.218.6 1.269.1
6536;ACORDO DE EMPRESA ENTRE A UNIAO DAS MISERICORDIAS PORTUGUESAS E A FNE - FEDERAÇAO NACIONAL DA EDUCAÇAO E OUTROS - REVISAO GLOBAL.;Acordo de empresa;Nacional;2017;2017;9;9;1.103.2 1.104.3 1.218.5 1.363.1 1.368.2 1.377.2 1.393.1 1.601.0 2.54.0
6537;CONTRATO COLETIVO ENTRE A AGEFE - ASSOCIAÇAO EMPRESARIAL DOS SECTORES ELECTRICO, ELECTRODOMESTICO, FOTOGRAFICO E ELECTRONICO E A FEPCES - FEDERAÇAO PORTUGUESA DOS SINDICATOS DO COMERCIO, ESCRITORIOS E SERVIÇOS E OUTROS - REVISAO GLOBAL.;Contrato coletivo de trabalho;Nacional;2017;2023;39;9;1.213.1 1.218.5 1.218.6 1.346.0 1.361.2 2.50.0 2.6.4 5.50.3 5.50.4
6538;ACORDO COLETIVO ENTRE A CAIXA ECONOMICA MONTEPIO GERAL, CAIXA ECONOMICA BANCARIA, SA E OUTRA E O SINDICATO NACIONAL DOS QUADROS E TECNICOS BANCARIOS - ALTERAÇAO SALARIAL E OUTRAS E TEXTO CONSOLIDADO;Acordo coletivo de trabalho;Nacional;2017;2025;5;3;1.417.0 1.524.0 2.43.0
6539;ACORDO COLETIVO ENTRE A CAIXA ECONÓMICA MONTEPIO GERAL - CAIXA ECONÓMICA BANCÁRIA, SA E OUTRAS E O SINDICATO DA BANCA, SEGUROS E TECNOLOGIAS - MAIS SINDICATO E OUTRO - ALTERAÇÃO SALARIAL E OUTRAS;Acordo coletivo de trabalho;Nacional;2017;2023;9;5;1.110.1 1.209.0 1.209.1 1.57.0 2.51.0
6540;ACORDO DE EMPRESA ENTRE A OITANTE, S.A. E O SINDICATO NACIONAL DOS QUADROS E TÉCNICOS BANCÁRIOS - ALTERAÇÃO SALARIAL E OUTRAS E TEXTO CONSOLIDADO;Acordo de empresa;Nacional;2017;2025;6;2;1.417.0 2.43.0
6541;ACORDO DE EMPRESA ENTRE O CENTRO DE FORMAÇAO PROFISSIONAL DA INDUSTRIA DO CALÇADO (CFPIC) E O SINDICATO DOS TRABALHADORES EM FUNÇOES PUBLICAS E SOCIAIS DO CENTRO - STFPSC E OUTROS - REVISAO GLOBAL;Acordo de empresa;Nacional;2017;2017;3;3;1.313.2 1.324.2 2.25.2
6542;CONTRATO COLETIVO ENTRE A ANIECA - ASSOCIAÇAO NACIONAL DE ESCOLAS DE CONDUÇAO AUTOMOVEL E A FECTRANS - FEDERAÇAO DOS SINDICATOS DE TRANSPORTES E COMUNICAÇOES - REVISAO GLOBAL;Contrato coletivo de trabalho;Nacional;2017;2017;2;2;2.50.0 5.34.0
6543;ACORDO DE EMPRESA ENTRE A SERVIRAIL - SERVIÇOS RESTAURAÇAO CATERING, LDA E A FESAHT - FEDERAÇAO DOS SINDICATOS DA AGRICULTURA, ALIMENTAÇAO, BEBIDAS, HOTELARIA E TURISMO DE PORTUGAL - REVISAO GLOBAL;Acordo de empresa;Nacional;2017;2018;2;1;2.58.0
6544;CONTRATO COLETIVO ENTRE A GROQUIFAR - ASSOCIAÇÃO DE GROSSISTAS DE PRODUTOS QUÍMICOS E FARMACÊUTICOS E A FEDERAÇÃO  DE SINDICATOS DA INDÚSTRIA, ENERGIA E TRANSPORTES - COFESINT E OUTROS (PROD.FARMACÊUTICOS) - ALTERAÇÃO SALARIAL E OUTRAS;Contrato coletivo de trabalho;Nacional;2017;2026;29;6;1.218.5 1.360.3 2.47.0 4.9.1 4.9.2 5.136.0
6545;CONTRATO COLETIVO ENTRE A GROQUIFAR - ASSOCIAÇAO DE GROSSISTAS DE PRODUTOS QUIMICOS E FARMACEUTICOS E O SITESE - SINDICATO DOS TRABALHADORES E TECNICOS DE SERVIÇOS, COMERCIO, RESTAURAÇAO E TURISMO (PRODUTOS FARMACEUTICOS) - REVISAO GLOBAL;Contrato coletivo de trabalho;Nacional;2017;2026;21;6;1.218.5 1.218.6 1.360.3 2.47.0 4.9.2 5.136.0
6546;CONTRATO COLETIVO ENTRE A AHRESP - ASSOCIAÇAO DA HOTELARIA, RESTAURAÇAO E SIMILARES DE PORTUGAL E O SITESE - SINDICATO DOS TRABALHADORES E TECNICOS DE SERVIÇOS, COMERCIO, RESTAURAÇAO E TURISMO (CANTINAS, REFEITORIOS E FABRICAS DE REFEIÇOES) - REVISAO GLOBAL;Contrato coletivo de trabalho;Nacional;2017;2023;10;3;1.218.5 1.218.6 5.508.1
6547;ACORDO COLETIVO ENTRE A BP PORTUGAL - COMERCIO DE COMBUSTIVEIS E LUBRIFICANTES, SA E OUTRAS EMPRESAS PETROLIFERAS E A FIEQUIMETAL - FEDERAÇAO INTERSINDICAL DAS INDUSTRIAS METALURGICAS, QUIMICA, ELECTRICA, FARMACEUTICA, CELULOSE, PAPEL, GRAFICA, IMPRENSA, ENERGIA E MINAS E OUTROS - REVISAO GLOBAL;Acordo coletivo de trabalho;Nacional;2017;2017;9;9;1.129.1 1.143.2 1.296.4 1.31.2 1.379.0 1.8.2 2.48.1 2.50.0 2.58.0
6548;CONTRATO COLETIVO ENTRE A ASSOCIAÇAO DOS INDUSTRIAIS DO ENSINO DE CONDUÇAO AUTOMOVEL DE PORTUGAL - ANORECA E A FEDERAÇAO DOS SINDICATOS DE TRANSPORTES E COMUNICAÇOES - FECTRANS;Contrato coletivo de trabalho;Nacional;2017;2017;2;2;2.50.0 5.476.1
6549;ACORDO DE EMPRESA ENTRE A SN MAIA, NACIONAL, SA E O SINDEL -SINDICATO NACIONAL DA INDUSTRIA E DA ENERGIA E OUTROS - REVISAO GLOBAL.;Acordo de empresa;Nacional;2017;2017;3;3;1.15.4 1.218.5 1.361.2
6550;ACORDO DE EMPRESA ENTRE A SN SEIXAL - SIDERURGIA NACIONAL, SA E O SINDEL - SINDICATO NACIONAL DA INDUSTRIA E DA ENERGIA E OUTROS - REVISAO GLOBAL;Acordo de empresa;Nacional;2017;2017;3;3;1.15.4 1.218.5 1.361.2
6551;ACORDO DE EMPRESA ENTRE A SANTA CASA DA MISERICORDIA DE LISBOA E O SINDICATO DOS FISIOTERAPEUTAS PORTUGUESES E OUTROS - REVISAO GLOBAL;Acordo de empresa;Nacional;2017;2017;7;7;1.273.3 1.299.0 1.310.4 1.313.2 1.504.0 1.514.0 1.547.1
6552;ACORDO DE EMPRESA ENTRE A SANTA CASA DA MISERICORDIA DE LISBOA E O SDPGL - SINDICATO DEMOCRATICO DOS PROFESSORES DA GRANDE LISBOA E VALE DO TEJO E OUTROS - REVISAO GLOBAL;Acordo de empresa;Nacional;2017;2017;8;8;1.218.5 1.331.1 1.363.1 1.368.2 1.377.2 1.393.1 1.449.1 1.476.0
6553;ACORDO DE EMPRESA ENTRE A SIDUL AÇUCARES, UNIPESSOAL, LDA E A FEDERAÇÃO DE SINDICATOS DA INDÚSTRIA, ENERGIA E TRANSPORTES - COFESINT E OUTRA - ALTERAÇÃO SALARIAL E OUTRAS;Acordo de empresa;Nacional;2019;2021;4;2;2.47.0 4.9.2
6554;CONTRATO COLETIVO ENTRE A ANASEL - ASSOCIAÇAO NACIONAL DE EMPRESAS DE LAVANDARIA, ARRANJOS DE COSTURA, CONSERTOS DE SAPATOS E CHAVES E O SITESE - SINDICATO DOS TRABALHADORES E TECNICOS DE SERVIÇOS, COMERCIO, RESTAURAÇAO E TURISMO -REVISAO GLOBAL;Contrato coletivo de trabalho;Nacional;2017;2023;6;3;1.218.5 1.218.6 5.517.2
6555;ACORDO DE EMPRESA ENTRE A SIDUL AÇÚCARES, UNIPESSOAL, LDA E A FESAHT - FEDERAÇÃO DOS SINDICATOS DA AGRICULTURA, ALIMENTAÇÃO, BEBIDAS, HOTELARIA E TURISMO DE PORTUGAL E OUTROS - ALTERAÇÃO SALARIAL E OUTRAS / TEXTO CONSOLIDADO;Acordo de empresa;Nacional;2017;2025;38;9;1.131.4 1.143.2 1.144.1 1.31.2 1.591.0 2.46.0 2.50.0 2.58.0 2.6.4
6556;CONTRATO COLETIVO ENTRE A ADCP - ASSOCIAÇAO DAS ADEGAS COOPERATIVAS DE PORTUGAL E O SETAA - SINDICATO DA AGRICULTURA, ALIMENTAÇAO E FLORESTAS - REVISAO GLOBAL;Contrato coletivo de trabalho;Nacional;2017;2017;2;2;1.103.2 5.601.0
6557;ACORDO COLETIVO ENTRE A COOPERATIVA AGRICOLA DA TOCHA, CRL E OUTRAS E O SETAA - SINDICATO DA AGRICULTURA, ALIMENTAÇAO E FLORESTAS - REVISAO GLOBAL;Acordo coletivo de trabalho;Nacional;2017;2017;1;1;1.103.2
6558;ACORDO DE EMPRESA ENTRE A EASYJET AIRLINE COMPANY LIMITED - SUCURSAL EM PORTUGAL E O SINDICATO DOS PILOTOS DA AVIAÇAO CIVIL (SPAC);Acordo de empresa;Nacional;2017;2021;2;1;1.320.0
6559;ACORDO DE EMPRESA ENTRE A SIDUL AÇUCARES, UNIPESSOAL, LDA E O SINDICATO DOS TRABALHADORES E TECNICOS DE SERVIÇOS - SITESE - REVISAO GLOBAL;Acordo de empresa;Nacional;2017;2024;3;2;1.218.5 1.218.6
6560;ACORDO DE EMPRESA ENTRE A PARMALAT PORTUGAL - PRODUTOS ALIMENTARES, LDA E O SETAA - SINDICATO DA AGRICULTURA, ALIMENTAÇAO E FLORESTAS - REVISAO GLOBAL;Acordo de empresa;Concelhia;2017;2017;1;1;1.103.2
6561;ACORDO DE EMPRESA ENTRE A CAIMA - INDUSTRIA DE CELULOSE, SA E A FIEQUIMETAL - FEDERAÇAO INTERSINDICAL DAS INDUSTRIAS METALURGICAS, QUIMICAS, EL+ETRICAS, FARMACEUTICA, CELULOSE, PAPEL, GRAFICA, IMPRENSA, ENERGIA E MINAS E OUTROS - REVISAO GLOBAL;Acordo de empresa;Nacional;2017;2017;6;6;1.143.2 1.518.0 2.46.0 2.48.1 2.50.0 2.58.0
6562;ACORDO DE EMPRESA ENTRE A EMEL - EMPRESA MUNICIPAL DE MOBILIDADE E ESTACIONAMENTO DE LISBOA, EM, SA E O CESP - SINDICATO DOS TRABALHADORES DO COMERCIO, ESCRITORIOS E SERVIÇOS DE PORTUGAL;Acordo de empresa;Distrital;2017;2017;1;1;1.518.0
6563;ACORDO DE EMPRESA ENTRE A VIKING CRUISES PORTUGAL, SA E A FESMAR - FEDERAÇAO DE SINDICATOS DOS TRABALHADORES DO MAR;Acordo de empresa;Nacional;2017;2017;1;1;2.36.0
6564;CONTRATO COLETIVO ENTRE A AECOPS - ASSOCIAÇAO DE EMPRESAS DE CONSTRUÇAO E OBRAS PUBLICAS E SERVIÇOS E OUTRAS E A FETESE -FEDERAÇAO DOS SINDICATOS DA INDUSTRIA E SERVIÇOS E OUTROS -  REVISAO GLOBAL;Contrato coletivo de trabalho;Continente;2017;2019;18;6;1.361.2 2.26.4 2.47.0 5.129.1 5.176.2 5.251.0
6565;CONTRATO COLETIVO ENTRE A ANCIA - ASSOCIAÇAO NACIONAL DE CENTROS DE INSPEÇAO AUTOMOVEL E A FETESE - FEDERAÇAO DOS SINDICATOS DA INDUSTRIA E SERVIÇOS -REVISAO GLOBAL;Contrato coletivo de trabalho;Continente;2017;2019;6;2;2.26.4 5.558.0
6566;CONTRATO COLETIVO ENTRE A ASSOCIAÇAO DA HOTELARIA, RESTAURAÇAO E SIMILARES DE PORTUGAL(AHRESP) E A FESAHT - FEDERAÇAO DOS SINDICATOS DA AGRICULTURA, ALIMENTAÇAO, BEBIDAS, HOTELARIA E TURISMO DE PORTUGAL(ALOJAMENTO);Contrato coletivo de trabalho;Nacional;2017;2023;8;2;2.58.0 5.508.1
6567;CONTRATO COLETIVO ENTRE A ASSOCIAÇAO PORTUGUESA DOS INDUSTRIAIS DE CURTUMES E A FEDERAÇAO DOS SINDICATOS DOS TRABALHADORES TEXTEIS, LANIFICIOS, VESTUARIO, CALÇADO E PELES DE PORTUGAL - FESETE - REVISAO GLOBAL;Contrato coletivo de trabalho;Nacional;2017;2026;20;2;2.20.2 5.172.0
6568;ACORDO DE EMPRESA ENTRE A TINITA - TRANSPORTES E REBOQUES MARITIMOS S.A. E O SITEMAQ - SINDICATO DA MESTRANÇA E MARINHAGEM DA MARINHA MERCANTE, ENERGIA E FOGUEIROS DE TERRA E OUTROS - 1ª. CONVENÇAO;Acordo de empresa;Nacional;2017;2026;20;4;1.438.1 1.475.0 1.5.5 1.5.6
6569;CONTRATO COLETIVO ENTRE A AHRESP -ASSOCIAÇAO DA HOTELARIA, RESTAURAÇAO E SIMILARES DE PORTUGAL E O SINDICATO DOS TRABALHADORES E TECNICOS DE SERVIÇOS, COMERCIO, RESTAURAÇAO E TURISMO - SITESE (ALOJAMENTO) - REVISAO GLOBAL;Contrato coletivo de trabalho;Nacional;2017;2023;10;3;1.218.5 1.218.6 5.508.1
6570;ACORDO DE EMPESA ENTRE A CMPEA - EMPRESA DE AGUAS DO MUNICIPIO DO PORTO E O SINDICATO DOS TRABALHADORES DA ADMINISTRAÇAO PUBLICA E DE ENTIDADES COM FINS PUBLICOS - SINTAP;Acordo de empresa;Distrital;2017;2025;7;1;1.363.1
6571;ACORDO DE EMPRESA ENTRE A OITANTE, SA E O SINDICATO DA BANCA, SEGUROS E TECNOLOGIAS - MAIS SINDICATO E OUTROS - ALTERAÇAO SALARIAL E OUTRAS;Acordo de empresa;Nacional;2017;2025;7;5;1.110.1 1.209.1 1.57.0 1.57.1 2.51.0
6572;CONTRATO COLETIVO ENTRE A CONFEDERAÇAO NACIONAL DA EDUCAÇAO E FORMAÇAO (CNEF) E A FNE - FEDERAÇAO NACIONAL DA EDUCAÇAO E OUTROS;Contrato coletivo de trabalho;Nacional;2017;2023;46;10;1.104.3 1.218.5 1.218.6 1.368.2 1.377.2 1.393.0 1.393.1 1.601.0 2.54.0 8.11.0
6573;ACORDO COLETIVO ENTRE A RIGHTSQUARE SGPS, SA E OUTRA E A FEDERAÇAO DO SETOR FINANCEIRO - FEBASE;Acordo coletivo de trabalho;Nacional;2017;2017;1;1;2.51.0
6574;ACORDO COLETIVO ENTRE A RIGHTSQUARE SGPS, SA E OUTRA E O SINDICATO NACIONAL DOS QUADROS E TECNICOS BANCARIOS;Acordo coletivo de trabalho;Nacional;2017;2017;1;1;1.417.0
6575;ACORDO DE EMPRESA ENTRE O CENTRO DE FORMAÇAO PROFISSIONAL DOS TRABALHADORES DE ESCRITORIO, COMERCIO, SERVIÇOS E NOVAS TECNOLOGIAS (CITEFORMA) E O SINDICATO DOS TRABALHADORES E TECNICOS DE SERVIÇOS, COMERCIO, RESTAURAÇAO E TURISMO - SITESE;Acordo de empresa;Nacional;2017;2023;5;2;1.218.5 1.218.6
6576;ACORDO DE EMPRESA ENTRE A CARRISBUS - MANUTENÇAO, REPARAÇAO E TRANSPORTES, SA E A FEDERAÇAO DOS SINDICATOS DE TRANSPORTES E COMUNICAÇAO - FECTRANS.;Acordo de empresa;Distrital;2017;2020;3;1;2.50.0
6577;CONTRATO COLETIVO ENTRE A ASSOCIAÇAO PORTUGUESA DAS INDUSTRIAS DE CERAMICA E DE CRISTALARIA (APICER) E O SINDICATO NACIONAL DOS TRABALHADORES DAS INDUSTRIAS DE CERAMICA, CIMENTOS, ABRASIVOS, VIDRO, SIMILARES, CONSTRUÇAO CIVIL E OBRAS PUBLICAS (SINTICAVS) - (INDUSTRIA DE CERAMICA - PESSOAL FABRIL) -;Contrato coletivo de trabalho;Nacional;2017;2026;12;3;1.295.2 5.511.1 5.511.3
6578;ACORDO COLETIVO ENTRE A AGEAS PORTUGAL - COMPANHIA DE SEGUROS DE VIDA, SA E OUTRAS E O SINDICATO NACIONAL DOS PROFISSIONAIS DE SEGUROS E AFINS (SINAPSA) E OUTROS;Acordo coletivo de trabalho;Nacional;2017;2017;3;3;1.187.1 1.454.0 1.85.3
6579;CONTRATO COLETIVO ENTRE A RENA - ASSOCIAÇAO DAS COMPANHIAS AEREAS EM PORTUGAL E O SINDICATO DOS TRABALHADORES DA AVIAÇAO E AEROPORTOS - SITAVA E OUTRO;Contrato coletivo de trabalho;Nacional;2017;2026;18;3;1.341.1 1.372.0 5.546.1
6580;CONTRATO COLETIVO ENTRE A AES -ASSOCIAÇÃO DE EMPRESAS DE SEGURANÇA E O SINDICATO DOS TRABALHADORES E TÉCNICOS DE SERVIÇOS, COMÉRCIO, RESTAURAÇÃO E TURISMO - ALTERAÇÃO;Contrato coletivo de trabalho;Nacional;2017;2024;39;6;1.218.5 1.218.6 1.361.2 2.26.4 5.439.1 5.440.0
6581;CONTRATO COLETIVO ENTRE A AES - ASSOCIAÇAO DE EMPRESAS DE SEGURANÇA E OUTRA E O STAD - SINDICATO DOS TRABALHADORES DOS SERVIÇOS DE PORTARIA, VIGILANCIA, LIMPEZA, DOMESTICAS E ACTIVIDADES DIVERSAS - REVISAO GLOBAL;Contrato coletivo de trabalho;Nacional;2017;2024;30;4;1.152.2 1.504.0 5.439.1 5.440.0
6582;ACORDO DE EMPRESA ENTRE A 321 CRÉDITO, INSTITUIÇÃO FINANCEIRA DE CRÉDITO, S.A.E O SINDICATO BANCÁRIO DO CENTRO E OUTROS - ALTERAÇÃO SALARIAL E OUTRAS;Acordo de empresa;Nacional;2017;2025;15;7;1.110.0 1.110.1 1.209.0 1.209.1 1.57.0 1.57.1 2.51.0
6583;CONTRATO COLETIVO ENTRE CNIS - CONFEDERAÇAO NACIONAL DAS INSTITUIÇOES DE SOLIDARIEDADE E A FEPCES - FEDERAÇAO PORTUGUESA DOS SINDICATOS DO COMERCIO, ESCRITORIOS E SERVIÇOS E OUTRAS - REVISAO GLOBAL;Contrato coletivo de trabalho;Nacional;2017;2018;18;10;1.122.1 1.157.2 1.19.1 1.273.3 1.333.2 2.33.0 2.46.0 2.50.0 2.58.0 2.6.4
6584;ACORDO DE EMPRESA ENTRE O CCP - CLUBE DE CAMPISMO DO PORTO E O SINDICATO DO COMERCIO, ESCRITORIOS, SERVIÇOS, ALIMENTAÇAO, HOTELARIA E TURISMO (SINCESAHT);Acordo de empresa;Nacional;2017;2020;4;1;1.282.3
6585;CONTRATO COLETIVO ENTRE A APIFARMA - ASSOCIAÇAO PORTUGUESA DA INDUSTRIA FARMACEUTICA E A FIEQUIMETAL - FEDERAÇAO INTERSINDICAL DAS INDUSTRIAS METALURGICAS, QUIMICAS, ELETRICAS, FARMACEUTICA, CELULOSE, PAPEL, GRAFICA, IMPRENSA, ENERGIA E MINAS E OUTRO - REVISAO GLOBAL;Contrato coletivo de trabalho;Nacional;2017;2019;9;3;1.31.2 2.48.1 5.76.1
6586;CONTRATO COLETIVO ENTRE A CONFEDERAÇAO NACIONAL DE EDUCAÇAO E FORMAÇAO (CNEF) E O SPLIU - SINDICATO NACIONAL DOS PROFESSORES LICENCIADOS PELOS POLITECNICOS E UNIERSIDADES;Contrato coletivo de trabalho;Nacional;2017;2024;8;2;1.489.2 8.11.0
6587;ACORDO DE EMPRESA ENTRE A EMEL - EMPRESA MUNICIPAL DE MOBILIDADE E ESTACIONAMENTO DE LISBOA, EM, SA E O SITESE - SINDICATO DOS TRABALHADORES E TECNICOS DE SERVIÇOS, COMERCIO, RESTAURAÇAO E TURISMO;Acordo de empresa;Distrital;2017;2017;1;1;1.218.5
6588;CONTRATO COLETIVO ENTRE A ASSOCIAÇAO PORTUGUESA DAS AGENCIAS DE VIAGENS E TURISMO - APAVT E O SINDICATO DOS TRABALHADORES DA MARINHA MERCANTE, AGENCIAS DE VIAGENS, TRANSITARIOS E PESCA - SIMAMEVIP - REVISAO GLOBAL;Contrato coletivo de trabalho;Nacional;2017;2025;6;2;1.173.2 5.132.0
6589;ACORDO DE EMPRESA ENTRE A GESAMB - GESTAO AMBIENTAL DE RECURSOS. E.I..M. E O STAL - SINDICATO NACIONAL DOS TRABALHADORES DA ADMINISTRAÇAO LOCAL E REGIONAL, EMPRESAS PUBLICAS, CONCESSIONARIAS E AFINS;Acordo de empresa;Distrital;2017;2017;1;1;1.306.1
6590;ACORDO DE EMPRESA ENTRE A VALORSUL - VALORIZAÇAO E TRATAMENTO DE RESIDUOS SOLIDOS DAS REG. DE LISBAO E DO OESTE E O SIND DOS TRABALHADORES DAS IND TRANSFORMADORAS, ENERGIA E ATIVIDADES DO AMBIENTE DO CENTRO E SUL E REGIOES AUTONOMAS - SITE - CSRA - ALTERAÇÃO SALARIAL E OUTRAS E TEXTO CONSOLIDADO;Acordo de empresa;Pluridistrital;2021;2021;1;1;1.591.0
6591;ACORDO DE EMPRESA ENTRE A GEBALIS - GESTAO DO ARRENDAMENTO DA HABITAÇAO MUNICIPAL DE LISBOA, EM, SA E O STAL - SINDICATO NACIONAL DOS TRABALHADORES DA ADMINISTRAÇAO LOCAL E REGIONAL, EMPRESAS PUBLICAS, CONCESSIONARIAS E AFINS E OUTRO;Acordo de empresa;Concelhia;2017;2017;2;2;1.306.1 1.327.1
6592;CONTRATO COLETIVO ENTRE A ABIMOTA - ASSOCIAÇAO NACIONAL DAS INDUSTRIAS DE DUAS RODAS, FERRAGENS, MOBILIARIO E AFINS E O SINDEL - SINDICATO NACIONAL DA INDUSTRIA E DA ENERGIA E OUTRO - REVISAO GLOBAL;Contrato coletivo de trabalho;Nacional;2017;2017;3;3;1.222.3 1.361.2 5.242.1
6593;CONTRATO COLETIVO ENTRE A CONFEDERAÇAO NACIONAL DA EDUCAÇAO E FORMAÇAO (CNEF) E A ASPL - ASSOCIAÇAO SINDICAL DE PROFESSORES LICENCIADOS;Contrato coletivo de trabalho;Nacional;2017;2024;6;2;1.484.2 8.11.0
6594;ACORDO DE EMPRESA ENTRE O COLEGIO VALSASSINA, SA E O SINDICATO NACIONAL DOS PROFESSORES LICENCIADOS - SNPL;Acordo de empresa;Distrital;2018;2018;1;1;1.482.0
6595;CONTRATO COLETIVO ENTRE A AIBA - ASSOCIAÇAO DOS INDUSTRIAIS DE BOLACHAS E AFINS E O SITESE - SINDICATO DOS TRABALHADORES E TECNICOS DE SERVIÇOS, COMERCIO, RESTAURAÇAO E TURISMO (ADMINISTRATIVOS) - REVISAO GLOBAL;Contrato coletivo de trabalho;Nacional;2018;2018;2;2;1.218.5 5.484.0
6596;ACORDO DE EMPRESA ENTRE A 321 CREDITO - INSTITUIÇAO FINANCEIRA DE CREDITO, SA E O SINDICATO INDEPENDENTE DA BANCA E OUTRO - REVISAO GLOBAL;Acordo de empresa;Nacional;2018;2025;9;3;1.417.0 1.524.0 2.43.0
6597;ACORDO DE EMPRESA ENTRE A ESCALA VILA FRANCA - SOCIEDADE GESTORA DO ESTABELECIMENTO, SA E O SINDICATO INDEPENDENTE DOS MEDICOS - SIM E OUTRO;Acordo de empresa;Distrital;2018;2018;1;1;1.291.1
6598;CONTRATO COLETIVO ENTRE A ASSOCIAÇAO COMERCIAL DO DISTRITO DE AVEIRO (ACA) E O CESP - SINDICATO DOS TRABALHADORES DO COMERCIO, ESCRITORIOS E SERVIÇOS DE PORTUGAL E OUTRO - REVISAO GLOBAL;Contrato coletivo de trabalho;Distrital;2018;2021;9;3;1.222.3 1.518.0 5.165.3
6599;ACORDO DE EMPRESA ENTRE A VALORSUL - VALORIZAÇAO E TRATAMENTO DE RESIDUOS SOLIDOS DAS REGIOES DE LISBOA E DO OESTE, SA E O SINDEL - SINDICATO NACIONAL DA INDUSTRIA E DA ENERGIA - REVISAO GLOBAL;Acordo de empresa;Concelhia;2018;2018;2;1;1.361.2
6600;ACORDO DE EMPRESA ENTRE A AUTO-ESTRADAS NORTE LITORAL - SOCIEDADE CONCESSIONARIA - AENL E O CESP - SINDICATO DOS TRABALHADORES DO COMERCIO, ESCRITORIOS E SERVIÇOS DE PORTUGAL - REVISAO GLOBAL;Acordo de empresa;Nacional;2018;2020;3;1;1.518.0
6601;ACORDO DE EMPRESA ENTRE A F&C PORTUGAL, GESTAO DE PATRIMONIOS, SA E O SINDICATO DOS BANCARIOS DO SUL E ILHAS - SBSI - REVISAO GLOBAL;Acordo de empresa;Nacional;2018;2018;1;1;1.110.0
6602;ACORDO DE EMPRESA ENTRE O COLEGIO VALSASSINA, SA E O SINDICATO DOS PROFESSORES DA GRANDE LISBOA - SPGL E OUTROS;Acordo de empresa;Distrital;2018;2023;9;3;1.122.1 1.152.2 1.299.0
6603;CONTRATO COLETIVO ENTRE A ANIECA - ASSOCIAÇAO NACIONAL DE ESCOLAS DE CONDUÇAO AUTOMOVEL E A FEDERAÇAO DOS SINDICATOS DE TRANSPORTES E COMUNICAÇOES - FECTRANS - REVISAO GLOBAL;Contrato coletivo de trabalho;Nacional;2018;2018;2;2;2.50.0 5.34.0
6604;DECISAO ARBITRAL EM PROCESSO DE ARBITRAGEM OBRIGATORIA RELATIVA A FERTAGUS - TRAVESSIA DO TEJO TRANSPORTES, SA E AO SINDICATO NACIONAL DOS MOTORISTAS DOS CAMINHOS DE FERRO PORTUGUESES (SMAQ);Decisão arbitral;Distrital;2018;2018;1;1;1.344.2
6605;ACORDO COLETIVO ENTRE O CENTRO HOSPITALAR DO ALGARVE, EPE E OUTROS E O SINDICATO DOS ENFERMEIROS PORTUGUESES - SEP (INSTRUMENTO PARCELAR E TRANSITORIO APLICAVEL AOS TRABALHADORES ENFERMEIROS EM REGIME DE CONTRATO DE TRABALHO - PROCEDIMENTO CONCURSAL E OUTRAS);Acordo coletivo de trabalho;Nacional;2018;2018;1;1;1.157.2
6606;ACORDO COLETIVO ENTRE O CENTRO HOSPITALAR DO ALGARVE,EPE E OUTROS E O SINDICATO INDEPENDENTE  DOS PROFISSIONAIS DE ENFERMAGEM E OUTRO ( INSTRUMENTO PARCELAR E TRANSITORIO APLICAVEL AOS TRABALHADORES ENFERMEIROS EM REGIME DE CONTRATO DE TRABALHO - PROCEDIMENTO CONCURSAL E OUTRAS);Acordo coletivo de trabalho;Nacional;2018;2018;2;2;1.225.2 1.233.2
6607;ACORDO DE EMPRESA ENTRE O CEFPI - CENTRO DE EDUCAÇAO E FORMAÇAO PROFISSIONAL INTEGRADA E O STFPSN - SINDICATO DOS TRABALHADORES EM FUNÇOES PUBLICAS E SOCIAIS DO NORTE E A FNSTFPS - FEDERAÇAO NCIONAL DOS TRABALHADORES EM FUNÇOES PUBLICAS E SOCIAIS;Acordo de empresa;Nacional;2018;2018;2;2;1.313.2 2.25.2
6608;CONTRATO COLETIVO ENTRE A ITA - ASSOCIAÇAO PORTUGUESA DOS INDUSTRIAIS DE TRIPAS E AFINS E A FESAHT - FEDERAÇAO DOS SINDICATOS DA AGRICULTURA, ALIMENTAÇAO, BEBIDAD, HOTELARIA E TURISMO DE PORTUGAL - REVISAO GLOBAL;Contrato coletivo de trabalho;Nacional;2018;2020;6;2;2.58.0 5.312.0
6609;CONTRATO COLETIVO ENTRE A APEC - ASSOCIAÇAO PORTUGUESA DE ESCOLAS DE CONDUÇAO E A FECTRANS - FEDERAÇAO DOS SINDICATOS DE TRANSPORTES E COMUNICAÇOES - REVISAO GLOBAL;Contrato coletivo de trabalho;Nacional;2018;2018;2;2;2.50.0 5.463.0
6610;CONTRATO COLETIVO ENTRE A ASSOCIAÇAO DOS INDUSTRIAIS DO ENSINO DA CONUÇAO AUTOMOVEL DE PORTUGAL - ANORECA E A FEDERAÇAO DOS SINDICATOS DE TRANSPORTES E COMUNICAÇOES - FECTRANS - REVISAO GLOBAL;Contrato coletivo de trabalho;Nacional;2018;2018;2;2;2.50.0 5.476.1
6611;CONTRATO COLETIVO ENTRE A ITA - ASSOCIAÇAO PORTUGUESA DOS INDUSTRIAIS DE TRIPAS E AFINS E O SINDICATO DO COMERCIO, ESCRITORIOS, SERVIÇOS, ALIMENTAÇAO, HOTELARIA E TURISMO (SINCESAHT) - REVISAO GLOBAL;Contrato coletivo de trabalho;Nacional;2018;2020;6;2;1.282.3 5.312.0
6612;CONTRATO COLETIVO ENTRE A ASSOCIAÇAO NACIONAL DOS INDUSTRIAIS DE PAPEL E CARTAO - ANIPC E A FEDERAÇAO INTERSINDICAL DAS INDUSTRIAS METALURGICAS, QUIMICAS, ELECTRICAS, FARMACEUTICA, CELULOSE, PAPEL, GRAFICA, IMPRENSA, ENERGIA E MINAS - FIEQUIMETAL - REVISAO GLOBAL;Contrato coletivo de trabalho;Nacional;2018;2020;6;2;2.48.1 5.277.1
6613;ACORDO COLETIVO ENTRE A DOUROAZUL - SOCIEDADE MARITIMO-TURISTICA, SA E OUTRAS E A FEDERAÇAO DE SINDICATOS DOS TRABALHADORES DO MAR - FESMAR - REVISAO GLOBAL;Acordo coletivo de trabalho;Nacional;2018;2026;5;1;2.36.0
6614;ACORDO DE EMPRESA ENTRE A PARQUES TEJO - PARQUEAMENTO DE OEIRAS, E.M., SA E O SINDICATO DOS TRABALHADORES E TECNICOS DE SERVIÇOS DO MUNICIPIO DE OEIRAS E DE ENTIDADES PUBLICAS E SOCIAIS DA AREA METROPOLITANA DE LISBOA - STMO;Acordo de empresa;Concelhia;2018;2023;4;2;1.607.1 1.607.2
6615;ACORDO DE EMPRESA ENTRE A UNIVERSIDADE DE AVEIRO E O SINDICATO DOS PROFESSORES DA REGIAO CENTRO (SPRC) E OUTROS;Acordo de empresa;Nacional;2018;2018;3;3;1.324.2 1.405.1 1.411.0
6616;ACORDO DE EMPRESA ENTRE A UNIVERSIDADE DE AVEIRO E O SINDICATO DOS QUADROS TECNICOS DO ESTADO E ENTIDADES COM FINS PUBLICOS - STE;Acordo de empresa;Nacional;2018;2018;1;1;1.331.1
6617;ACORDO DE EMPRESA ENTRE A UNIVERSIDADE DE AVEIRO E O SINDICATO NACIONAL DO ENSINO SUPERIOR;Acordo de empresa;Nacional;2018;2018;1;1;1.463.0
6618;ACORDO DE EMPRESA ENTRE A ASSOCIAÇAO PARA O JARDIM DE INFANCIA O BALOIÇO E O SINDICATO DOS TRABALHADORES DA ADMINISTRAÇAO PUBLICA E ENTIDADES COM FINS PUBLICOS - SINTAP;Acordo de empresa;Distrital;2018;2021;3;1;1.363.1
6619;CONTRATO COLETIVO ENTRE A ASSOCIAÇAO NACIONAL DOS CENTROS DE ABATE E INDUSTRIAS TRANSFORMADORAS DE CARNE DE AVES - ANCAVE E O SINDICATO NACIONAL DOS TRABALHADORES DA AGRICULTURA, FLORESTA, PESCA, TURISMO, INDUSTRIA ALIMENTAR, BEBIDAS E AFINS - SETAAB;Contrato coletivo de trabalho;Nacional;2018;2020;6;2;1.631.0 5.278.1
6620;CONTRATO COLETIVO ENTRE A GROQUIFAR - ASSOCIAÇAO DE GROSSISTAS DE PRODUTOS QUIMICOS E FARMACEUTICOS E A FEDERAÇAO INTERSINDICAL DAS INDUSTRIAS METALURGICAS, QUIMICAS, ELECTRICAS, FARMACEUTICA, CELULOSE, PAPEL, GRAFICA, IMPRENSA, ENERGIA E MINAS - FIEQUIMETAL (CONTROLO DE PRAGAS) - REV.GLOBAL;Contrato coletivo de trabalho;Nacional;2018;2019;4;2;2.48.1 5.136.0
6621;ACORDO DE EMPRESA ENTRE A CAIMA - INDUSTRIA DE CELULOSE, SA E A FIEQUIMETAL - FEDERAÇAO INTERSINDICAL DAS INDUSTRIAS METALURGICAS, QUIMICAS, ELETRICAS, FARMACEUTICA, CELULOSE, PAPEL, GRAFICA, IMPRENSA, ENERGIA E MINAS E OUTRAS - REV.GLOBAL;Acordo de empresa;Nacional;2018;2018;6;6;1.143.1 1.518.0 2.46.0 2.48.1 2.50.0 2.58.0
6622;ACORDO DE EMPRESA ENTRE O CICCOPN - CENTRO DE FORMAÇAO PROFISSIONAL DA INDUSTRIA DA CONSTRUÇAO CIVIL E OBRAS PUBLICAS DO NORTE E O STFPSN - SINDICATO DOS TRABALHADORES EM FUNÇOES PUBLICAS E SOCIAIS DO NORTE E OUTRO  - REVISAO GLOBAL;Acordo de empresa;Nacional;2018;2018;2;2;1.313.2 2.25.2
6623;CONTRATO COLETIVO ENTRE A CONFEDERAÇAO DOS AGRICULTORES DE PORTUGAL - CAP E O SINDICATO NACIONAL DOS TRABALHADORES DA AGRICULTURA, FLORESTA, PESCA, TURISMO, INDUSTRIA ALIMENTAR, BEBIDAS E AFINS - SETAAB;Contrato coletivo de trabalho;Continente;2018;2020;6;2;1.631.0 8.3.0
6625;CONTRATO COLETIVO ENTRE A ASSOCIAÇAO COMERCIAL, INDUSTRIAL E SERVIÇOS DO DISTRITO DE PORTALEGRE - ACISDP E O SINDICATO DOS TRABALHADORES E TECNICOS DE SERVIÇOS, COMERCIO, RESTAURAÇAO E TURISMO - SITESE E OUTRO - REVISAO GLOBAL;Contrato coletivo de trabalho;Distrital;2018;2018;3;3;1.218.5 1.518.0 5.227.2
6626;ACORDO DE EMPRESA ENTRE A A.S. - EMPRESA DE AGUAS DE SANTAREM, EM,S.A. E O STAL - SINDICATO NACIONAL DOS TRABALHADORES DA ADMINISTRAÇAO LOCAL E REGIONAL, EMPRESAS PUBLICAS, CONCESSIONARIAS E AFINS - 1ª CONVENÇAO;Acordo de empresa;Distrital;2018;2018;1;1;1.306.1
6627;ACORDO DE EMPRESA ENTRE A MUTUA DOS PESCADORES - MUTUA DE SEGUROS, CRL E O SINDICATO NACIONAL DOS PROFISSIONAIS DE SEGUROS E AFINS (SINAPSA) - 1ª. CONVENÇAO;Acordo de empresa;Nacional;2018;2022;4;1;1.187.1
6628;CONTRATO COLETIVO ENTRE A ASSOCIAÇAO PORTUGUESA DE FABRICANTES DE PAPEL E CARTAO ( FAPEL) E A FEDERAÇAO DE SINDICATOS DA INDUSTRIA, ENERGIA E TRANSPORTES - COFESINT E OUTRA - REVISAO GLOBAL;Contrato coletivo de trabalho;Nacional;2018;2020;9;4;2.47.0 4.9.1 4.9.2 5.282.1
6629;ACORDO DE EMPRESA ENTRE A PARMALAT PORTUGAL - PRODUTOS ALIMENTARES, LDA E O SINDICATO NACIONAL DOS TRABALHADORES DA AGRICULTURA, FLORESTA, PESCA, TURISMO, INDUSTRIA ALIMENTAR, BEBIDAS E AFINS - SETAAB - 1ª. CONVENÇAO;Acordo de empresa;Distrital;2018;2020;3;1;1.631.0
6630;ACORDO DE EMPRESA ENTRE A PONTO SEGURO - MEDIAÇAO DE SEGUROS,LDA E O SIDICATO NACIONAL DOS PROFISSIONAIS DE SEGUROS E AFINS (SINAPSA);Acordo de empresa;Nacional;2018;2022;4;1;1.187.1
6631;ACORDO DE EMPRESA ENTRE A VIKING CRUISES PORTUGAL, SA E A FESMAR - FEDERAÇAO DE SINDICATOS DOS TRABALHADORES DO MAR - REVISAO GLOBAL;Acordo de empresa;Nacional;2018;2026;9;1;2.36.0
6632;CONTRATO COLETIVO ENTRE A ASSOCIAÇAO NACIONAL DOS INDUSTRIAIS DE LACTICINIOS (ANIL) E OUTRAS E O SINDICATO DAS INDUSTRIAS METALURGICAS E AFINS - SIMA -  REVISAO GLOBAL;Contrato coletivo de trabalho;Nacional;2018;2026;16;3;1.346.0 5.44.1 5.44.2
6633;CONTRATO COLETIVO ENTRE A ASSOCIAÇAO PORTUGUESA DE FABRICANTES DE PAPEL E CARTAO (FAPEL) E A FEDERAÇAO DOS SINDICATOS DA INDUSTRIA E SERVIÇOS - FETESE - REVISAO GLOBAL;Contrato coletivo de trabalho;Nacional;2018;2020;6;2;2.26.4 5.282.1
6634;ACORDO COLETIVO ENTRE A AGEAS PORTUGAL - COMPANHIA DE SEGUROS DE VIDA, SA E OUTRAS E O SINDICATO NACIONAL DOS PROFISSIONAIS DE SEGURO E AFINS - SINAPSA E OUTRO - ALTERAÇÃO SALARIAL E OUTRAS;Acordo coletivo de trabalho;Nacional;2018;2026;18;4;1.187.0 1.187.1 1.454.0 1.85.3
6635;CONTRATO COLETIVO ENTRE A APHORT - ASSOCIAÇAO PORTUGUESA DE HOTELARIA, RESTAURAÇAO E TURISMO E A FESAHT - FEDERAÇAO DOS SINDICATOS DA AGRICULTURA, ALIMENTAÇAO, BEBIDAS, HOTELARIA E TURISMO DE PORTUGAL - REVISAO GLOBAL;Contrato coletivo de trabalho;Nacional;2018;2024;6;2;2.58.0 5.578.1
6636;ACORDO COLETIVO ENTRE A LACTICOOP - UNIAO DAS COOPERATIVAS DE PRODUTORES DE LEITE DE ENTRE DOURO E MONDEGO, URCL E OUTRA E O SINDICATO NACIONAL DOS TRABALHADORES DA AGRICULTURA, FLORESTA, PESCA, TURISMO, INDUSTRIA ALIMENTAR, BEBIDAS E AFINS - SETAAB;Acordo coletivo de trabalho;Nacional;2018;2019;2;1;1.631.0
6637;ACORDO COLETIVO ENTRE O CENTRO HOSPITALAR BARREIRO MONTIGO, EPE E OUTROS E A FEDERAÇAO NACIONAL DOS SINDICATOS DOS TRABALHADORES EM FUNÇOES PUBLICAS E SOCIAIS - FNSTFPS;Acordo coletivo de trabalho;Continente;2018;2018;1;1;2.25.2
6638;ACORDO COLETIVO ENTRE O CENTRO HOSPITALAR BARREIRO MONTIGO, EPE E OUTROS E O SINDICATO DOS TRABALHADORES DA ADMINISTRAÇAO PUBLICA E DE ENTIDADES COM FINS PUBLICOS - SINTAP E OUTROS;Acordo coletivo de trabalho;Continente;2018;2018;4;4;1.331.1 1.363.1 1.483.0 1.632.0
6639;ACORDO COLETIVO ENTRE O CENTRO HOSPITALAR BARREIRO MONTIJO, EPE E O SINDICATO NACIONAL DOS TECNICOS SUPERIORES DE SAUDE DAS AREAS DE DIAGNOSTICO E TERAPEUTICA E OUTROS;Acordo coletivo de trabalho;Continente;2018;2018;4;4;1.273.3 1.363.1 1.368.2 1.514.0
6640;ACORDO COLETIVO ENTRE O CENTRO HOSPITALAR DO ALGARVE, EPE E OUTROS E A ASOCIAÇAO SINDICAL PORTUGUESA DOS ENFERMEIROS - ASPE ( INSTRUMENTO PARCELAR E TRANSITORIO APLICAVEL AOS TRABALHADORES ENFERMEIROS EM REGIME DE CONTRATO DE TRABALHO - PROCEDIMENTO CONCURSAL E OUTRAS;Acordo coletivo de trabalho;Continente;2018;2018;1;1;1.629.0
6641;CONTRATO COLETIVO ENTRE A ASSOCIAÇAO DO COMERCIO E SERVIÇOS DA REGIAO DO ALGARVE - ACRAL E O SITESE - SINDICATO DOS TRABALHADORES E TECNICOS DE SERVIÇOS, COMERCIO,RESTAURAÇAO E TURISMO - REVISAO GLOBAL;Contrato coletivo de trabalho;Distrital;2018;2018;2;2;1.218.5 5.334.2
6642;ACORDO DE EMPRESA ENTRE A SANTA CASA DA MISERICORDIA DE LISBOA E O SINDICATO INDEPENDENTE DOS MEDICOS - SIM E OUTRO;Acordo de empresa;Distrital;2018;2018;2;2;1.291.1 1.365.0
6643;CONTRATO COLETIVO ENTRE A ADCP - ASSOCIAÇAO DAS ADEGAS COOPERATIVAS DE PORTUGAL E O SINDICATO NACIONAL DOS TRABALHADORES DA AGRICULTURA, FLORESTA, PESCA, TURISMO, INDUSTRIA ALIMENTAR, BEBIDAS E AFINS - SETAAB;Contrato coletivo de trabalho;Nacional;2018;2020;6;2;1.631.0 5.601.0
6644;ACORDO DE EMPRESA ENTRE A MEDWAY - OPERADOR FERROVIARIO E LOGISTICO DE MERCADORIAS, SA E A ASSOCIAÇAO SINDICAL DAS CHEFIAS INTERMEDIAS DE EXPLORAÇAO FERROVIARIA - ASCEF E OUTROS;Acordo de empresa;Nacional;2018;2022;25;13;1.338.3 1.367.2 1.396.2 1.397.1 1.436.1 1.474.0 1.478.2 1.511.1 1.515.0 1.525.0 1.536.0 1.544.0 1.569.0
6645;ACORDO DE EMPRESA ENTRE A COMPANHIA CARRIS DE FERRO DE LISBOA, EM, SA E O SINDICATO DOS TRABALHADORES DOS TRANSPORTES - SITRA - REVISAO GLOBAL;Acordo de empresa;Distrital;2018;2022;5;1;1.104.3
6646;ACORDO DE EMPRESA ENTRE A COMPANHIA CARRIS DE FERRO LISBOA, EM,SA E O SINDICATO NACIONAL DOS MOTORISTAS - REVISAO GLOBAL;Acordo de empresa;Distrital;2018;2021;4;1;1.427.0
6647;CONTRATO COLETIVO ENTRE A ASSOCIAÇAO DE AGRICULTORES DO BAIXO ALENTEJO E O SINDICATO NACIONAL DOS TRABALHADORES DA AGRICULTURA, FLORESTA, PESCA, TURISMO, INDUSTRIA ALIMENTAR, BEBIDAS E AFINS - SETAAB.;Contrato coletivo de trabalho;Distrital;2018;2019;4;2;1.631.0 5.321.0
6648;CONTRATO COLETIVO ENTRE A ANEFA - ASSOCIAÇAO NACIONAL DE EMPRESAS FLORESTAIS, AGRICOLAS E DO AMBIENTE E O SINDICATO NACIONAL DOS TRABALHADORES DA AGRICULTURA, FLORESTA, PESCA, TURISMO, INDUSTRIA ALIMENTAR, BEBIDAS E AFINS - SETAAB;Contrato coletivo de trabalho;Nacional;2018;2018;2;2;1.631.0 5.425.1
6649;ACORDO COLETIVO ENTRE A ASSOCIAÇAO DE REGANTES E BENEFICIARIOS DO VALE DO SORRAIA E OUTRAS E O SINDICATO NACIONAL DOS TRABALHADORES DA AGRICULTURA, FLORESTA, PESCA, TURISMO, INDUSTRIA ALIMENTAR, BEBIDAS E AFINS - SETAAB;Acordo coletivo de trabalho;Nacional;2018;2020;3;1;1.631.0
6650;CONTRATO COLETIVO ENTRE A ASSOCIAÇAO DOS AGRICULTORES DO RIBATEJO - ORGANIZAÇAO DE EMPREGADORES DOS DISTRITOS DE SANTAREM, LISBOA E LEIRIA E O SINDICATO NACIONAL DOS TRABALHADORES DA AGRICULTURA, FLORESTA, PESCA, TURISMO, INDUSTRIA ALIMENTAR, BEBIDAS E AFINS - SETAAB;Contrato coletivo de trabalho;Distrital;2018;2020;6;2;1.631.0 5.302.1
6651;CONTRATO COLETIVO ENTRE A ASSOCIAÇAO DAS EMPRESAS DE VINHO DO PORTO (AEVP) E A FESAHT - FEDERAÇAO DOS SINDICATOS DA AGRICULTURA, ALIMENTAÇAO, BEBIDAS, HOTELARIA E TURISMO DE PORTUGAL (ADMINISTRATIVOS) - REVISAO GLOBAL;Contrato coletivo de trabalho;Nacional;2018;2026;11;3;2.58.0 5.42.0 5.42.1
6652;CONTRATO COLETIVO ENTRE A ASSOCIAÇAO DAS EMPRESAS DE VINHO DO PORTO (AEVP) E A FESAHT - FEDERAÇAO DOS SINDICATOS DA AGRICULTURA, ALIMENTAÇAO, BEBIDAS, HOTELARIA E TURISMO DE PORTUGAL ( ARMAZENS) - REVISAO GLOBAL;Contrato coletivo de trabalho;Nacional;2018;2026;12;3;2.58.0 5.42.0 5.42.1
6653;CONTRATO COLETIVO ENTRE A ASSOCIAÇAO PORTUGUESA DA INDUSTRIA DE OURIVESARIA - APIO E A FEDERAÇAO INTERSINDICAL DAS INDUSTRIAS METALURGICAS, QUIMICAS, ELECTRICAS, FARMACEUTICA, CELULOSE, PAPEL, GRAFICA, IMPRENSA, ENERGIA E MINAS - FIEQUIMETAL - REVISAO GLOBAL;Contrato coletivo de trabalho;Nacional;2018;2020;6;2;2.48.1 5.64.1
6654;ACORDO COLETIVO ENTRE A COOPERATIVA AGRICOLA DA TOCHA, CRL E OUTRAS E O SINDICATO NACIONAL DOS TRABALHADORES DA AGRICULTURA, FLORESTA, PESCA, TURISMO, INDUSTRIA ALIMENTAR, BEBIDAS E AFINS - SETAAB E OUTRO;Acordo coletivo de trabalho;Nacional;2018;2018;2;2;1.222.3 1.631.0
6655;ACORDO COLETIVO ENTRE A MEO - SERVIÇOS DE COMUNICAÇOES, SA E OUTRAS E O SINDICATO NACIONAL DOS TRABALHADORES DAS TELECOMUNICAÇOES E AUDIOVISUAL - SINTTAV E OUTROS;Acordo coletivo de trabalho;Nacional;2018;2018;14;14;1.119.1 1.218.5 1.224.0 1.236.1 1.248.4 1.296.4 1.385.3 1.433.1 1.451.0 1.47.0 1.504.0 1.516.2 1.536.0 2.47.0
6656;ACORDO DE EMPRESA ENTRE A COMPANHIA CARRIS DE FERRO DE LISBOA, E.M.,SA E O SINDICATO DOS TRABALHADORES E TECNICOS DE SERVIÇOS, COMERCIO, RESTAURAÇAO E TURISMO - SITESE - REVISAO GLOBAL;Acordo de empresa;Concelhia;2018;2022;3;3;1.218.5 1.218.6 2.26.4
6657;ACORDO COLETIVO ENTRE A BP PORTUGAL - COMERCIO DE COMBUSTIVEIS E LUBRIFICANTES, SA E OUTRAS E A FEDERAÇAO DE SINDICATOS DA INDUSTRIA, ENERGIA E TRANSPORTES - COFESINT E OUTRA - REVISAO GLOBAL;Acordo coletivo de trabalho;Nacional;2018;2021;6;2;2.47.0 4.9.2
6658;ACORDO DE EMPRESA ENTRE A FONT SALEM PORTUGAL, SA E A FESAHT - FEDERAÇAO DOS SINDICATOS DA AGRICULTURA, ALIMENTAÇAO, BEBIDAS, HOTELARIA E TURISMO DE PORTUGAL - REVISAO GLOBAL;Acordo de empresa;Distrital;2018;2018;1;1;2.58.0
6659;ACORDO DE EMPRESA ENTRE A AUTOESTRADA DO ALGARVE - VIA DO INFANTE - SOCIEDADE CONCESSIONARIA - AAVI, SA E O CESP - SINDICATO DOS TRABALHADORES DO COMERCIO, ESCRITORIOS E SERVIÇOS DE PORTUGAL;Acordo de empresa;Nacional;2018;2020;3;1;1.518.0
6660;ACORDO DE EMPRESA ENTRE A SANTA CASA DA MISERICORDIA DE ALVOR E O SINDICATO DOS TRABALHADORES DA ADMINISTRAÇAO PUBLICA E DE ENTIDADES COM FINS PUBLICOS - SINTAP;Acordo de empresa;Concelhia;2018;2018;1;1;1.363.1
6661;CONTRATO COLETIVO ENTRE A ASSOCIAÇAO NACIONAL DE TRANSPORTES PUBLICOS RODOVIARIOS DE MERCADORIAS - ANTRAM E A FEDERAÇAO DOS SINDICATOS DE TRANSPORTES E COMUNICAÇOES -FECTRANS - REVISAO GLOBAL;Contrato coletivo de trabalho;Nacional;2018;2018;2;2;2.50.0 5.15.0
6662;ACORDO DE EMPRESA ENTRE A COMPANHIA CARRIS DE FERRO DE LISBOA, EM S.A. E A ASSOCIAÇAO SINDICAL DO PESSOAL DE TRAFEGO (ASPTC) - REVISAO GLOBAL;Acordo de empresa;Concelhia;2018;2022;5;3;1.522.1 1.522.2 1.522.3
6663;ACORDO DE EMPRESA ENTRE A SVITZER PORTUGAL - REBOQUES MARITIMOS, S.A. E O SINDICATO DA MARINHA MERCANTE, INDUSTRIAS E ENERGIA - SITEMAQ - REVISAO GLOBAL;Acordo de empresa;Nacional;2018;2023;2;1;1.5.6
6664;CONTRATO COLETIVO ENTRE A APIMPRENSA - ASSOCIAÇAO PORTUGUESA DE IMPRENSA E A FEDERAÇAO INTERSINDICAL DAS INDUSTRIAS METALURGICAS, QUIMICAS, ELECTRICAS, FARMACEUTICA, CELULOSE, PAPEL, GRAFICA, IMPRENSA, ENERGIA E MINAS - FIEQUIMETAL E OUTRAS - REVISAO GLOBAL;Contrato coletivo de trabalho;Nacional;2018;2018;4;4;1.143.2 2.48.1 2.50.0 5.139.2
6665;ACORDO COLETIVO ENTRE A BP PORTUGAL - COMERCIO DE COMBUSTIVEIS E LUBRIFICANTES,SA E OUTRAS E A FEDERAÇAO INTERSINDICAL DAS INDUSTRIAS METALURGICAS, QUIMICAS, ELECTRICAS, FARMACEUTICA, CELULOSE, PAPEL, GRAFICA, IMPRENSA, ENERGIA E MINAS - FIEQUIMETAL E OUTROS - REVISAO GLOBAL;Acordo coletivo de trabalho;Nacional;2018;2019;16;8;1.129.1 1.143.2 1.296.4 1.31.2 1.379.0 1.8.2 2.48.1 2.50.0
6666;ACORDO COLETIVO ENTRE A BP PORTUGAL - COMERCIO DE COMBUSTIVEIS E LUBRIFICANTES, SA E OUTRAS E O SINDICATO DOS TRABALHADORES E TECNICOS DE SERVIÇOS, COMERCIO, RESTAURAÇAO E TURISMO - SITESE - REVISAO GLOBAL;Acordo coletivo de trabalho;Nacional;2018;2018;1;1;1.218.5
6667;CONTRATO COLETIVO ENTRE A APROSE - ASSOCIAÇAO NACIONAL DE AGENTES E CORRETORES DE SEGUROS E O SINDICATO DOS TRABALHADORES DA ACTIVIDADE SEGURADORA (STAS) E OUTROS - ALTERAÇAO SALARIAL E OUTRAS;Contrato coletivo de trabalho;Nacional;2018;2026;19;4;1.187.1 1.454.0 1.85.3 5.273.3
6668;ACORDO COLETIVO ENTRE A AGUAS DO NORTE, SA E OUTRAS E O SINDEL - SINDICATO NACIONAL DA INDUSTRIA E DA ENERGIA E OUTRO;Acordo coletivo de trabalho;Nacional;2018;2026;9;2;1.361.2 1.363.1
6669;ACORDO COLETIVO ENTRE  A AGUAS DO NORTE, S.A. E OUTRAS E O STAL - SINDICATO NACIONAL DOS TRABALHADORES DA ADMINISTRAÇAO LOCAL E REGIONAL, EMPRESAS PUBLICAS, CONCESSIONARIAS E AFINS E OUTRA;Acordo coletivo de trabalho;Nacional;2018;2026;10;2;1.306.1 2.48.1
6670;ACORDO DE EMPRESA ENTRE O GRUPO PESTANA POUSADAS - INVESTIMENTOS TURISTICOS, SA E A FESAHT - FEDERAÇAO DOS SINDICATOS DA AGRICULTURA, ALIMENTAÇAO, BEBIDAS, HOTELARIA E TURISMO DE PORTUGAL;Acordo de empresa;Continente;2018;2025;5;1;2.58.0
6671;ACORDO COLETIVO ENTRE O CENTRO HOSPITALAR BARREIRO MONTIJO, EPE E OUTROS E O SINDICATO NACIONAL DOS FARMACÊUTICOS E OUTROS;Acordo coletivo de trabalho;Continente;2018;2018;3;3;1.216.1 1.331.1 1.363.1
6672;ACORDO DE EMPRESA ENTRE A GEBERIT PRODUÇAO, S.A. E A ASSOCIAÇAO SINDICAL DOS TRABALHADORES DA EUROCER - ASTE;Acordo de empresa;Concelhia;2018;2020;2;1;1.610.0
6673;ACORDO DE EMPRESA ENTRE A CARAVELA - COMPANHIA DE SEGUROS, SA E O SINDICATO DOS TRABALHADORES DA ACTIVIDADE SEGURADORA (STAS) E OUTRO - REVISÃO GLOBAL;Acordo de empresa;Nacional;2018;2021;4;2;1.454.0 1.85.3
6674;AC. COLETIVO ENTRE A LACTICOOP-UNIAO DAS COOP. DE PRODUTORES DE LEITE DE ENTRE DOURO E MONDEGO, UCRL. E OUTRA E O SINDICATO DOS PROFI. DE LACTICINIOS, ALIMENTAÇAO, AGRICULTURA, ESCRITORIOS, COMER., SERVIÇOS, TRANSP. RODOVIARIOS, METALOMECANICA, METALURGIA, CONST. CIVIL E MADEIRAS E OUTRO-REV. GLOBAL;Acordo coletivo de trabalho;Nacional;2018;2023;6;2;1.138.1 1.565.0
6675;ACORDO DE EMPRESA ENTRE A EMPRESA METROPOLITANA DE ESTACIONAMENTO DA MAIA, E.M. E O SINDICATO DOS TRABALHADORES DA ADMINISTRAÇÃO PÚBLICA E DE ENTIDADES COM FINS PÚBLICOS - SINTAP;Acordo de empresa;Concelhia;2018;2018;1;1;1.363.1
6676;CONTRATO COLETIVO ENTRE A APHORT - ASSOCIAÇAO PORTUGUESA DE HOTELARIA, RESTAURAÇAO E TURISMO E O SINDICATO DOS TRABALHADORES E TECNICOS DE SERVIÇOS, COMERCIO, RESTAURAÇAO E TURISMO - SITESE - REVISAO GLOBAL;Contrato coletivo de trabalho;Nacional;2018;2025;12;3;1.218.5 1.218.6 5.578.1
6677;ACORDO DE EMPRESA ENTRE A PORTUGALIA - COMPANHIA PORTUGUESA DE TRANSPORTES AÉREOS, SA E O SINDICATO INDEPENDENTE DE PILOTOS DE LINHAS AEREAS - SIPLA;Acordo de empresa;Nacional;2018;2022;10;1;1.628.1
6678;CONTRATO COLETIVO ENTRE A ANF - ASSOCIAÇAO NACIONAL DAS FARMACIAS E  O SINPROFARM - SINDICATO NACIONAL DOS PROFISSIONAIS DE FARMACIA - REVISAO GLOBAL;Contrato coletivo de trabalho;Nacional;2018;2025;14;2;1.229.1 5.100.1
6679;ACORDO DE EMPRESA ENTRE O BANCO DE PORTUGAL E O SBC - SINDICATO NACIONAL DOS TRABALHADORES DA BANCA, SEGUROS E TECNOLOGIAS E OUTROS - ALTERAÇÃO SALARIAL E OUTRAS;Acordo de empresa;Nacional;2018;2025;4;4;1.110.1 1.209.1 1.57.1 2.51.0
6680;ACORDO DE EMPRESA ENTRE O BANCO DE PORTUGAL E O SINDICATO NACIONAL DOS QUADROS E TÉCNICOS BANCÁRIOS E OUTRO - REVISÃO GLOBAL;Acordo de empresa;Nacional;2018;2026;4;2;1.417.0 1.524.0
6682;CONTRATO COLETIVO ENTRE A CONFEDERAÇAO NACIONAL DA EDUCAÇAO E FORMAÇAO (CNEF) E SINDICATO DOS EDUCADORES E PROFESSORES LICENCIADOS PELAS ESCOLAS SUPERIORES DE EDUCAÇAO E UNIVERSIDADES - SEPLEU;Contrato coletivo de trabalho;Nacional;2019;2019;2;2;1.509.0 8.11.0
6683;CONTRATO COLETIVO ENTRE A CONFEDERAÇÃO NACIONAL DA EDUCAÇÃO E FORMAÇÃO (CNEF) E O SIPE - SINDICATO INDEPENDENTE DE PROFESSORES E EDUCADORES;Contrato coletivo de trabalho;Nacional;2019;2024;6;2;1.551.0 8.11.0
6684;ACORDO COLETIVO ENTRE A FIDELIDADE-COMPANHIA DE SEGUROS, S.A. E OUTRAS E O SINDICATO NACIONAL DOS PROFISSIONAIS DE SEGUROS E AFINS(SINAPSA) E OUTROS;Acordo coletivo de trabalho;Nacional;2019;2025;10;3;1.187.1 1.454.0 1.85.3
6685;ACORDO DE EMPRESA ENTRE A SEGURADORAS UNIDAS, S.A. E O SINDICATO NACIONAL DOS PROFISSIONAIS DE SEGUROS E AFINS (SINAPSA) E OUTROS;Acordo de empresa;Nacional;2019;2019;3;3;1.187.1 1.454.0 1.85.3
6686;ACORDO DE EMPRESA ENTRE A BMO PORTUGAL - GESTÃO DE PATRIMÓNIOS, SA E O SINDICATO NACIONAL DOS QUADROS E TÉCNICOS BANCÁRIOS E OUTRO  - REVISÃO GLOBAL;Acordo de empresa;Nacional;2019;2019;2;2;1.417.0 1.524.0
6687;ACORDO DE EMPRESA ENTRE A IBERLIM - SOCIEDADE TÉCNICA DE LIMPEZAS, SA E O SINDICATO DOS TRABALHADORES DE SERVIÇOS DE PORTARIA, VIGULÂNCIA, LIMPEZA, DOMÉSTICAS E ACTIVIDADES DIVERSAS - STAD  (ATIVIDADE DE LIMPEZA EM AERONAVES);Acordo de empresa;Nacional;2019;2019;1;1;1.152.2
6688;ACORDO DE EMPRESA ENTRE A IBERLIM - SOCIEDADE TÉCNICA DE LIMPEZAS, SA E O SINDICATO DOS TRABALHADORES DE SERVIÇOS DE PORTARIA, VIGILÂNCIA, LIMPEZAS, DOMÉSTICAS E ACTIVIDADES DIVERSAS - STAD (ATIVIDADE DE LIMPEZA EM HOSPITAIS);Acordo de empresa;Nacional;2019;2019;1;1;1.152.2
6689;CONTRATO COLETIVO ENTRE A ASSOCIAÇAO DAS EMPRESAS DE VINHO DO PORTO (AEVP) E O SINDICATO NACIONAL DOS TRABALHADORES DA INDUSTRIA E COMERCIO DA ALIMENTAÇAO, BEBIDAS E AFINS (SINTICABA);Contrato coletivo de trabalho;Nacional;2019;2026;12;2;1.131.4 5.42.1
6690;ACORDO DE EMPRESA ENTRE A FUNDAÇAO INATEL E A FESAHT-FEDERAÇAO DOS SINDICATOS DA AGRICULTURA, ALIMENTAÇAO, BEBIDAS, HOTELARIA E TURISMO DE PORTUGAL E OUTROS;Acordo de empresa;Nacional;2019;2026;7;3;1.627.0 2.58.0 2.6.4
6691;ACORDO DE EMPRESA ENTRE A FUNDAÇÃO INATEL E O SINDICATO DOS TRABALHADORES DA ADMINISTRAÇÃO PÚBLICA E DE ENTIDADES COM FINS PÚBLICOS - SINTAP;Acordo de empresa;Nacional;2019;2026;4;1;1.363.1
6692;ACORDO DE EMPRESA ENTRE A FUNDAÇÃO INATEL E O SINDICATO DOS TRABALHADORES E TÉCNICOS DE SERVIÇOS, COMÉRCIO, RESTAURAÇÃO E TURISMO - SITESE;Acordo de empresa;Nacional;2019;2026;4;2;1.218.5 1.218.6
6693;ACORDO DE EMPRESA ENTRE A PEFACO PORTUGAL, SA E A FESAHT - FEDERAÇÃO DOS SINDICATOS DA AGRICULTURA, ALIMENTAÇÃO, BEBIDAS, HOTELARIA E TURISMO DE PORTUGAL;Acordo de empresa;Concelhia;2019;2019;1;1;2.58.0
6694;ACORDO DE EMPRESA ENTRE A LOURES PARQUE EMPRESA MUNICIPAL DE ESTACIONAMENTO, E.M. UNIPESSOAL, LDA. E O STAL - SINDICATO NACIONAL DOS TRABALHADORES DA ADMINISTRAÇAO LOCAL E REGIONAL, EMPRESAS PUBLICAS, CONCESSIONARIAS E AFINS;Acordo de empresa;Concelhia;2019;2020;2;1;1.306.1
6695;ACORDO DE EMPRESA ENTRE A EUROPA&C. EMBALAGEM, S.A. E A FEDERAÇAO INTERSINDICAL DAS INDUSTRIAS METALURGICAS, QUIMICAS, ELETRICAS, FARMACEUTICA, CELULOSE, PAPEL, GRAFICA, IMPRENSA, ENERGIA E MINAS - FIEQUIMETAL E OUTRAS;Acordo de empresa;Nacional;2019;2026;19;9;1.143.2 1.31.2 2.40.1 2.46.0 2.48.0 2.48.1 2.50.0 2.58.0 2.6.4
6696;CONTRATO COLETIVO ENTRE A ASSOCIAÇÃO PORTUGUESA DE ESCOLAS DE CONDUÇÃO - APEC E A FEDERAÇÃO DOS SINDICATOS DE TRANSPORTES E COMUNICAÇÕES - FECTRANS - REVISÃO GLOBAL;Contrato coletivo de trabalho;Nacional;2019;2019;2;2;2.50.0 5.463.0
6697;ACORDO COLETIVO ENTRE A OPERFOZ - OPERADOR DO PORTO DA FIGUEIRA DA FOZ E OUTRAS E O SINDICATO DOS TRABALHADORES PORTUÁRIOS DA FIGUEIRA DA FOZ (SINPORFOZ);Acordo coletivo de trabalho;Concelhia;2019;2026;4;1;1.643.0
6698;ACORDO DE EMPRESA ENTRE A ASSOCIAÇÃO PARA O ENSINO BENTO DE JESUS CARAÇA E A FEDERAÇÃO NACIONAL DOS PROFESSORES - FENPROF E OUTROS;Acordo de empresa;Nacional;2019;2019;3;3;1.122.1 1.518.0 2.33.0
6699;CONTRATO COLETIVO ENTRE A ASSOCIAÇÃO NACIONAL DOS INDUSTRIAIS DE LACTICÍNIOS (ANIL) E OUTRAS E O SINDICATO NACIONAL DOS TRABALHADORES DA AGRICULTURA, FLORESTA, PESCA, TURISMO, INDÚSTRIA ALIMENTAR, BEBIDAS E AFINS - SETAAB;Contrato coletivo de trabalho;Nacional;2019;2025;10;3;1.631.0 5.44.1 5.44.2
6700;CONTRATO COLETIVO ENTRE A ASSOCIAÇAO DO COMERCIO, INDUSTRIA, SERVIÇOS E TURISMO DO DISTRITO DE SETUBAL E OUTRA E O CESP-SINDICATO DOS TRABALHADORES DO COMERCIO, ESCRITORIOS E SERVIÇOS DE PORTUGAL E OUTROS - REVISÃO GLOBAL;Contrato coletivo de trabalho;Distrital;2019;2025;19;6;1.504.0 1.518.0 1.565.0 5.231.3 5.234.1 5.234.2
6701;CONTRATO COLETIVO ENTRE A ANIECA - ASSOCIAÇÃO NACIONAL DE ESCOLAS DE CONDUÇÃO AUTOMÓVEL E A FEDERAÇÃO DOS SINDICATOS DE TRANSPORTES E COMUNICAÇÕES - FECTRANS;Contrato coletivo de trabalho;Nacional;2019;2019;2;2;2.50.0 5.34.0
6702;ACORDO COLETIVO ENTRE A GENERALI - COMPANHIA DE SEGUROS, S.A. E OUTRO E O SINDICATO NACIONAL DOS PROFISSIONAIS DE SEGUROS E AFINS (SINAPSA) E OUTROS;Acordo coletivo de trabalho;Nacional;2019;2019;3;3;1.187.1 1.454.0 1.85.3
6703;CONTRATO COLETIVO ENTRE A ASSOCIAÇAO DOS DISTRIBUIDORES DE PRODUTOS ALIMENTARES - ADIPA E O SINDICATO DOS TRABALHADORES E TECNICOS DE SERVIÇOS, COMERCIO, RESTAURAÇAO E TURISMO - SITESE - REVISÃO GLOBAL;Contrato coletivo de trabalho;Nacional;2019;2025;14;3;1.218.5 1.218.6 5.8.0
6704;ACORDO DE EMPRESA ENTRE A UCS - CUIDADOS INTEGRADOS DE SAÚDE, SA E O SINDICATO DAS INDÚSTRIAS METALÚRGICAS E AFINS - SIMA;Acordo de empresa;Nacional;2019;2024;2;1;1.346.0
6705;CONTRATO COLETIVO ENTRE A ASSOCIAÇÃO DO COMÉRCIO E SERVIÇOS DA REGIÃO DO ALGARVE - ACRAL E O CESP - SINDICATO DOS TRABALHADORES DO COMÉRCIO, ESCRITÓRIOS E SERVIÇOS DE PORTUGAL E OUTROS - REVISÃO GLOBAL;Contrato coletivo de trabalho;Distrital;2019;2022;12;4;1.144.1 1.518.0 1.565.0 5.334.2
6706;CONTRATO COLETIVO ENTRE A ALIF - ASSOCIAÇAO DA INDUSTRIA ALIMENTAR PELO FRIO E O SINDICATO NACIONAL DOS TRABALHADORES DA AGRICULTURA, FLORESTA, PESCA, TURISMO, INDUSTRIA ALIMENTAR, BEBIDAS E AFINS - SETAAB;Contrato coletivo de trabalho;Nacional;2019;2021;6;3;1.631.0 5.241.1 5.241.2
6707;CONTRATO COLETIVO ENTRE A ASSOCIAÇAO DOS INDUSTRIAIS DO ENSINO DA CONDUÇAO AUTOMOVEL DE PORTUGAL - ANORECA E A FEDERAÇAO DOS SINDICATOS DE TRANSPORTES E COMUNICAÇOES - FECTRANS - REVISAO GLOBAL;Contrato coletivo de trabalho;Nacional;2019;2019;2;2;2.50.0 5.476.1
6708;ACORDO COLETIVO ENTRE A ZURICH INSURANCE PLC - SUCURSAL EM PORTUGAL E OUTRA E O SINDICATO NACIONAL DOS PROFISSIONAIS DE SEGUROS E AFINS (SINAPSA) E OUTROS;Acordo coletivo de trabalho;Nacional;2019;2026;13;3;1.187.1 1.454.0 1.85.3
6709;ACORDO DE EMPRESA ENTRE A THE NAVIGATOR COMPANY, SA E A FEDERAÇÃO DOS SINDICATOS DA INDÚSTRIA, ENERGIA E TRANSPORTES - COFESINT E OUTRA - REVISÃO GLOBAL;Acordo de empresa;Nacional;2019;2019;2;2;2.47.0 4.9.2
6710;ACORDO DE EMPRESA ENTRE  A AIG EUROPE, S.A - SUCURSAL EM PORTUGAL E O SINDICATO DOS TRABALHADORES DA ACTIVIDADE SEGURADORA (STAS) E OUTRO;Acordo de empresa;Nacional;2019;2023;4;2;1.454.0 1.85.3
6711;CONTRATO COLETIVO ENTRE A ASSOCIAÇÃO NACIONAL DOS COMERCIANTES E INDUSTRIAIS DE PRODUTOS ALIMENTARES (ANCIPA) E O SINDICATO NACIONAL DOS TRABALHADORES DA AGRICULTURA, FLORESTA, PESCA, TURISMO, INDÚSTRIA ALIMENTAR, BEBIDAS E AFINS - SETAAB ( INDÚSTRIA DE BATATA FRITA, APERITIVOS E SIMILARES);Contrato coletivo de trabalho;Nacional;2019;2021;6;2;1.631.0 5.12.0
6712;CONTRATO COLETIVO ENTRE A ASSOCIAÇAO NACIONAL DE COMERCIANTES E INDUSTRIAIS DE PRODUTOS ALIMENTARES (ANCIPA) E O SINDICATO NACIONAL DOS TRABALHADORES DA AGRICULTURA, FLORESTA, PESCA, TURISMO, INDUSTRIA ALIMENTAR, BEBIDAS E AFINS-SETAAB (INDUSTRIA DE HORTOFRUTICOLAS);Contrato coletivo de trabalho;Nacional;2019;2021;6;2;1.631.0 5.12.0
6713;ACORDO COLETIVO ENTRE A COOPERATIVA AGRICOLA DA TOCHA, C.R.L., E OUTRAS E O SINDICATO NACIONAL DOS TRABALHADORES DA AGRICULTURA, FLORESTA, PESCA, TURISMO, INDUSTRIA ALIMENTAR, BEBIDAS E AFINS-SETAAB E OUTRO - REVISAO GLOBAL;Acordo coletivo de trabalho;Nacional;2019;2019;2;2;1.222.3 1.631.0
6714;ACORDO DE EMPRESA ENTRE A THE NAVIGATOR COMPANY, S.A. E A FEDERAÇAO INTERSINDICAL DAS INDUSTRIAS METALURGICAS, QUIMICAS, ELECTRICAS, FARMACEUTICA, CELULOSE, PAPEL, GRAFICA, IMPRENSA, ENERGIA E MINA -FIEQUIMETAL E OUTROS - REVISAO GLOBAL;Acordo de empresa;Nacional;2019;2022;24;8;1.143.2 1.213.1 1.31.2 2.46.0 2.48.1 2.50.0 2.58.0 2.6.4
6715;CONTRATO CELETIVO ENTRE A GROQUIFAR - ASSOCIAÇAO DE GROSSISTAS DE PRODUTOS QUIMICOS E FARMACEUTICOS E A FEDERAÇAO INTERSINDICAL DAS INDUSTRIAS METALURGICAS, QUIMICAS, ELECTRICAS, FARMACEUTICA, CELULOSE, PAPEL, GRAFICA, IMPRENSA, ENERGIA E MINAS - FIEQUIMETAL - REVISAO GLOBAL;Contrato coletivo de trabalho;Nacional;2019;2022;6;2;2.48.1 5.136.0
6716;ACORDO DE EMPRESA ENTRE A UPS OF PORTUGAL - TRANSPORTES INTERNACIONAIS DE MERCADORIAS, SOCIEDADE UNIPESSOAL, LDA. E O SINDICATO NACIONAL DOS TRABALHADORES DOS CORREIOS E TELECOMUNICAÇOES (SNTCT);Acordo de empresa;Nacional;2019;2024;2;1;1.47.0
6717;ACORDO DE EMPRESA ENTRE A CARRIBUS - MANUTENÇÃO, REPARAÇÃO E TRANSPORTES, SA E OSINDICATO DOS TRABALHADORES DOS TRANSPORTES - SITRA;Acordo de empresa;Distrital;2019;2020;2;1;1.104.3
6718;ACORDO COLETIVO ENTRE A LUSITANIA, COMPANHIA DE SEGUROS, S.A. E OUTRAS E O SINDICATO NACIONAL DOS PROFISSIONAIS DE SEGUROS E AFINS (SINAPSA) E OUTROS;Acordo coletivo de trabalho;Nacional;2019;2024;10;3;1.187.1 1.454.0 1.85.3
6719;ACORDO DE EMPRESA ENTRE O SERVIÇO DE UTILIZAÇÃO COMUM DOS HOSPITAIS (S.U.C.H.) E O SINDICATO DOS TRABALHADORES DA ADMINISTRAÇÃO PÚBLICA E DE ENTIDADES COM FINS PÚBLICOS (SINTAP) - ALTERAÇÃO SALARIAL E OUTRAS;Acordo de empresa;Nacional;2019;2022;15;6;1.363.1 1.385.3 2.20.2 2.48.1 2.50.0 2.58.0
6720;CONTRATO COLETIVO ENTRE A ASSOCIAÇAO NACIONAL DE COMERCIANTES E INDUSTRIAIS DE PRODUTOS ALIMENTARES (ANCIPA) E A FESAHT - FEDERAÇAO DOS SINDICATOS DA AGRICULTURA, ALIMENTAÇAO, BEBIDAS, HOTELARIA E TURISMO DE PORTUGAL E OUTROS (INDUSTRIA DE HORTOFRUTICOLAS) - REVISAO GLOBAL;Contrato coletivo de trabalho;Nacional;2019;2025;29;8;1.31.2 1.548.1 2.46.0 2.48.1 2.50.0 2.58.0 2.6.4 5.12.0
6721;ACORDO COLETIVO ENTRE A INFRAESTRUTURAS DE PORTUGAL, S.A. E OUTRAS E O SINDICATO NACIONAL DOS TRABALHADORES DO SECTOR FERROVIÁRIO E OUTROS - REVISÃO GLOBAL;Acordo coletivo de trabalho;Nacional;2019;2019;21;21;1.143.2 1.218.5 1.224.0 1.286.3 1.296.4 1.331.0 1.338.3 1.363.1 1.367.2 1.396.2 1.436.1 1.474.0 1.478.2 1.511.1 1.525.0 1.536.0 1.544.0 1.569.0 1.577.0 1.608.0 2.47.0
6722;CONTRATO COLETIVO ENTRE A ACIFF - ASSOCIAÇÃO COMERCIAL E INDUSTRIAL DA FIGUEIRA DA FOZ - ASSOCIAÇÃO EMPRESARIAL REGIONAL E O CESP - SINDICATO DOS TRABALHADORES DO COMÉRCIO, ESCRITÓRIOS E SERVIÇOS DE PORTUGAL - REVISÃO GLOBAL;Contrato coletivo de trabalho;Distrital;2019;2024;6;2;1.518.0 5.188.1
6723;ACORDO DE EMPRESA ENTRE A AMBILITAL - INVESTIMENTOS AMBIENTAIS NO ALENTEJO, EIM E O STAL - SINDICATO NACIONAL DOS TRABALHADORES DA ADMINISTRAÇÃO LOCAL E REGIONAL, EMPRESAS PÚBLICAS, CONCESSIOÁRIAS E AFINS;Acordo de empresa;Distrital;2019;2019;1;1;1.306.1
6724;CONTRATO COLETIVO ENTRE A ASSOCIAÇÃO DO COMÉRCIO E SERVIÇOS DA REGIÃO DO ALGARVE - ACRAL E O SINDICATO DOS TRABALHADORES DO SETOR DE SERVIÇOS - SITESE - ALTERAÇÃO SALARIAL E OUTRAS E TEXTO CONSOLIDADO;Contrato coletivo de trabalho;Distrital;2019;2026;10;4;1.218.4 1.218.5 1.218.6 5.334.2
6725;ACORDO DE EMPRESA ENTRE A CAIMA - INDUSTRIA DE CELULOSE, S.A. E O SINDICATO DOS TRABALHADORES E TECNICOS DE SERVIÇOS, COMERCIO, RESTAURAÇAO E TURISMO - SITESE - REVISAO GLOBAL;Acordo de empresa;Nacional;2019;2019;1;1;1.218.5
6726;CONTRATO COLETIVO ENTRE A ASSOCIAÇÃO NACIONAL DAS EMPRESAS DE SEGURANÇA (AESIRF) E A ASSP - ASSOCIAÇÃO SINDICAL DA SEGURANÇA PRIVADA;Contrato coletivo de trabalho;Nacional;2019;2021;4;2;1.647.0 5.439.1
6727;ACORDO DE EMPRESA ENTRE ARISTO RAIL PORTUGAL, LDA E A FESAHT - FEDERAÇÃO DOS SINDICATOS DA AGRICULTURA, ALIMENTAÇÃO, BEBIDAS, HOTELARIA E TURISMO DE PORTUGAL;Acordo de empresa;Nacional;2019;2019;1;1;2.58.0
6728;ACORDO DE EMPRESA ENTRE A OPERESTIVA - EMPRESA DE TRABALHO PORTUÁRIO DE SETÚBAL, LDA E O S.E.P. 265 - SINDICATO ESTIVADORES PORTUÁRIOS DE SETÚBAL;Acordo de empresa;Distrital;2019;2019;1;1;1.645.0
6729;ACORDO DE EMPRESA ENTRE A ASSOCIAÇÃO ACADÉMICA DE COIMBRA E O CESP - SINDICATO DOS TRABALHADORES DO COMÉRCIO, ESCRITÓRIOS E SERVIÇOS DE PORTUGAL E OUTRO - REVISÃO GLOBAL;Acordo de empresa;Distrital;2019;2024;6;2;1.387.0 1.518.0
6730;CONTRATO COLETIVO ENTRE A ASSOCIAÇÃO COMERCIAL, INDUSTRIAL E SERVIÇOS DE BARCELOS E DO VALE DO CÁVADO - ACIBARCELOS E OUTRA E O SINDICATO INDEPENDENTE DOS TRABALHADORES DO SECTOR EMPRESARIAL DA CERÂMICA, DO VIDRO E ATIVIDADES CONEXAS DOS DISTRITOS DE BRAGA, PORTO E VIANA DO CASTELO;Contrato coletivo de trabalho;Distrital;2019;2019;3;3;1.519.0 5.162.1 5.174.2
6731;ACORDO DE EMPRESA ENTRE A EASYJET AIRLINE COMPANY LIMITED - SUCURSAL EM PORTUGAL E O SINDICATO NACIONAL DO PESSOAL DE VOO DA AVIAÇÃO CIVIL - SNPVAC - REVISÃO GLOBAL;Acordo de empresa;Nacional;2019;2021;2;1;1.117.0
6732;ACORDO DE EMPRESA ENTRE A EUROP ASSISTANCE - COMPANHIA PORTUGUESA DE SEGUROS, SA E O SINDICATO NACIONAL DOS PROFISSIONAIS DE SEGUROS E AFINS (SINAPSA) E OUTROS;Acordo de empresa;Nacional;2019;2019;3;3;1.187.1 1.454.0 1.85.3
6733;CONTRATO COLETIVO ENTRE A ACILIS - ASSOCIAÇÃO DE COMÉRCIO, INDÚSTRIA, SERVIÇOS E TURISMO DA REGIÃO DE LEIRIA E OUTRAS E O CESP - SINDICATO DOS TRABALHADORES DO COMÉRCIO, ESCRITÓRIOS E SERVIÇOS DE PORTUGAL - REVISÃO GLOBAL;Contrato coletivo de trabalho;Distrital;2019;2024;46;8;1.518.0 5.131.2 5.155.4 5.222.0 5.226.2 5.305.3 5.504.0 5.564.0
6734;CONTRATO COLETIVO ENTRE A ACILIS - ASSOCIAÇAO DE COMERCIO, INDUSTRIA, SERVIÇOS E TURISMO DA REGIAO DE LEIRIA E OUTRAS E O SINDICATO DOS TRABALHADORES E TECNICOS DE SERVIÇOS, COMERCIO, RESTAURAÇAO E TURISMO - SITESE;Contrato coletivo de trabalho;Distrital;2019;2019;8;8;1.218.5 5.131.2 5.155.4 5.222.0 5.226.2 5.305.3 5.504.0 5.564.0
6735;ACORDO COLETIVO ENTRE A INDORAMA VENTURES PORTUGAL PTA, UNIPESSOAL, LDA. E OUTRA E A FEDERAÇAO DE SINDICATOS DA INDUSTRIA, ENERGIA E TRANSPORTES - COFESINT E OUTRA;Acordo coletivo de trabalho;Nacional;2019;2021;6;2;2.47.0 4.9.2
6736;ACORDO DE EMPRESA ENTRE A VIAPORTO, OPERAÇAO E MANUTENÇAO DE TRANSPORTES, UNIPESSOAL, LDA. E O SINDICATO DOS TRABALHADORES DOS TRANSPORTES DA AREA METROPOLITANA DO PORTO;Acordo de empresa;Distrital;2019;2023;2;2;1.298.1 1.298.2
6737;ACORDO DE EMPRESA ENTRE A VIAPORTO, OPERAÇÃO E MANUTENÇÃO DE TRANSPORTES, UNIPESSOAL LDA E O SINDICATO NACIONAL DOS MAQUINISTAS DOS CAMINHOS DE FERRO PORTUGUESES - SMAQ;Acordo de empresa;Pluridistrital;2019;2026;4;2;1.344.1 1.344.2
6738;ACORDO DE EMPRESA ENTRE A SOMINCOR - SOCIEDADE MINEIRA DE NEVES-CORVO, S.A., E O SINDICATO DOS TRABALHADORES DA INDUSTRIA MINEIRA;Acordo de empresa;Distrital;2019;2019;1;1;1.128.1
6739;ACORDO DE EMPRESA ENTRE A VIAPORTO, OPERAÇAO E MANUTENÇAO DE TRANSPORTES, UNIPESSOAL LDA. E ASSOCIAÇAO SINDICAL DOS PROFISSIONAIS DO COMANDO E CONTROLO FERROVIARIO - APROFER;Acordo de empresa;Distrital;2019;2026;3;1;1.577.0
6740;CONTRATO COLETIVO ENTRE A AOP - ASSOCIAÇAO MARITIMA E PORTUARIA E OUTRA E O SINDICATO NACIONAL DOS ESTIVADORES, TRABALHADORES DO TRAFEGO, CONFERENTES MARITIMOS E OUTROS;Contrato coletivo de trabalho;Distrital;2019;2019;3;3;1.521.1 5.328.2 5.466.2
6741;CONTRATO COLETIVO ENTRE A ASSOCIAÇÃO NACIONAL DE TRANSPORTES DE PASSAGEIROS - ANTROP E O SNM - SINDICATO NACIONAL DOS MOTORISTAS - REVISÃO GLOBAL;Contrato coletivo de trabalho;Nacional;2019;2019;2;2;1.427.0 5.203.2
6742;CONTRATO COLETIVO ENTRE A ASSOCIAÇÃO NACIONAL DE TRANSPORTES DE PASSAGEIROS - ANTROP E O STRUP - SINDICATO DOS TRABALHADORES DE TRANSPORTES RODOVIÁRIOS E URBANOS DE PORTUGAL - REVISÃO GLOBAL;Contrato coletivo de trabalho;Nacional;2019;2019;2;2;1.565.0 5.203.2
6743;CONTRATO COLETIVO ENTRE A ASSOCIAÇÃO NACIONAL DE TRANSPORTES DE PASSAGEIROS - ANTROP E O SINDICATO DOS TRABALHADORES DOS TRANSPORTES DA ÁREA METROPOLITANA DO PORTO - STTAMP - REVISÃO GLOBAL;Contrato coletivo de trabalho;Nacional;2019;2019;2;2;1.298.1 5.203.2
6744;ACORDO DE EMPRESA ENTRE A VIAPORTO, OPERAÇAO E MANUTENÇAO DE TRANSPORTES, UNIPESSOAL, LDA E O SINDICATO INDEPENDENTE NACIONAL DOS FERROVIARIOS - SINFB;Acordo de empresa;Distrital;2019;2019;1;1;1.478.2
6745;ACORDO DE EMPRESA ENTRE A PETROGAL, SA E A FIEQUIMETAL - FEDERAÇÃO INTERSINDICAL DAS INDÚSTRIAS METALÚRGICAS, QUÍMICAS, ELÉCTRICAS, FARMACÊUTICA, CELULOSE, PAPEL, GRÁFICA, IMPRENSA, ENERGIA E MINAS E OUTROS;Acordo de empresa;Nacional;2019;2025;22;7;1.129.1 1.143.2 1.31.2 1.379.0 2.48.1 2.50.0 2.6.4
6746;ACORDO DE EMPRESA ENTRE A PARQUES DE SINTRA - MONTE DA LUA, S.A. E O SINDICATO DOS TRABALHADORES DA ADMINISTRAÇAO PUBLICA E DE ENTIDADES COM FINS PUBLICOS - SINTAP;Acordo de empresa;Concelhia;2019;2022;2;1;1.363.1
6747;ACORDO DE EMPRESA ENTRE A SCOTTURB - TRANSPORTES URBANOS, LDA E O SINDICATO DOS TRABALHADORES DOS TRANSPORTES - SITRA - REVISÃO GLOBAL;Acordo de empresa;Nacional;2019;2019;1;1;1.104.3
6748;ACORDO DE EMPRESA ENTRE A PETROGAL, SA E O SINDICATO DOS TRABALHADORES E TÉCNICOS DE SERVIÇOS, COMÉRCIO, RESTAURAÇÃO E TURISMO - SITESE E OUTROS - REVISÃO GLOBAL;Acordo de empresa;Nacional;2019;2026;23;6;1.180.1 1.218.1 1.218.5 1.218.6 1.361.2 1.404.1
6749;ACORDO DE EMPRESA ENTRE A PETROGAL, SA E A FEDERAÇÃO DE SINDICATOS DA INDÚSTRIA, ENERGIA E TRANSPORTES - COFESINT E OUTROS;Acordo de empresa;Nacional;2019;2026;19;5;1.296.4 1.360.3 1.458.0 2.47.0 4.9.2
6750;ACORDO COLETIVO ENTRE A BRISA - AUTO ESTRADAS DE PORTUGAL, SA E OUTRAS E O SINDICATO SA CONSTRUÇÃO, OBRAS PÚBLICAS E SERVIÇOS - SETACCOP E OUTROS;Acordo coletivo de trabalho;Continente;2019;2019;5;5;1.218.5 1.286.3 2.46.0 2.50.0 2.6.4
6751;ACORDO DE EMPRESA ENTRE A ASSOCIAÇÃO HUMANITÁRIA DE BOMBEIROS VOLUNTÁRIOS DE ALGÉS E O SINDICATO NACIONAL DOS BOMBEIROS PROFISSIONAIS (SNBP);Acordo de empresa;Nacional;2019;2019;1;1;1.486.0
6752;CONTRATO COLETIVO ENTRE A CONFEDERAÇAO NACIONAL DAS INSTITUIÇOES DE SOLIDARIEDADE - CNIS E A FEPCES - FEDERAÇAO PORTUGUESA DOS SINDICATOS DO COMERCIO, ESCRITORIOS E SERVIÇOS E OUTROS - REVISAO GLOBAL;Contrato coletivo de trabalho;Nacional;2019;2026;85;12;1.122.1 1.157.2 1.19.1 1.273.2 1.273.3 1.333.2 1.514.0 2.33.0 2.46.0 2.50.0 2.58.0 2.6.4
6753;ACORDO COLETIVO ENTRE O CENTRO HOSPITALAR BARREIRO MONTIJO, E.P.E. E OUTROS E A FEDERAÇÃO DE SINDICATOS DA ADMINISTRAÇÃO PÚBLICA E DE ENTIDADES COM FINS PÚBLICOS - FESAP E OUTRO;Acordo coletivo de trabalho;Continente;2019;2019;2;2;1.331.1 2.56.1
6754;CONTRATO COLETIVO ENTRE A ABIMOTA - ASSOCIAÇAO NACIONAL DAS INDUSTRIAS DE DUAS RODAS, FERRAGENS, MOBILIARIO E AFINS E O SINDEL - SINDICATO NACIONAL DA INDUSTRIA E DA ENERGIA E OUTRO - REVISAO GLOBAL;Contrato coletivo de trabalho;Nacional;2019;2025;18;5;1.222.3 1.222.4 1.361.2 5.242.2 5.242.3
6755;CONTRATO COLETIVO ENTRE A ASSOCIAÇÃO NACIONAL DE TRANSPORTADORES PÚBLICOS RODOVIÁRIOS DE MERCADORIAS - ANTRAM E OUTRA E A FEDERAÇÃO DOS SINDICATOS DOS TRANSPORTES E COMUNICAÇÕES -FECTRANS E OUTROS -REVISÃO GLOBAL;Contrato coletivo de trabalho;Nacional;2019;2019;6;6;1.427.0 1.616.0 1.641.0 2.50.0 5.15.0 5.596.0
6756;ACORDO DE EMPRESA ENTRE A THE NAVIGATOR COMPANY, S.A. E A FEDERAÇAO DOS SINDICATOS DA INDUSTRIA E SERVIÇOS - FETESE - ALTERAÇÃO SALARIAL E OUTRAS;Acordo de empresa;Nacional;2019;2024;6;2;1.360.3 2.26.4
6757;ACORDO DE EMPRESA ENTRE A FICO CABLES - FÁBRICA DE ACESSÓRIOS E EQUIPAMENTOS INDUSTRIAIS, LDA. E O SINDEL - SINDICATO NACIONAL DA INDÚSTRIA E DA ENERGIA;Acordo de empresa;Nacional;2019;2019;1;1;1.361.2
6758;ACORDO DE EMPRESA ENTRE A CARRISTUR - INOVAÇAO EM TRANSPORTES URBANOS E REGIONAIS, SOCIEDADE UNIPESSOAL, LDA., E O SINDICATO DOS TRABALHADORES DOS TRANSPORTES - SITRA E OUTROS;Acordo de empresa;Continente;2019;2023;9;5;1.104.3 1.427.0 1.427.1 1.427.2 2.50.0
6759;ACORDO DE EMPRESA ENTRE A RYANAIR DESIGNATED ACTIVITY COMPANY - SUCURSAL EM PORTUGAL E O SPAC - SINDICATO DOS PILOTOS DA AVIAÇAO CIVIL;Acordo de empresa;Nacional;2019;2021;2;1;1.320.0
6760;CONTRATO COLETIVO ENTRE A CONFEDERAÇÃO NACIONAL DAS INSTITUIÇÕES DE SOLIDARIEDADE - CNIS E A FEDERAÇÃO NACIONAL DOS SINDICATOS DOS TRABALHADORES EM FUNÇÕES PÚBLICAS E SOCIAIS - FNSTFPS - REVISÃO GLOBAL;Contrato coletivo de trabalho;Nacional;2020;2026;8;1;2.25.2
6761;CONTRATO COLETIVO ENTRE A ASSOCIAÇAO NACIONAL DAS FARMACIAS - ANF E O SIFAP - SINDICATO NACIONAL DOS PROFISSIONAIS DE FARMACIA E PARAMEDICOS;Contrato coletivo de trabalho;Nacional;2020;2026;10;3;1.19.1 5.100.0 5.100.1
6762;ACORDO DE EMPRESA ENTRE A CP - COMBÓIOS DE PORTUGAL, EPE E O SINDICATO NACIONAL DOS TRABALHADORES DO SECTOR FERROVIÁRIO E OUTROS - ALTERAÇÃO;Acordo de empresa;Nacional;2020;2021;11;6;1.367.3 1.396.2 1.436.1 1.478.2 1.525.0 1.638.0
6763;CONTRATO COLETIVO ENTRE A ASSOCIAÇÃO PORTUGUESA DE FACILITY SERVICES - APFS E O SINDICATO DOS TRABALHADORES DE SERVIÇOS DE PORTARIA, VIGILÂNCIA, LIMPEZA, DOMÉSTICAS E ACTIVIDADES DIVERSAS - STAD E OUTRA;Contrato coletivo de trabalho;Nacional;2020;2026;26;9;1.152.2 1.218.4 1.218.5 1.218.6 1.222.4 1.385.3 1.686.0 2.26.4 5.274.1
6764;ACORDO DE EMPRESA ENTRE A SOFLUSA - SOCIEDADE FLUVIAL DE TRANSPORTES, S.A. E O SINDICATO DE QUADROS E TECNICOS - SENSIQ (TECNICOS SUPERIORES);Acordo de empresa;Concelhia;2020;2023;3;1;1.404.1
6765;ACORDO DE EMPRESA ENTRE A SOFLUSA - SOCIEDADE FLUVIAL DE TRANSPORTES, S.A. E O SINDICATO DOS TRABALHADORES DOS TRANSPORTES - SITRA (TECNICOS SUPERIORES);Acordo de empresa;Concelhia;2020;2023;3;1;1.104.3
6766;ACORDO DE EMPRESA ENTRE A SOFLUSA - SOCIEDADE FLUVIAL DE TRANSPORTES, S.A. E O SINDICATO DOS TRABALHADORES E TECNICOS DE SERVIÇOS, COMERCIO, RESTAURAÇAO E TURISMO - SITESE (TECNICOS SUPERIORES);Acordo de empresa;Concelhia;2020;2023;3;2;1.218.5 1.218.6
6767;ACORDO DE EMPRESA ENTRE A TRANSTEJO - TRANSPORTES TEJO, S.A. E O SINDICATO DE QUADROS E TECNICOS - SENSIQ (TECNICOS SUPERIORES);Acordo de empresa;Concelhia;2020;2023;3;1;1.404.1
6768;ACORDO DE EMPRESA ENTRE A TRANSTEJO - TRANSPORTES TEJO, S.A. E O SINDICATO DOS TRABALHADORES - SITRA (TECNICOS SUPERIORES);Acordo de empresa;Concelhia;2020;2023;3;1;1.104.3
6769;ACORDO DE EMPRESA ENTRE A TRANSTEJO - TRANSPORTES TEJO, S.A. E O SINDICATO DOS TRABALHADORES  E TECNICOS DE SERVIÇOS, COMERCIO, RESTAURAÇAO E TURISMO - SITESE (TECNICOS SUPERIORES);Acordo de empresa;Concelhia;2020;2023;3;2;1.218.5 1.218.6
6770;ACORDO DE EMPRESA ENTRE A COMPAMHIA CARRIS DE FERRO DE LISBOA, E.M.,S.A. E A FEDERAÇÃO DOS SINDICATOS DE TRANSPORTES E COMUNICAÇÕES - FECTRANS - REVISÃO GLOBAL;Acordo de empresa;Distrital;2020;2021;3;1;2.50.0
6771;ACORDO DE EMPRESA ENTRE A COPEFAP - COOPERATIVA DE ENSINO CRL E O SINDICATO DOS PROFESSORES DA GRANDE LISBOA - SPGL E OUTROS;Acordo de empresa;Nacional;2020;2026;15;3;1.122.1 1.299.0 1.518.0
6772;ACORDO DE EMPRESA ENTRE A PORTWAY - HANDLING DE PORTUGAL, S.A. E O SINDICATO DEMOCRÁTICO DOS TRABALHADORES DOS AEROPORTOS E AVIAÇÃO - SINDAV E OUTROS - REVISÃO GLOBAL;Acordo de empresa;Nacional;2020;2020;4;4;1.173.2 1.372.0 1.462.1 1.517.0
6773;ACORDO DE EMPRESA ENTRE A SATA INTERNACIONAL - AZORES AIRLINES, S.A. E O SINDICATO NACIONAL DO PESSOAL DE VOO DA AVIAÇAO CIVIL - SNPVAC - REVISAO GLOBAL;Acordo de empresa;Nacional;2020;2021;2;1;1.117.0
6774;ACORDO DE EMPRESA ENTE A VIAPORTO, OPERAÇÃO E MANUTENÇÃO DE TRANSPORTES, UNIPESSOAL LDA. E O SINDICATO NACIONAL DOS TRABALHADORES DO SECTOR FERROVIÁRIO;Acordo de empresa;Distrital;2020;2023;2;1;1.525.0
6775;ACORDO DE EMPRESA ENTRE A A.D.C. - ÁGUAS DA COVILHÃ, EM E O SINDICATO DOS TRABALHADORES DA ADMINISTRAÇÃO PÚBLICA E DE ENTIDADES COM FINS PÚBLICOS - SINTAP;Acordo de empresa;Concelhia;2020;2023;2;1;1.363.1
6776;ACORDO DE EMPRESA ENTRE A EMEL-EMPRESA MUNICIPAL DE MOBILIDADE E ESTACIONAMENTO DE LISBOA, E.M.,S.A. E O CESP-SINDICATO DOS TRABALHADORES DO COMERCIO, ESCRITORIOS E SERVIÇOS DE PORTUGAL - REVISAO GLOBAL;Acordo de empresa;Distrital;2020;2023;2;1;1.518.0
6777;ACORDO DE EMPRESA ENTRE A SN MAIA - SIDERURGIA NACIONAL, S.A. E O SINDEL - SINDICATO NACIONAL DA INDUSTRIA E DA ENERGIA E OUTROS - REVISAO GLOBAL;Acordo de empresa;Nacional;2020;2020;3;3;1.15.4 1.218.5 1.361.2
6778;ACORDO DE EMPRESA ENTRE A SN SEIXAL - SIDERURGIA NACIONAL, S.A. E O SINDEL - SINDICATO NACIONAL DA INDUSTRIA E DA ENERGIA E OUTROS - REVISAO GLOBAL;Acordo de empresa;Nacional;2020;2020;3;3;1.15.4 1.218.5 1.361.2
6779;ACORDO DE EMPRESA ENTRE A CAIXA GERAL DE DEPÓSITOS, SA E O SINDICATO DOS TRABALHADORES DAS EMPRESAS DO GRUPO CAIXA GERAL DE DEPÓSITOS - STEC - REVISÃO GLOBAL;Acordo de empresa;Nacional;2020;2025;4;1;1.537.1
6780;ACORDO DE EMPRESA ENTRE A SGHL - SOCIEDADE GESTORA DO HOSPITAL DE LOURES, S.A., E O SINDICATO INDEPENDENTE DOS MEDICOS - SIM E OUTRO;Acordo de empresa;Concelhia;2020;2020;2;2;1.291.1 1.365.0
6781;ACORDO DE EMPRESA ENTRE A CAIXA GERAL DE DEPÓSITOS, S.A. E  O SINDICATO NACIONAL DOS QUADROS E TÉCNICOS BANCÁRIOS - ALTERAÇÃO SALARIAL E OUTRAS;Acordo de empresa;Nacional;2020;2025;5;3;1.417.0 1.524.0 2.43.0
6782;ACORDO DE EMPRESA ENTRE A CAIXA GERAL DE DEPOSITOS, S.A. E O SINDICATO DOS BANCARIOS DO CENTRO E OUTRO - REVISAO GLOBAL;Acordo de empresa;Nacional;2020;2025;7;4;1.110.1 1.209.1 1.57.0 1.57.1
6783;CONTRATO COLETIVO ENTRE A ANIECA - ASSOCIAÇAO NACIONAL DE ESCOLAS DE CONDUÇAO AUTOMOVEL E A FEDERAÇAO DOS SINDICATOS DE TRANSPORTES E COMUNICAÇOES - FECTRANS - REVISAO GLOBAL;Contrato coletivo de trabalho;Nacional;2020;2020;2;2;2.50.0 5.34.0
6784;ACORDO DE EMPRESA ENTRE A CP - COMBOIOS DE PORTUGAL, EPE E O SINDICATO NACIONAL DOS MAQUINISTAS DOS CAMINHOS DE FERRO PORTUGUESES - SMAQ - REVISAO GLOBAL;Acordo de empresa;Nacional;2020;2020;1;1;1.344.2
6785;ACODO DE EMPRESA ENTRE A ABANCA PORTUGAL, SA E O SINDICATO INDEPENDENTE DA BANCA - ALTERAÇAO SALARIAL E OUTRAS;Acordo de empresa;Nacional;2020;2026;2;2;1.524.0 2.43.0
6786;ACORDO DE EMPRESA ENTRE O BANCO BIC PORTUGUES, S.A. E O SINDICATO DA BANCA, SEGUROS E TECNOLOGIAS - MAIS SINDICATO E OUTRO - REVISAO GLOBAL;Acordo de empresa;Nacional;2020;2025;5;4;1.110.1 1.209.1 1.57.0 1.57.1
6787;CONTRATO COLETIVO ENTRE A ASSOCIAÇÃO PORTUGUESA DE ESCOLAS DE CONDUÇÃO - APEC E A FEDERAÇÃO DOS SINDICATOS DE TRANSPORTES E COMUNICAÇÕES - FECTRANS - REVISÃO  GLOBAL;Contrato coletivo de trabalho;Nacional;2020;2020;2;2;2.50.0 5.463.0
6788;ACORDO DE EMPRESA ENTRE A EMEL - EMPRESA MUNICIPAL DE MOBILIDADE E ESTACIONAMENTO DE LISBOA, E.M., S.A. E O SINDICATO DOS TRABALHADORES E TÉCNICOS DE SERVIÇOS, COMÉRCIO, RESTAURAÇÃO E TURISMO - SITESE - REVISÃO GLOBAL;Acordo de empresa;Distrital;2020;2023;4;3;1.218.5 1.218.6 1.363.1
6789;ACORDO DE EMPRESA ENTRE O BANCO BIC PORTUGUÊS, SA E O SINDICATO DOS BANCÁRIOS DO NORTE - SBN - REVISÃO GLOBAL;Acordo de empresa;Distrital;2020;2020;1;1;1.209.0
6790;CONTRATO COLETIVO ENTRE A UNIÃO DAS MUTUALIDADES PORTUGUESAS E A FNE - FEDERAÇÃO NACIONAL DA EDUCAÇÃO E OUTROS;Contrato coletivo de trabalho;Nacional;2020;2026;43;11;1.104.3 1.218.5 1.218.6 1.225.2 1.363.1 1.368.2 1.377.2 1.393.1 1.601.0 1.638.0 2.54.0
6791;ACORDO DE EMPRESA ENTRE A CP - COMBOIOS DE PORTUGAL, EPE E O SINDICATO FERROVIARIO DA REVISAO E COMERCIAL ITENERANTE - SFRCI E OUTROS - REVISAO GLOBAL;Acordo de empresa;Nacional;2020;2020;10;10;1.338.3 1.367.3 1.396.2 1.436.1 1.478.2 1.506.1 1.511.1 1.525.0 1.528.2 2.47.0
6792;ACORDO DE EMPRESA ENTRE A PORTO SANTO LINE - TRANSPORTES MARÍTIMOS, LDA. E A FEDERAÇÃO DE SINDICATOS DOS TRABALHADORES DO MAR - FESMAR - REVISÃO GLOBAL;Acordo de empresa;Nacional;2020;2023;3;1;2.36.0
6793;ACORDO COLETIVO ENTRE A LIBERTY SEGUROS, COMPANIA DE SEGUROS Y REASEGUROS, S.A. - SUCURSAL EM PORTUGAL E OUTRAS E O SINDICATO DOS TRABALHADORES DA ACTIVIDADE SEGURADORA (STAS) E OUTROS - REVISAO GLOBAL;Acordo coletivo de trabalho;Nacional;2020;2025;17;3;1.187.1 1.454.0 1.85.3
6794;CONTRATO COLETIVO ENTRE A ANEFA - ASSOCIAÇAO NACIONAL DE EMPRESAS FLORESTAIS, AGRICOLAS E DO AMBIENTE E O SINDICATO NACIONAL DOS TRABALHADORES DA AGRICULTURA, FLORESTA, PESCA, TURISMO, INDUSTRIA ALIMENTAR, BEBIDAS E AFINS - SETAAB - REVISAO GLOBAL;Contrato coletivo de trabalho;Nacional;2020;2020;2;2;1.631.0 5.425.1
6795;CONTRATO COLETIVO ENTRE A ASSOCIAÇAO DOS INDUSTRIAIS DO ENSINO DA CONDUÇAO AUTOMOVEL DE PORTUGAL - ANORECA E A FEDERAÇAO DOS SINDICATOS DE TRANSPORTES E COMUNICAÇAO - FECTRANS - REVISAO GLOBAL;Contrato coletivo de trabalho;Nacional;2020;2020;2;2;2.50.0 5.476.1
6796;ACORDO DE EMPRESA ENTRE A CAIXA GERAL DE DEPOSITOS, S.A. E O SINDICATO DOS BANCARIOS DO NORTE - SBN - REVISAO GLOBAL;Acordo de empresa;Distrital;2020;2022;2;2;1.209.0 1.209.1
6797;CONTRATO COLETIVO ENTRE A AHSA - ASSOCIAÇÃO DOS HORTICULTORES, FRUTICULTORES E FLORICULTORES DOS CONCELHOS DE ODEMIRA E ALJEZUR E O SINDICATO NACIONAL DOS TRABALHADORES DA AGRICULTURA, FLORESTA, PESCA, TURISMO, INDUSTRIA ALIMENTAR, BEBIDAS E AFINS - SETAAB - REVISÃO GLOBAL;Contrato coletivo de trabalho;Distrital;2020;2020;2;2;1.631.0 5.610.2
6798;ACORDO COLETIVO ENTRE A LACTICOOP - UNIAO DE COOPERATIVAS DE PRODUTORES DE LEITE DE ENTRE DOURO E MONDEGO, UCRL E OUTRA E O SINDICATO NACIONAL DOS TRABALHADORES DA AGRICULTURA, FLORESTA, PESCA, TURISMO, INDUSTRIA ALIMENTAR, BEBIDAS E AFINS - SETAAB - REVISAO GLOBAL;Acordo coletivo de trabalho;Nacional;2020;2020;1;1;1.631.0
6799;ACORDO DE EMPRESA ENTRE A CASCO AQUASTYL PORTUGAL, LDA E A FEDERAÇÃO PORTUGUESA DOS SINDICATOS DA CONSTRUÇÃO, CERÂMICA E VIDRO - FEVICCOM;Acordo de empresa;Distrital;2020;2025;6;1;2.46.0
6800;CONTRATO COLETIVO ENTRE A ASSOCIAÇAO COMERCIAL, INDUSTRIAL E DE SERVIÇOS DE BRAGANÇA - ACISB E OUTRAS E A FEPCES - FEDERAÇAO PORTUGUESA DOS SINDICATOS DO COMERCIO, ESCRITORIOS E SERVIÇOS - REVISAO GLOBAL;Contrato coletivo de trabalho;Distrital;2020;2022;12;4;2.6.4 5.249.0 5.427.1 5.75.1
6801;ACORDO COLETIVO ENTRE A LACTICOOP - UNIAO DE COOPERATIVAS DE PRODUTORES DE LEITE DE ENTRE DOURO E MONDEGO, UCRL E OUTRA E O SINDICATO DO COMERCIO, ESCRITORIOS E SERVIÇOS/UGT - SINDCES/UGT - REVISAO GLOBAL;Acordo coletivo de trabalho;Nacional;2020;2020;1;1;1.222.3
6802;CONTRATO COLETIVO ENTRE  ASOCIAÇÃO DOS HOTÉIS E EMPREENDIMENTOS  TURÍSTICOS DO ALGARVE (AHETA) E O SINDICATO DOS TRABALHADORES E TÉCNICOS DE SERVIÇOS, COMÉRCIO, RESTAURAÇÃO E TURISMO  - SITESE - REVISÃO GLOBAL;Contrato coletivo de trabalho;Distrital;2020;2023;4;3;1.218.5 1.218.6 5.499.0
6803;ACORDO DE EMPRESA ENTRE A PRIMEMARINESHIP, LDA E A FEDERAÇAO DE SINDICATOS DOS TRABALHADORES DO MAR - FESMAR;Acordo de empresa;Nacional;2020;2026;3;1;2.36.0
6804;ACORDO COLETIVO ENTRA A BRISA - AUTO ESTRADAS DE PORTUGAL S.A. E OUTRAS E O SINDICATO DA CONSTRUÇÃO, OBRAS PÚBLICAS E SERVIÇOS - SETACCOP E OUTROS - ALTERAÇÃO SALARIAL E OUTRAS;Acordo coletivo de trabalho;Continente;2020;2023;17;7;1.218.6 1.286.3 1.361.2 2.26.4 2.46.0 2.50.0 2.6.4
6805;CONTRATO COLETIVO ENTRE A GROQUIFAR - ASSOC. DE GROSSISTAS DE PROD. QUÍMICOS E FARMACÊUTICOS E A FED. INTERSINDICAL DAS INDÚSTRIAS METALÚRGICAS, QUÍMICAS, ELÉCTRICAS, FARMACÊUTICA, CELULOSE, PAPEL,GRÁFICA, IMPRENSA, ENERGIA E MINAS - FIEQUIMETAL ( GESTÃO DE PRAGAS E SAÚDE AMBIENTAL) - REVISÃO GLOBAL;Contrato coletivo de trabalho;Nacional;2020;2022;6;2;2.48.1 5.136.0
6806;CONTRATO COLETIVO ENTRE A ASSOCIAÇÃO NACIONAL DOS ÓPTICOS E O SINDICATO DOS TRABALHADORES E TÉCNICOS DE SERVIÇOS, COMÉRCIO, RESTAURAÇÃO E SERVIÇOS - SITESE - REVISÃO GLOBAL;Contrato coletivo de trabalho;Nacional;2020;2024;4;3;1.218.5 1.218.6 5.128.0
6807;CONTRATO COLETIVO ENTRE A ASSOCIAÇAO EMPRESARIAL DO ALTO TAMEGA -ACISAT E A FEPCES - FEDERAÇAO PORTUGUESA DOS SINDICATOS DO COMERCIO, ESCRITORIOS E SERVIÇOS;Contrato coletivo de trabalho;Concelhia;2020;2022;4;2;2.6.4 5.243.3
6808;CONTRATO COLETIVO ENTRE A ASSOCIAÇÃO NACIONAL DOS INDUSTRIAIS DE LACTICÍNIOS (ANIL) E OUTRAS E A FESAHT - FEDERAÇÃO DOS SINDICATOS DA AGRICULTURA, ALIMENTAÇÃO, BEBIDAS E TURISMO DE PORTUGAL E OUTROS - ALTERAÇÃO SALRIAL E OUTRA;Contrato coletivo de trabalho;Nacional;2020;2025;11;5;1.31.2 2.50.0 2.58.0 5.44.1 5.44.2
6809;ACORDO DE EMPRESA ENTRE O OPART - ORGANISMO DE PRODUÇAO ARTISTICO, E.P.E.E O SINDICATO DOS TRABALHADORES DE ESPECTACULOS, DO AUDIOVISUAL E DOS MUSICOS - CENA-STE;Acordo de empresa;Nacional;2020;2023;5;1;1.627.0
6810;ACODO DE EMPRESA ENTRE A SAINT - GOBAIN SEKURIT PORTUGAL, VIDRO AUTOMÓVEL, SA E A FEDERAÇÃO PORTUGUESA DOS SINDICATOS DA CONSTRUÇÃO, CERÂMICA E VIDRO - FEVICCOM - REVISÃO GLOBAL;Acordo de empresa;Distrital;2020;2020;1;1;2.46.0
6811;ACORDO DE EMPRESA ENTRE A HABÉVORA - GESTÃO HABITACIONAL, UNIPESSOAL LIMITADA, E.M. E O STAL - SINDICATO NACIONAL DOS TRABALHADORES DA ADMINISTRAÇÃO LOCAL E REGIONAL, EMPRESAS PÚBLICAS, CONCESSIONÁRIAS E AFINS;Acordo de empresa;Distrital;2020;2020;1;1;1.306.1
6812;ACORDO DE EMPRESA ENTRE A ASSOCIAÇÃO DOS ESTUDANTES DO INSTITUTO SUPERIOR TÉCNICO E O SINDICATO DOS TRABALHADORES E TÉCNICOS DE SERVIÇOS, COMÉRCIO, RESTAURAÇÃO E TURISMO - SITESE;Acordo de empresa;Distrital;2020;2024;3;2;1.218.5 1.218.6
6813;ACORDO DE EMPRESA ENTRE A MOVIJOVEM - MOBILIDADE JUVENIL - COOPERATIVA DE INTERESSE PUBLICO DE RESPONSABILIDADE LIMITADA E A FESAHT - FEDERAÇÃO DOS SINDICATOS DA AGRICULTURA, ALIMENTAÇÃO, BEBIDAS, HOTELARIA E TURISMO DE PORTUGAL - REVISÃO GLOBAL;Acordo de empresa;Nacional;2020;2026;3;1;2.58.0
6814;ACORDO DE EMPRESA ENTRE A CTT EXPRESSO - SERVIÇOS POSTAIS E LOGÍSTICA, S.A. E O SINDETELCO - SINDICATO DEMOCRÁTICO DOS TRABALHADORES DOS CORREIOS, TELECOMUNICAÇÕES, MEDIA E SERVIÇOS E OUTROS - ALTERAÇÃO SALARIAL;Acordo de empresa;Nacional;2020;2026;50;8;1.236.1 1.385.3 1.451.0 1.47.0 1.516.2 1.533.0 1.536.0 1.662.0
6815;CONTRATO COLETIVO ENTRE A ASSOCIAÇAO DOS ARMADORES DE TRAFEGO FLUVIAL E LOCAL E O SINDICATO DA MARINHA MERCANTE, INDUSTRIAS E ENERGIA - SITEMAQ E OUTROS - REVISAO GLOBAL;Contrato coletivo de trabalho;Continente;2021;2023;12;4;1.173.2 1.5.6 1.8.2 5.4.1
6816;AC ENTRE A LACTICOOP-UNIAO DE COOPERATIVAS DE PRODUTORES DE LEITE DE ENTRE DOURO E MONDEGO,UCRL E OUTRA E O SINDICATO DOS PROFISSIONAIS DE LACTICINIOS,ALIMENTAÇAO,AGRICULTURA,ESCRITORIOS,COMERCIO,SERVIÇOS,TRANSPORTES RODOVIARIOS,METALOMECANICA,METALURGIA,CONSTRUÇAO CIVIL E MADEIRAS-REVISAO GLOBAL;Acordo coletivo de trabalho;Nacional;2021;2021;1;1;1.138.1
6817;ACORDO DE EMPRESA ENTRE A EXIDE TECHNOLOGIE, LDA E O SINDICATO DAS INDUSTRIAS ELECTRICAS DO SUL E ILHAS - SIESI;Acordo de empresa;Nacional;2021;2025;6;1;1.144.1
6818;ACORDO DE EMPRESA ENTRE A AGERE - EMPRESA DE AGUAS, EFLUENTES E RESIDUOS DE BRAGA, E.M. E O SINDICATO DOS TRABALHADORES DA ADMINISTRAÇAO PUBLICA E DE ENTIDADES COM FINS PUBLICOS - SINTAP E OUTRO;Acordo de empresa;Distrital;2021;2026;8;2;1.306.1 1.363.1
6819;ACORDO DE EMPRESA ENTRE A BRAVAL - VALORIZAÇAO E TRATAMENTO DE RESIDUOS SOLIDOS, SA E O SINDICATO DOS TRABALHADORES DA ADMINISTRAÇAO  PUBLICA E DE ENTIDADES COM FINS PUBLICOS - SINTAP E OUTRO;Acordo de empresa;Distrital;2021;2025;3;2;1.306.1 1.363.1
6820;ACORDO DE EMPRESA ENTRE O ISCTE - INSTITUTO UNIVERSITARIO DE LISBOA E O SINDICATO DOS TRABALHADORES EM FUNÇOES PUBLICAS E SOCIAIS DO SUL E REGIOES AUTONOMAS - STFPSSRA;Acordo de empresa;Distrital;2021;2021;1;1;1.310.4
6821;CONTRATO COLETIVO ENTRE A  ASSOCIAÇÃO PORTUGUESA DE ESCOLAS DE CONDUÇÃO - APEC E A FEDERAÇÃO DOS SINDICATOS DE TRANSPORTES E COMUNICAÇÕES - FECTRANS - REVISÃO GLOBAL;Contrato coletivo de trabalho;Nacional;2021;2021;2;2;2.50.0 5.463.0
6822;ACORDO COLETIVO ENTRE A MEO - SERVIÇOS DE COMUNICAÇÕES E MULTIMÉDIA, SA E OUTRAS E O SINDICATO NACIOAL DOS TRABALHADORES DAS TELECOMUNICAÇÕES E AUDIOVISUAL - SINTTAV E OUTROS - REVISÃO GLOBAL;Acordo coletivo de trabalho;Nacional;2021;2022;19;16;1.119.1 1.218.5 1.224.0 1.236.1 1.248.4 1.248.5 1.296.4 1.338.3 1.385.3 1.433.1 1.451.0 1.47.0 1.504.0 1.516.2 1.536.0 2.47.0
6823;ACORDO COLETIVO ENTRE A PARVALOREM, SA E OUTRA E A FSIB - FEDERAÇÃO DOS SINDICATOS INDEPENDENTES DA BANCA - REVISÃO GLOBAL;Acordo coletivo de trabalho;Nacional;2021;2021;1;1;2.43.0
6824;ACORDO DE EMPRESA ENTRE A OGMA - INDÚSTRIA  AERONAÚTICA DE PORTUGAL, SA E O SITAVA - SINDICATO DOS TRABALHADORES DA  AVIAÇÃO E  AEROPORTOS E OUTROS -REVISÃO GLOBAL;Acordo de empresa;Nacional;2021;2021;5;5;1.340.0 1.372.0 1.460.1 1.470.0 1.639.1
6825;ACORDO DE EMPRESA ENTRE A MEDTUG SINES, SA E O SINDICATO DA MARINHA MERCANTE, INDÚSTRIA E ENERGIA - SITEMAQ;Acordo de empresa;Nacional;2021;2024;3;1;1.5.6
6826;ACORDO COLETIVO ENTRE A PARVALOREM, S.A. E OUTRA E O SINDICATO DA BANCA, SEGUROS E TECNOLOGIAS - MAIS SINDICATO E OUTRO - REVISAO GLOBAL;Acordo coletivo de trabalho;Nacional;2021;2025;4;3;1.110.1 1.57.0 1.57.1
6827;ACORDO DE EMPRESA ENTRE A ASSOCIAÇAO HUMANITARIA DOS BOMBEIROS VOLUNTARIOS DO MONTIJO E O SNBP - SINDICATO NACIONAL DOS BOMBEIROS PROFISSIONAIS - REVISAO GLOBAL;Acordo de empresa;Nacional;2021;2021;1;1;1.486.0
6828;ACORDO DE EMPRESA ENTRE A ASSOCIAÇAO PARA A PROMOÇAO DE VISEU E REGIAO - PROVISEU E O SINDICATO DOS PROFESSORES DA REGIAO CENTRO (SPRC);Acordo de empresa;Distrital;2021;2021;1;1;1.405.1
6829;ACORDO DE EMPRESA ENTRE A PTM IBÉRICA, UNIPESSOAL, LDA E O SINDICATO DOS TRABALHADORES DO PORTO DE AVEIRO - REVISÃO GLOBAL;Acordo de empresa;Distrital;2021;2021;1;1;1.170.3
6830;ACORDO DE EMPRESA ENTRE O SINDICATO DA BANCA, SEGUROS E TECNOLOGIAS - MAIS SINDICATO E A FEDERAÇAO DOS SINDICATOS DA INDUSTRIA E SERVIÇOS - FETESE;Acordo de empresa;Nacional;2021;2021;2;2;1.110.1 2.26.4
6831;ACORDO DE EMPRESA ENTRE O SINDICATO DA BANCA, SEGUROS E TECNOLOGIAS - MAIS SINDICATO E O SINDICATO DOS ENFERMEIROS - SE;Acordo de empresa;Nacional;2021;2021;2;2;1.110.1 1.225.2
6832;ACORDO DE EMPRESA ENTRE O SINDICATO DA BANCA, SEGUROS E TECNOLOGIAS - MAIS SINDICATO E O SINDICATO NACIONAL DOS TECNICOS SUPERIORES DE SAUDE DAS AREAS DE DIAGNOSTICO E TERAPEUTICA E OUTROS;Acordo de empresa;Nacional;2021;2021;4;4;1.110.1 1.273.3 1.368.2 1.514.0
6833;ACORDO DE EMPRESA ENTRE A LAUAK AEROSTRUTURES GRÂNDOLA, SA E O SINDICATO NACIONAL DOS TRABALHADORES DA AVIAÇÃO CIVIL - SINTAC;Acordo de empresa;Nacional;2021;2021;1;1;1.470.0
6834;CONTRATO COLETIVO ENTRE A ASSOCIAÇÃO PORTUGUESA DA INDÚSTRIA DE OURIVESARIA - APIO E A FEDERAÇÃO INTERSINDICAL DAS INDÚSTRIAS METALÚRGICAS, QUÍMICAS, ELÉCTRICAS, FARMACÊUTICA, CELULOSE, PAPEL, GRÁFICA, IMPRENSA, ENERGIA E MINAS - FIEQUIMETAL - REVISÃO GLOBAL;Contrato coletivo de trabalho;Nacional;2021;2022;6;2;2.48.1 5.64.1
6835;ACORDO COLETIVO ENTRE A PARVALOREM, SA E OUTRA E O SBN - SINDICATO DOS TRABALHADORES DO SETOR FINANCEIRO DE PORTUGAL - REVISÃO GLOBAL;Acordo coletivo de trabalho;Nacional;2021;2021;1;1;1.209.1
6836;CONTRATO COLETIVO ENTRE A ASSOCIAÇÃO NACIONAL DOS CENTROS DE ABATE E INDÚSTRIAS TRANSFORMADORAS DE CARNES DE AVES - ANCAVE E O SINDICATO NACIONAL DOS TRABALHADORES DA AGRICULTURA, FLORESTA, PESCA, TURISMO, INDÚSTRIA ALIMENTAR, BEBIDAS E AFINS - SETAAB - REVISÃO GLOBAL;Contrato coletivo de trabalho;Nacional;2021;2023;6;2;1.631.0 5.278.1
6837;ACORDO DE EMPRESA ENTRE A FUNDAÇÃO OS  NOSSOS LIVROS E O SINDICATO DOS PROFESSORES DO NORTE - SPN;Acordo de empresa;Distrital;2021;2021;1;1;1.411.0
6838;CONTRATO COLETIVO ENTRE A ASSOCIAÇÃO DOS AGRICULTORES DO RIBATEJO - ORGANIZAÇÃO DE EMPREGADORES DOS DISTRITOS DE SANTARÉM, LISBOA E LEIRIA E O SINDICATO DOS TRABALHADORES DA AGRICULTURA, FLORESTA, PESCA ,TURISMO, INDÚSTRIA ALIMENTAR, BEBIDAS E AFINS - SETAAB - REVISÃO GLOBAL;Contrato coletivo de trabalho;Pluridistrital;2021;2023;6;2;1.631.0 5.302.1
6839;CONTRATO COLETIVO ENTRE A ITA - ASSOCIAÇÃO PORTUGUESA DOS INDUSTRIAIS DE TRIPAS E AFINS E O SINDICATO DO COMÉRCIO, ESCRITÓRIOS E SERVIÇOS, ALIMENTAÇÃO, HOTELARIA E TURISMO - SINCESAHT - REVISÃO GLOBAL;Contrato coletivo de trabalho;Nacional;2021;2021;2;2;1.282.3 5.312.0
6840;ACORDO DE EMPRESA ENTRE A RYANAIR - DESIGNATED ACTIVITY COMPANY - SUCURSAL EM PORTUGAL E O SINDICATO DOS TRABALHADORES DOS TRANSPORTES DE PORTUGAL - STTAMP;Acordo de empresa;Nacional;2021;2021;1;1;1.298.2
6841;ACORDO DE EMPRESA ENTRE A ACADEMIA DE AMADORES DE MÚSICA E O SINDICATO DOS PROFESSORES DA GRANDE LISBOA - SPGL E OUTRO;Acordo de empresa;Distrital;2021;2021;2;2;1.152.2 1.299.0
6842;ACORDO DE EMPRESA ENTRE A GESLOURES, GESTÃO DE EQUIPAMENTOS SOCIAIS, E.M., UNIPESSOAL, LDA E O SINDICATO DOS TRABALHADORES DA ADMINISTRAÇÃO PÚBLICA E DE  ENTIDADES COM FINS PÚBLICOS - SINTAP E OUTRO;Acordo de empresa;Concelhia;2021;2023;4;3;1.218.5 1.218.6 1.363.1
6843;CONTRATO COLETIVO ENTRE A CONFEDERAÇAO DOS AGRICULTORES DE PORTUGAL (CAP) E O SINDICATO NACIONAL DOS TRABALHADORES DA AGRICULTURA, FLORESTA, PESCA, TURISMO, INDUSTRIA ALIMENTAR, BEBIDAS E AFINS - SETAAB - REVISAO GLOBAL;Contrato coletivo de trabalho;Continente;2021;2022;4;2;1.631.0 8.3.0
6844;CONTRATO COLETIVO ENTRE A AHSA - ASSOCIAÇAO DOS HORTICULTORES, FRUTICULTORES E FLORICULTORES DOS CONCELHOS DE ODEMIRA E ALJEZUR E O SINDICATO NACIONAL DOS TRABALHADORES DA AGRICULTURA, FLORESTA, PESCA, TURISMO, INDUSTRIA ALIMENTAR, BEBIDAS E AFINS - SETAAB - REVISAO GLOBAL;Contrato coletivo de trabalho;Distrital;2021;2021;2;2;1.631.0 5.610.2
6845;ACORDO DE EMPRESA ENTRE A UNIAO DAS MISERICORDIAS PORTUGUESAS - UMP E O SINDICATO DOS ENFERMEIROS PORTUGUESES - SEP E OUTROS - REVISAO GLOBAL;Acordo de empresa;Nacional;2021;2021;3;3;1.157.2 1.273.3 2.33.0
6846;CONTRATO COLETIVO ENTRE A ITA - ASSOCIAÇAO PORTUGUESA DOS INDUSTRIAIS DE TRIPAS E AFINS E A FESAHT - FEDERAÇAO DOS SINDICATOS DA AGRICULTURA, ALIMENTAÇAO, BEBIDA, HOTELARIA E TURISMO DE PORTUGAL - REVISAO GLOBAL;Contrato coletivo de trabalho;Nacional;2021;2023;6;2;2.58.0 5.312.0
6847;ACORDO DE EMPRESA ENTRE A SAINT-GOBAIN SEKURIT PORTUGAL - VIDRO AUTOMOVEL, SA E A FEDERAÇAO PORTUGUESA DOS SINDICATOS DA CONSTRUÇAO, CERAMICA E VIDRO - FEVICCOM - REVISAO GLOBAL;Acordo de empresa;Distrital;2021;2022;2;1;2.46.0
6848;ACORDO DE EMPRESA ENTRE A GESLOURES, GESTAO DE EQUIPAMENTOS SOCIAIS, E.M. UNIPESSOAL, LDA. E O CESP - SINDICATO DOS TRABALHADORES DO COMERCIO, ESCRITORIOS E SERVIÇOS DE PORTUGAL E OUTRO - REVISAO GLOBAL;Acordo de empresa;Concelhia;2021;2024;3;2;1.306.1 1.518.0
6849;CONTRATO COLETIVO ENTRE A ASSOCIAÇAO DOS AGRICULTORES DO BAIXO ALENTEJO E O SINDICATO NACIONAL DOS TRABALHADORES DA AGRICULTURA, FLORESTA, PESCA, TURISMO, INDUSTRIA ALIMENTAR, BEBIDAS E AFINS - SETAAB - REVISAO GLOBAL;Contrato coletivo de trabalho;Distrital;2021;2022;4;2;1.631.0 5.321.0
6850;ACORDO DE EMPRESA ENTRE A REBOPORT - SOCIEDADE PORTUGUESA DE REBOQUES MARITIMOS, SA E O SINDICATO DA MARINHA MERCANTE, INDUSTRIAS E ENERGIA - SITEMAQ - REVISAO GLOBAL;Acordo de empresa;Nacional;2021;2026;5;1;1.5.6
6851;CONTRATO COLETIVO ENTRE A ASSOCIAÇÃO PORTUGUESA DE FABRICANTES DE PAPEL E CARTÃO (FAPEL) E O SINDICATO DAS INDÚSTRIAS E AFINS - SINDEQ - REVISÃO GLOBAL;Contrato coletivo de trabalho;Nacional;2021;2021;2;2;1.360.3 5.282.1
6852;ACORDO DE EMPRESA ENTRE A CARRIBUS - MANUTENÇÃO, REPARAÇÃO E TRANSPORTES, SA E A FEDERAÇÃO DOS SINDICATOS DE TRANSPORTES E COMUNICAÇÕES - FECTRANS - REVISÃO GLOBAL;Acordo de empresa;Distrital;2021;2022;3;1;2.50.0
6853;ACORDO DE EMPRESA ENTRE A CARRISBUS-MANUTENÇAO, REPARAÇAO E TRANSPORTES, S.A. E O SINDICATO DOS TRABALHADORES DOS TRANSPORTES-SITRA - REVISÃO GLOBAL;Acordo de empresa;Distrital;2021;2022;3;1;1.104.3
6854;CONTRATO COLETIVO ENTRE A ASSOCIAÇÃO PORTUGUESA DE FABRICANTES DE PAPEL E CARTÃO (FAPEL) E A FEDERAÇÃO DE SINDICATOS DA INDÚSTRIA, ENERGIA E TRANSPORTES - COFESINT E OUTRA - REVISÃO GLOBAL;Contrato coletivo de trabalho;Nacional;2021;2021;3;3;2.47.0 4.9.2 5.282.1
6855;CONTRATO COLETIVO ENTRE A ASSOCIAÇÃO PORTUGUESA DE FABRICANTES DE PAPEL E CARTÃO (FAPEL) E A FEDERAÇÃO DOS SINDICATOS DA INDÚSTRIA E SERVIÇOS - FETESE - REVISÃO GLOBAL;Contrato coletivo de trabalho;Nacional;2021;2021;2;2;2.26.4 5.282.1
6856;CONTRATO COLETIVO ENTRE A ANIECA - ASSOCIAÇÃO NACIONAL DE ESCOLAS DE CONDUÇÃO AUTOMÓVEL E A FEDERAÇÃO DOS SINDICATOS DOS TRANSPORTES E COMUNICAÇÕES - FECTRANS - REVISÃO GLOBAL;Contrato coletivo de trabalho;Nacional;2021;2021;2;2;2.50.0 5.34.0
6857;ACORDO DE EMPRESA ENTRE A MEDWAY - OPERADOR FERROVIÁRIO DE MERCADORIAS, SA E O SINDICATO NACIONAL DOS MAQUINISTAS DOS CAMINHOS DE FERRO PORTUGUESES - SMAQ;Acordo de empresa;Nacional;2021;2021;1;1;1.344.2
6858;ACORDO COLETIVO ENTRE A LACTICOOP - UNIÃO DE COOPERATIVAS DE PRODUTOS DE LEITE ENTRE DOURO E MONDEGO, UCRL E OUTRA E O SINDICATO NACIONAL DOS TRABALHADORES DA AGRICULTURA, FLORESTA, PESCA, TURISMO, INDÚSTRIA ALIMENTAR, BEBIDAS E AFINS - SETAAB - REVISÃO GLOBAL;Acordo coletivo de trabalho;Nacional;2021;2023;3;1;1.631.0
6859;ACORDO DE EMPRESA ENTRE A DHL AVIATION NV - SA (SUCURSAL) E O SINDICATO DOS TRABALHADORES DA AVIAÇÃO E AEROPORTOS - SITAVA E OUTRO - REVISÃO GLOBAL;Acordo de empresa;Nacional;2021;2021;2;2;1.372.0 1.47.0
6860;CONTRATO COLETIVO ENTRE A GROQUIFAR - ASSOCIAÇÃO DE GROSSISTAS DE PRODUTOS QUÍMICOS E FARMACÊUTICOS E A FEDERAÇÃO DE SINDICATOS DA INDÚSTRIA, ENERGIA E TRANSPORTES - COFESINT E OUTRA (PRODUTOS QUÍMICOS) - REVISÃO GLOBAL;Contrato coletivo de trabalho;Nacional;2021;2026;18;4;2.47.0 4.9.1 4.9.2 5.136.0
6861;CONTRATO COLETIVO ENTRE A GROQUIFAR - ASSOCIAÇÃO DE GROSSISTAS DE PRODUTOS QUÍMICOS E FARMACÊUTICOS E A FEPCES - FEDERAÇÃO DOS SINDICATOS DO COMÉRCIO, ESCRITÓRIOS E SERVIÇOS E OUTRA (PRODUTOS QUÍMICOS) - REVISÃO GLOBAL;Contrato coletivo de trabalho;Nacional;2021;2026;17;4;2.50.0 2.6.0 2.6.4 5.136.0
6862;CONTRATO COLETIVO ENTRE A GROQUIFAR - ASSOCIAÇAO DE GROSSISTAS DE PRODUTOS QUIMICOS E FARMACEUTICOS E O SINDICATO DOS TRABALHADORES E TECNICOS DE SERVIÇOS, COMERCIO, RESTAURAÇAO E TURISMO - SITESE (PRODUTOS QUIMICOS) - REVISÃO GLOBAL;Contrato coletivo de trabalho;Nacional;2021;2026;12;3;1.218.5 1.218.6 5.136.0
6863;ACORDO COLETIVO ENTRE A LACTICOOP - UNIAO DE COOPERATIVAS DE PRODUTORES DE LEITE DE ENTRE DOURO E MONDEGO, UCRL E OUTRA E O SINDICATO DO COMERCIO, ESCRITORIOS E SERVIÇOS/UGT - SINDCES/UGT - REVISAO GLOBAL;Acordo coletivo de trabalho;Nacional;2021;2023;3;2;1.222.3 1.222.4
6864;CONTRATO COLETIVO ENTRE A ASSOCIAÇAO NACIONAL DE CENTROS DE INSPECÇAO AUTOMOVEL (ANCIA) E O SINDICATO DA CONSTRUÇAO, OBRAS PUBLICAS E SERVIÇOS - SETACCOP E OUTRO - ALTERAÇAO SALARIAL E OUTRAS;Contrato coletivo de trabalho;Nacional;2021;2024;8;4;1.218.6 1.286.3 2.26.4 5.558.0
6865;ACORDO DE EMPRESA ENTRE A EMPRESA MARTIN, SA - SUCURSAL EM PORTUGAL E O SINDICATO DOS TRABALHADORES DOS TRANSPORTES - SITRA;Acordo de empresa;Distrital;2021;2023;2;1;1.104.3
6866;CONTRATO COLETIVO ENTRE A ASSOCIAÇAO NACIONAL DOS INDUSTRIAIS DE PAPEL E CARTAO - ANIPC E A FEDERAÇAO INTERSINDICAL DAS INDUSTRIAS METALURGICAS, QUIMICAS, ELECTRICAS, FARMACEUTICA, CELULOSE, PAPEL, GRAFICA, IMPRENSA, ENERGIA E MINAS - FIEQUIMETAL - REVISÃO GLOBAL;Contrato coletivo de trabalho;Nacional;2021;2022;6;2;2.48.1 5.277.1
6867;ACORDO DE EMPRESA ENTRE A AUTOESTRADA DO ALGARVE- VIA DO INFANTE - SOCIEDADE CONCESSIONÁRIA - AAVI, SA E O CESP - SINDICATO DOS TRABALHADORES DO COMÉRCIO, ESCRITÓRIOS E SERVIÇOS DE PORTUGAL - REVISÃO GLOBAL;Acordo de empresa;Nacional;2021;2022;2;1;1.518.0
6868;ACORDO COLETIIVO ENTRE A ASSOCIAÇAO DE REGANTES E BENEFICIARIOS DO VALE DO SORRAIA E OUTRAS E O SINDICATO NACIONAL DOS TRABALHADORES DA AGRICULTURA, FLORESTA, PESCA, TURISMO, INDUSTRIA ALIMENTAR, BEBIDAS E AFINS - SETAAB - REVISAO GLOBAL;Acordo coletivo de trabalho;Nacional;2021;2021;1;1;1.631.0
6869;CONTRATO COLETIVO ENTRE A ADCP - ASSOCIAÇAO DAS ADEGAS COOPERATIVAS DE PORTUGAL E O SINDICATO NACIONAL DOS TRABALHADORES DA AGRICULTURA, FLORESTA, PESCA, TURISMO, INDUSTRIA ALIMENTAR, BEBIDAS E AFINS - SETAAB - REVISAO GLOBAL;Contrato coletivo de trabalho;Nacional;2021;2023;6;2;1.631.0 5.601.0
6870;CONTRATO COLETIVO ENTRE A ASSOCIAÇAO DOS INDUSTRIAIS DO ENSINO DA CONDUÇAO AUTOMOVEL DE PORTUGAL - ANORECA E A FEDERAÇAO DOS SINDICATOS DE TRANSPORTES E COMUNICAÇOES - FECTRANS - REVISAO GLOBAL;Contrato coletivo de trabalho;Nacional;2021;2021;2;2;2.50.0 5.476.1
6871;ACORDO DE EMPRESA ENTRE A INOVA - EMPRESA DE DESENVOLVIMENTO ECONÓMICO E SOCIAL DE CANTANHEDE, EM - SA E O SINDICATO DOS TRABALHADORES DA ADMINISTRAÇÃO PÚBLICA E DE ENTIDADES COM FINS PÚBLICOS - SINTAP;Acordo de empresa;Distrital;2021;2021;1;1;1.363.1
6872;ACORDO DE EMPRESA ENTRE A INOVA - EMPRESA DE DESENVOLVIMENTO ECONÓMICO E SOCIAL DE CANTANHEDE, EM - SA E O STAL - SINDICATO NACIONAL DOS TRABALHADORES DA ADMINISTRAÇÃO LOCAL E REGIONAL, EMPRESAS PÚBLICAS, CONCESSIONÁRIAS E AFINS;Acordo de empresa;Distrital;2021;2021;1;1;1.306.1
6873;ACORDO COLETIVO ENTRE A COOPERATIVA AGRO - PECUÁRIA DA BEIRA CENTRAL, C.R.L. E OUTRAS E O SINDICATO NACIONAL DOS TRABALHADORES DA AGRICULTURA, FLORESTA, PESCA, TURISMO, INDUSTRIA ALIMENTAR, BEBIDAS E AFINS-SETAAB E OUTRO - REVISAO GLOBAL;Acordo coletivo de trabalho;Nacional;2021;2021;2;2;1.222.3 1.631.0
6874;ACORDO DE EMPRESA ENTRE O FUTEBOL CLUBE DO PORTO E O CESP - SINDICATO DOS TRABALHADORES DO COMERCIO, ESCRITORIOS E SERVIÇOS DE PORTUGAL E OUTROS - REVISAO GLOBAL;Acordo de empresa;Distrital;2021;2023;7;3;1.31.2 1.392.1 1.518.0
6875;ACORDO DE EMPRESA ENTRE A AUTO - ESTRADAS NORTE LITORAL - SOCIEDADE CONCESSIONÁRIA - AENL, SA E O CESP - SINDICATO DOS TRABALHADORES DO COMÉRCIO, ESCRITÓRIOS E SERVIÇOS DE PORTUGAL - REVISÃO GLOBAL;Acordo de empresa;Nacional;2021;2023;3;1;1.518.0
6876;CONTRATO COLETIVO ENTRE A AECOPS - ASSOCIAÇÃO DE EMPRESAS DE CONSTRUÇÃO E OBRAS PÚBLICAS E SERVIÇOS E OUTRAS E A FEDERAÇÃO DOS SINDICATOS DA INDÚSTRIA E SERVIÇOS - FETESE E OUTROS - REVISÃO GLOBAL;Contrato coletivo de trabalho;Continente;2021;2023;12;7;1.221.1 1.361.2 2.26.4 2.47.0 5.129.1 5.176.2 5.251.0
6877;ACORDO COLETIVO ENTRE A NAVIGATOR TISSUE RODÃO, SA E OUTRA E A FEDERAÇÃO INTERSINDICAL DAS IND. METALURGICAS, QUIMICAS, ELÉCTRICAS E FARMACÊUTICA, CELULOSE,PAPEL,GRÁFICA,IMPRENSA,ENERGIA, MINAS- FIEQUIMETAL;Acordo coletivo de trabalho;Nacional;2021;2022;2;1;2.48.1
6878;ACORDO DE EMPRESA ENTRE A IMPRENSA NACIONAL - CASA DA MOEDA S.A. E O SINDICATO NACIONAL DOS TRABALHADORES DAS TELECOMUNICAÇOES E AUDIOVISUAL - SINTTAV;Acordo de empresa;Nacional;2021;2023;3;1;1.504.0
6879;ACORDO DE EMPRESA ENTRE A GNB - COMPANHIA DE SEGUROS, S.A. E O SINDICATO DOS TRABALHADORES DA ACTIVIDADE SEGURADORA (STAS) E OUTRO;Acordo de empresa;Nacional;2021;2023;4;2;1.454.0 1.85.3
6880;ACORDO DE EMPRESA ENTRE A AGUAS PUBLICAS DA SERRA DA ESTRELA, EIM, S.A. E O SINDICATO DOS TRABALHADORES DA ADMINISTRAÇAO PUBLICA E DE ENTIDADES COM FINS PUBLICOS - SINTAP;Acordo de empresa;Concelhia;2021;2024;3;1;1.363.1
6881;ACORDO DE EMPRESA ENTRE A OGMA - INDUSTRIA AERONAUTICA DE PORTUGAL, SA E O SINDICATO DOS TRABALHADORES DA AVIAÇAO E AEROPORTOS - SITAVA E OUTROS - REVISAO GLOBAL;Acordo de empresa;Nacional;2021;2024;21;6;1.340.0 1.372.0 1.460.1 1.470.0 1.639.1 1.667.0
6882;ACORDO DE EMPRESA ENTRE O CENTRO DE FORMAÇÃO PROFISSIONAL DA INDÚSTRIA DE FUNDIÇÃO  E O SINDICATO DOS TRABALHADORES EM FUNÇÕES PÚBLICAS E SOCIAIS DO NORTE (STFPSN) E OUTRA;Acordo de empresa;Nacional;2021;2021;2;2;1.313.2 2.25.2
6883;ACORDO DE EMPRESA ENTRE O CFPIMM - CENTRO DE FORMAÇÃO PROFISSIONAL DAS INDÚSTRIAS DA MADEIRA E MOBILIÁRIO E O SINDICATO DOS TRABALHADORES EM FUNÇÕES PÚBLICAS E SOCIAIS DO NORTE (STFPSN) E OUTRA;Acordo de empresa;Nacional;2021;2021;2;2;1.313.2 2.25.2
6884;CONTRATO COLETIVO ENTRE A ASSOCIAÇÃO DA HOTELARIA DE PORTUGAL (AHP) E O SINDICATO DOS TRABALHADORES E TÉCNICOS DE SERVIÇOS, COMÉRCIO, RESTAURAÇÃO E TURISMO - SITESE - REVISÃO GLOBAL;Contrato coletivo de trabalho;Continente;2021;2025;8;3;1.218.5 1.218.6 5.345.1
6885;ACORDO DE EMPRESA ENTRE A CARAVELA - COMPANHIA DE SEGUROS, SA E O SINDICATO DOS TRABALHADORES DA ACTIVIDADE SEGURADORA (STAS) E OUTROS - REVISÃO GLOBAL;Acordo de empresa;Nacional;2021;2023;9;3;1.187.1 1.454.0 1.85.3
6886;CONTRATO COLETIVO ENTRE A ASSOCIAÇÃO COMERCIAL DO DISTRITO DE AVEIRO (ACA) E O CESP - SINDICATO DOS TRABALHADORES DO COMÉRCIO, ESCRITÓRIOS E SERVIÇOS DE PORTUGAL E OUTRO - REVISÃO GLOBAL;Contrato coletivo de trabalho;Distrital;2022;2024;9;5;1.222.3 1.222.4 1.518.0 5.165.3 5.165.4
6887;ACORDO DE EMPRESA ENTRE A DHL AVIATION NV - SA (SUCURSAL) E O SINDICATO DOS TRABALHADORES DA AVIAÇÃO E AEROPORTOS - SITAVA E OUTRO - REVISÃO GLOBAL;Acordo de empresa;Nacional;2022;2026;12;2;1.372.0 1.47.0
6888;ACORDO COLETIVO ENTRE O CENTRO HOSPITALAR BARREIRO MONTIJO, EPE E OUTROS E A FEDERAÇÃO NACIONAL DOS PROFESSORES - FENPROF;Acordo coletivo de trabalho;Continente;2022;2022;1;1;2.33.0
6889;ACORDO DE EMPRESA ENTRE A EMARP - EMPRESA MUNICIPAL DE ÁGUAS E RESÍDUOS DE PORTIMÃO, EM, SA E O SINDICATO DOS TRABALHADORES DA ADMINISTRAÇÃO PÚBLICA E DE ENTIDADES COM FINS PÚBLICOS - SINTAP - REVISÃO GLOBAL;Acordo de empresa;Concelhia;2022;2022;1;1;1.363.1
6890;ACORDO COLETIVO ENTRE A NAVIGATOR TISSUE RODÃO, SA E OUTRA E A FEDERAÇÃO DOS SINDICATOS DA INDÚSTRIA E SERVIÇOS - FETESE E OUTRO;Acordo coletivo de trabalho;Nacional;2022;2023;4;2;1.360.3 2.26.4
6891;ACORDO COLETIVO ENTRE A INDORAMA VENTURES PORTUGAL PTA, UNIPESSOAL, LDA. E OUTRA E A FEDERAÇÃO DE SINDICATOS DA INDÚSTRIA, ENERGIA E TRANSPORTES - COFESINT E OUTROS - REVISÃO GLOBAL;Acordo coletivo de trabalho;Nacional;2022;2022;4;4;1.360.3 1.621.2 2.47.0 4.9.2
6892;ACORDO DE EMPRESA ENTRE A SIDUL AÇUCARES, UNIPESSOAL, LDA E A FEDERAÇÃO DE SINDICATOS DA INDÚSTRIA, ENERGIA E TRANSPORTES - COFESINT E OUTRA - REVISÃO GLOBAL;Acordo de empresa;Nacional;2022;2022;2;2;2.47.0 4.9.2
6893;CONTRATO COLETIVO ENTRE A ASSOCIAÇÃO DE TRANSITÁRIOS DE PORTUGAL - APAT E O SINDICATO DOS TRABALHADORES DA MARINHA MERCANTE, ÂGENCIAS DE VIAGENS, TRANSITÁRIOS E PESCAS (SIMAMEVIP) - REVISÃO GLOBAL;Contrato coletivo de trabalho;Nacional;2022;2023;4;2;1.173.2 5.57.1
6894;ACORDO DE EMPRESA ENTRE A GENERALI SEGUROS, SA E O SINDICATO NACIONAL DOS PROFISSIONAIS DE SEGUROS E AFINS - SINAPSA E OUTROS - REVISÃO GLOBAL;Acordo de empresa;Nacional;2022;2025;8;3;1.187.1 1.454.0 1.85.3
6895;ACORDO COLETIVO ENTRE A PARVALOREM, SA E OUTRA E O SINDICATO DOS TARBALHADORES DA ACTIVIDADE FINANCEIRA - SINTAF;Acordo coletivo de trabalho;Nacional;2022;2022;1;1;1.561.0
6896;ACORDO E EMPRESA ENTRE AS ÁGUAS DE GAIA EM, SA E O STAL - SINDICATO NACIONAL DOS TRABALHADORES DA ADMINISTRAÇÃO LOCAL E REGIONAL, EMPRESAS PÚBLICAS, CONCESSIONÁRIAS E AFINS;Acordo de empresa;Distrital;2022;2022;1;1;1.306.1
6897;ACORDO DE EMPRESA ENTRE A LAGOS-EM-FORMA - GESTÃO DESPORTIVA, E.M. , S.A. E O SINDICATO DOS TRABALHADORES DA ADMIINISTRAÇÃO  PÚBLICA E DE ENTIDADES COM FINS PÚBLICOS - SINTAP;Acordo de empresa;Concelhia;2022;2023;2;1;1.363.1
6898;CONTRATO COLETIVO ENTRE A ANIECA - ASSOCIAÇÃO NACIONAL DE ESCOLAS DE CONDUÇÃO AUTOMÓVEL E A FEDERAÇÃO DOS SINDICATOS DE TRANSPORTES E COMUNICAÇÕES - FECTRANS - REVISÃO GLOBAL;Contrato coletivo de trabalho;Nacional;2022;2022;2;2;2.50.0 5.34.0
6899;ACORDO DE EMPRESA ENTRE A EUROP ASSISTANCE S.A. - SUCURSAL EM PORTUGAL E O SINDICATO NACIONAL DOS PROFISSIONAIS DE SEGUROS E AFINS - SINAPSA E OUTROS;Acordo de empresa;Nacional;2022;2024;9;3;1.187.1 1.454.0 1.85.3
6900;ACORDO DE EMPRESA ENTRE A CAIMA - INDÚSTRIA DE CELULOSE, SA E A FIEQUIMETAL - FEDERAÇÃO INTERSINDICAL DAS INDÚSTRIAS METALÚRGICAS, QUÍMICAS, ELÉCTRICAS, FARMACÊUTICA,CELULOSE, PAPEL, GRÁFICA, IMPRENSA, ENERGIA E MINAS E OUTROS - REVISÃO GLOBAL;Acordo de empresa;Nacional;2022;2022;4;4;2.46.0 2.48.1 2.50.0 2.58.0
6901;ACORDO DE EMPRESA ENTRE A CAIMA - INDÚSTRIA DE CELULOSE, S.A. E O SINDICATO DOS TRABALHADORES DO SETOR DE SERVIÇOS - SITESE - REVISÃO GLOBAL;Acordo de empresa;Nacional;2022;2022;1;1;1.218.6
6902;ACORDO DE EMPRESA ENTRE A APEADEIRO 2020 - PRODUTOS E SERVIÇOS LDA E A FESAHT - FEDERAÇÃO DOS SINDICATOS DA AGRICULTURA, ALIMENTAÇÃO, BEBIDAS, HOTELARIA E TURISMO DE PORTUGAL;Acordo de empresa;Nacional;2022;2023;2;1;2.58.0
6903;CONTRATO COLETIVO ENTRE A AHSA - ASSOCIAÇAO DOS HORTICULTORES, FRUTICULTORES E FLORICULTORES DOS CONCELHOS DE ODEMIRA E ALJEZUR E O SINDICATO NACIONAL DOS TRABALHADORES DA AGRICULTURA, FLORESTA, PESCA, TURISMO, INDUSTRIA ALIMENTAR, BEBIDAS E AFINS - SETAAB - REVISAO GLOBAL;Contrato coletivo de trabalho;Concelhia;2022;2022;2;2;1.631.0 5.610.2
6904;CONTRATO COLETIVO ENTRE A ACIRO - ASSOCIAÇÃO COMERCIAL, INDUSTRIAL E SERVIÇOS DA REGIÃO OESTE E O CESP - SINDICATO DOS TRABALHADORES DO COMÉRCIO, ESCRITÓRIOS E SERVIÇOS DE PORTUGAL E OUTRA - REVISÃO GLOBAL;Contrato coletivo de trabalho;Concelhia;2022;2022;3;3;1.518.0 2.58.0 5.101.2
6905;CONTRATO COLETIVO ENTRE A ANEFA - ASSOCIAÇAO NACIONAL DE EMPRESAS FLORESTAIS, AGRICOLAS E DO AMBIENTE E O SINDICATO NACIONAL DOS TRABALHADORES DA AGRICULTURA, FLORESTA, PESCA, TURISMO, INDUSTRIA ALIMENTAR, BEBIDAS E AFINS - SETAAB - REVISAO GLOBAL;Contrato coletivo de trabalho;Nacional;2022;2022;2;2;1.631.0 5.425.1
6906;CONTRATO COLETIVO ENTRE A ASSOCIAÇAO EMPRESARIAL DE VIANA DO CASTELO E OUTRAS E O CESP - SINDICATO DOS TRABALHADORES DO COMERCIO, ESCRITORIOS E SERVIÇOS DE PORTUGAL - REVISÃO GLOBAL;Contrato coletivo de trabalho;Distrital;2022;2022;5;5;1.518.0 5.162.1 5.166.2 5.169.1 5.173.1
6907;CONTRATO COLETIVO ENTRE A ASSOCIAÇAO DOS INDUSTRIAIS DO ENSINO DA CONDUÇAO AUTOMOVEL DE PORTUGAL - ANORECA E A FEDERAÇAO DOS SINDICATOS DE TRANSPORTES E COMUNICAÇOES - FECTRANS - REVISAO GLOBAL;Contrato coletivo de trabalho;Nacional;2022;2022;2;2;2.50.0 5.476.1
6908;ACORDO DE EMPRESA ENTRE O CLUBE DE CAMPISMO DE LISBOA E O SINDICATO DOS TRABALHADORES DO SETOR DE SERVIÇOS - SITESE - REVISÃO GLOBAL;Acordo de empresa;Nacional;2022;2024;2;1;1.218.6
6909;CONTRATO COLETIVO ENTRE A ALIF - ASSOCIAÇÃO DA INDÚSTRIA  PELO FRIO E COMÉRCIO DE PRODUTOS ALIMENTARES E O SINDICATO NACIONAL DOS TRABALHADORES DA AGRICULTURA, FLORESTA, PESCA, TURISMO, INDUSTRIA ALIMENTAR, BEBIDAS E AFINS - SETAAB - REVISÃO GLOBAL;Contrato coletivo de trabalho;Nacional;2022;2023;4;3;1.631.0 5.241.2 5.241.3
6910;CONTRATO COLETIVO ENTRE A ASSOCIAÇAO NACIONAL DE COMERCIANTES E INDUSTRIAIS DE PRODUTOS ALIMENTARES (ANCIPA) E O SINDICATO NACIONAL DOS TRABALHADORES DA AGRICULTURA, FLORESTA, PESCA, TURISMO, INDUSTRIA ALIMENTAR, BEBIDAS E AFINS-SETAAB (INDUSTRIA DE BATATA FRITA,APERITIVOS E SIMILARES-REVISÃO GLOBAL;Contrato coletivo de trabalho;Nacional;2022;2023;4;2;1.631.0 5.12.0
6911;ACORDO DE EMPRESA ENTRE A CP - COMBOIOS DE PORTUGAL, E.P.E. E A ASSOCIAÇÃO SINDICAL DAS CHEFIAS INTERMÉDIAS DE EXPLORAÇÃO  FERROVIÁRIA - ASCEF E OUTROS - REVISAO GLOBAL;Acordo de empresa;Nacional;2022;2023;25;14;1.338.3 1.367.3 1.396.2 1.436.1 1.474.0 1.478.2 1.511.1 1.525.0 1.528.4 1.536.0 1.544.0 1.569.0 1.638.0 2.47.0
6912;CONTRATO COLETIVO ENTRE A ASSOCIAÇAO NACIONAL DE COMERCIANTES E INDUSTRIAIS DE PRODUTOS ALIMENTARES (ANCIPA) E O SINDICATO NACIONAL DOS TRABALHADORES DA AGRICULTURA, FLORESTA, PESCA, TURISMO, INDUSTRIA ALIMENTAR, BEBIDAS E AFINS - SETAAB (INDÚSTRIA DE HORTOFRUTÍCOLAS) - REVISÃO GLOBAL;Contrato coletivo de trabalho;Nacional;2022;2023;4;2;1.631.0 5.12.0
6913;CONTRATO COLETIVO ENTRE A ADCP - ASSOCIAÇAO DAS ADEGAS COOPERATIVAS DE PORTUGAL E O SINDICATO DOS TRABALHADORES DO SETOR DE SERVIÇOS - SITESE - REVISÃO GLOBAL;Contrato coletivo de trabalho;Nacional;2022;2025;8;2;1.218.6 5.601.0
6914;ACORDO DE EMPRESA ENTRE A PALMELA DESPORTO, EMPRESA LOCAL DE PROMOÇÃO DO DESPORTO, SAÚDE E QUALIDADE DE VIDA, EM, UNIPESSOAL LDA E O STAL - SINDICATO NACIONAL DOS TRABALHADORES DA ADMINISTRAÇÃO LOCAL E REGIONAL, EMPRESAS PÚBLICAS, CONCESSIONÁRIAS E AFINS;Acordo de empresa;Concelhia;2022;2022;1;1;1.306.1
6915;ACORDO DE EMPRESA ENTRE O SINDICATO DA BANCA, SEGUROS E TECNOLOGIAS - MAIS SINDICATO E O SINDICATO DOS JORNALISTAS - SJ;Acordo de empresa;Nacional;2022;2022;2;2;1.11.0 1.110.1
6917;ACORDO DE EMPRESA ENTRE A ASSOCIAÇAO HUMANITARIA DOS BOMBEIROS VOLUNTARIOS DE BENEDITA E O SINDICATO NACIONAL DOS BOMBEIROS PROFISSIONAIS (SNBP);Acordo de empresa;Nacional;2022;2022;1;1;1.486.0
6918;CONTRATO COLETIVO ENTRE A ASSOCIAÇÃO PORTUGUESA DE FABRICANTES DE PAPEL E CARTAO (FAPEL) E O SINDICATO DAS INDÚSTRIAS E AFINS - SINDEQ E OUTROS - ALTERAÇÃO SALARIAL E OUTRAS;Contrato coletivo de trabalho;Nacional;2022;2024;14;7;1.218.6 1.360.3 2.26.3 2.26.4 2.47.0 4.9.2 5.282.1
6919;CONTRATO COLETIVO ENTRE A ASSOCIAÇAO NACIONAL DE TRANSPORTES DE PASSAGEIROS - ANTROP E A  FEDERAÇAO DOS SINDICATOS DE TRANSPORTES E COMUNICAÇOES - FECTRANS - REVISAO GLOBAL;Contrato coletivo de trabalho;Nacional;2022;2022;2;2;2.50.0 5.203.2
6920;ACORDO DE EMPRESA ENTRE A CP - COMBOIOS DE PORTUGAL, EPE E O SINDICATO NACIONAL DOS MAQUINISTAS DOS CAMINHOS DE FERRO PORTUGUESES (SMAQ) - REVISAO GLOBAL;Acordo de empresa;Nacional;2022;2024;3;1;1.344.2
6921;ACORDO DE EMPRESA ENTRE A ASSOCIAÇAO HUMANITARIA DE BOMBEIROS VOLUNTARIOS DE ALGES E O SINDICATO NACIONAL DOS BOMBEIROS PROFISSIONAIS (SNBP) - REVISAO GLOBAL;Acordo de empresa;Nacional;2022;2022;1;1;1.486.0
6922;ACORDO COLETIVO ENTRE A COOPERATIVA AGRO-PECUARIA DA BEIRA CENTRAL, C.R.L. E OUTRAS E O SINDICATO NACIONAL DOS TRABALHADORES DA AGRICULTURA, FLORESTA, PESCA, TURISMO, INDUSTRIA ALIMENTAR, BEBIDAS E AFINS - SETAAB E OUTRO - REVISAO GLOBAL;Acordo coletivo de trabalho;Nacional;2022;2022;2;2;1.222.3 1.631.0
6923;CONTRATO COLETIVO ENTRE A ASSOCIAÇAO NACIONAL DE TRANSPORTES DE PASSAGEIROS - ANTROP E O SINDICATO NACIONAL DOS MOTORISTAS E OUTROS TRABALHADORES - REVISAO GLOBAL;Contrato coletivo de trabalho;Nacional;2022;2022;2;2;1.427.1 5.203.2
6924;CONTRATO COLETIVO ENTRE A ASSOCIAÇAO NACIONAL DE TRANSPORTES DE PASSAGEIROS - ANTROP E O SINDICATO DOS TRABALHADORES DOS TRANSPORTES DE PORTUGAL - STTAMP - REVISAO GLOBAL;Contrato coletivo de trabalho;Nacional;2022;2022;2;2;1.298.2 5.203.2
6925;ACORDO COLETIVO ENTRE A ASSOCIAÇAO DE REGANTES E BENEFICIARIOS DO VALE DO SORRAIA E OUTRAS E O SINDICATO NACIONAL DOS TRABALHADORES DA AGRICULTURA, FLORESTA, PESCA, TURISMO, INDUSTRIA ALIMENTAR, BEBIDAS E AFINS - SETAAB - REVISAO GLOBAL;Acordo coletivo de trabalho;Nacional;2022;2022;1;1;1.631.0
6926;ACORDO COLETIVO ENTRE A RODOVIARIA D'ENTRE DOURO E MINHO, SA E OUTRAS E A FECTRANS - FEDERAÇAO DOS SINDICATOS DE TRANSPORTES E COMUNICAÇOES E OUTROS;Acordo coletivo de trabalho;Nacional;2022;2022;3;3;1.298.2 1.427.1 2.50.0
6927;ACORDO DE EMPRESA ENTRE A VIMAGUA - EMPRESA DE AGUA E SANEAMENTO DE GUIMARAES E VIZELA, E.M., S.A. E O STAL - SINDICATO NACIONAL DOS TRABALHADORES DA ADMINISTRAÇAO LOCAL E REGIONAL, EMPRESAS PUBLICAS, CONCESSIONARIAS E AFINS;Acordo de empresa;Concelhia;2022;2025;2;1;1.306.1
6928;CONTRATO COLETIVO ENTRE A ASSOCIAÇAO PORTUGUESA DE ESCOLAS DE CONDUÇAO - APEC E A FEDERAÇAO DOS SINDICATOS DE TRANSPORTES E COMUNICAÇOES - FECTRANS - REVISAO GLOBAL;Contrato coletivo de trabalho;Nacional;2022;2022;2;2;2.50.0 5.463.0
6929;ACORDO DE EMPRESA ENTRE A EMES - EMPRESA MUNICIPAL DE ESTACIONAMENTO DE SINTRA, EM, SA E O STAL - SINDICATO NACIONAL DOS TRABALHADORES DA ADMINISTRAÇAO LOCAL E REGIONAL, EMPRESAS PUBLICAS, CONCESSIONARIAS E AFINS;Acordo de empresa;Concelhia;2022;2022;1;1;1.306.1
6930;ACORDO DE EMPRESA ENTRE A TST - TRANSPORTES SUL DO TEJO, S.A. E O SINDICATO DOS TRABALHADORES DOS TRANSPORTES - SITRA E OUTROS;Acordo de empresa;Nacional;2022;2024;9;4;1.104.3 1.427.1 1.427.2 2.50.0
6931;ACORDO COLETIVO ENTRE A BP PORTUGAL - COMÉRCIO DE COMBUSTÍVEIS E LUBRIFICANTES, S.A. E OUTRAS E A FEDERAÇÃO DE SINDICATOS DA INDÚSTRIA, ENERGIA E TRANSPORTES - COFESINT E OUTROS - REVISÃO GLOBAL;Acordo coletivo de trabalho;Nacional;2022;2024;11;4;1.218.6 1.360.3 2.47.0 4.9.2
6932;CONTRATO COLETIVO ENTRE A ASSOCIAÇÃO DOS COMERCIANTES DO PORTO E OUTRAS E O CESP - SINDICATO DOS TRABALHADORES DO COMÉRCIO, ESCRITÓRIOS E SERVIÇOS DE PORTUGAL - REVISÃO GLOBAL;Contrato coletivo de trabalho;Distrital;2022;2022;14;14;1.518.0 5.180.0 5.182.2 5.186.1 5.187.2 5.193.1 5.194.2 5.197.2 5.212.3 5.250.1 5.357.1 5.46.2 5.598.0 5.98.2
6933;CONTRATO COLETIVO ENTRE A ASSOCIAÇAO PORTUGUESA DE EDITORES E LIVREIROS E A FEPCES - FEDERAÇAO PORTUGUESA DOS SINDICATOS DO COMERCIO, ESCRITORIOS E SERVIÇOS E OUTROS - REVISAO GLOBAL;Contrato coletivo de trabalho;Nacional;2022;2026;14;8;1.143.2 1.218.6 1.591.0 2.48.1 2.50.0 2.58.0 2.6.4 5.127.0
6934;CONTRATO COLETIVO ENTRE A ASSOCIAÇAO NACIONAL DE TRANSPORTES DE PASSAGEIROS - ANTROP E O SINDICATO DOS TRABALHADORES DOS TRANSPORTES - SITRA - REVISAO GLOBAL;Contrato coletivo de trabalho;Nacional;2022;2022;2;2;1.104.3 5.203.2
6935;CONTRATO COLETIVO ENTRE A ASSOCIAÇAO PORTUGUESA DE ESCOLAS DE CONDUÇAO - APEC E O SINDICATO DOS TRABALHADORES DO SETOR DE SERVIÇOS - SITESE - REVISAO GLOBAL;Contrato coletivo de trabalho;Nacional;2022;2022;2;2;1.218.6 5.463.0
6936;ACORDO DE EMPRESA ENTRE A CP - COMBOIOS DE PORTUGAL, EPE E O SINDICATO FERROVIARIO DA REVISAO E COMERCIAL ITINERANTE - SFRCI - REVISAO GLOBAL;Acordo de empresa;Nacional;2022;2024;3;1;1.506.1
6937;CONTRATO COLETIVO ENTRE A CONFEDERAÇÃO NACIONAL DA EDUCAÇÃO E FORMAÇÃO (CNEF) E A FEDERAÇÃO NACIONAL DOS PROFESSORES - FENPROF;Contrato coletivo de trabalho;Nacional;2022;2024;4;2;2.33.0 8.11.0
6938;ACORDO DE EMPRESA ENTRE A ECOLEZIRIA - EMPRESA INTERMUNICIPAL PARA O TRATAMENTO DE RESIDUOS SOLIDOS. EIM E O STAL - SINDICATO DOS TRABALHADORES DA ADMINISTRAÇAO LOCAL E REGIONAL, EMPRESAS PUBLICAS, CONCESSIONARIOS E AFINS;Acordo de empresa;Concelhia;2022;2022;1;1;1.306.1
6939;CONTRATO COLETIVO ENTRE A CONFEDERAÇAO NACIONAL DAS INSTITUIÇOES DE SOLIDARIEDADE - CNIS E A FNE - FEDERAÇAO NACIONAL DA EDUCAÇAO E OUTROS - REVISAO GLOBAL;Contrato coletivo de trabalho;Nacional;2022;2024;22;10;1.104.3 1.218.6 1.363.1 1.368.2 1.377.2 1.393.0 1.393.1 1.601.0 2.31.1 2.54.0
6940;CONTRATO COLETIVO ENTRE A APECA - ASSOCIAÇAO PORTUGUESA DAS EMPRESAS DE CONTABILIDADE E ADMINISTRAÇAO E A FEPCES - FEDERAÇAO PORTUGUESA DOS SINDICATOS DO COMERCIO, ESCRITORIOS E SERVIÇOS E OUTRO - REVISAO GLOBAL;Contrato coletivo de trabalho;Nacional;2023;2026;5;3;1.218.6 2.6.4 5.419.2
6941;ACORDO DE EMPRESA ENTRE A ASSOCIAÇAO HUMANITARIA DOS BOMBEIROS VOLUNTARIOS PROGRESSO BARCARENENSE E O SINDICATO NACIONAL DOS BOMBEIROS PROFISSIONAIS (SNBP) E OUTRO;Acordo de empresa;Nacional;2023;2023;2;2;1.363.1 1.486.0
6942;ACORDO DE EMPRESA ENTRE A ASSOCIAÇAO HUMANITARIA DOS BOMBEIROS VOLUNTARIOS TORREJANOS E O SINDICATO NACIONAL DOS BOMBEIROS PROFISSIONAIS (SNBP);Acordo de empresa;Nacional;2023;2026;2;1;1.486.0
6943;ACORDO DE EMPRESA ENTRE A RESIALENTEJO - TRATAMENTO E VALORIZAÇÃO DE RESÍDUOS, E.I.M. E O STAL - SINDICATO NACIONAL DOS TRABALHADORES DA ADMINISTRAÇÃO LOCAL E REGIONAL, EMPRESAS PÚBLICAS, CONCESSIONÁRIAS E AFINS - REVISÃO GLOBAL;Acordo de empresa;Concelhia;2023;2023;1;1;1.306.1
6944;ACORDO DE EMPRESA ENTRE A PARMALAT PORTUGAL PRODUTOS ALIMENTARES, LDA E O SINDICATO NACIONAL DOS TRABALHADORES DA AGRICULTURA, FLORESTA, PESCA, TURISMO, INDUSTRIA ALIMENTAR, BEBIDAS E AFINS - SETAAB -REVISAO GLOBAL;Acordo de empresa;Concelhia;2023;2023;2;1;1.631.0
6945;CONTRATO COLETIVO ENTRE A CONFEDERAÇAO DOS AGRICULTORES DE PORTUGAL (CAP) E O SINDICATO NACIONAL DOS TRABALHADORES DA AGRICULTURA, FLORESTA, PESCA, TURISMO, INDUSTRIA ALIMENTAR, BEBIDAS E AFINS - SETAAB - REVISAO GLOBAL;Contrato coletivo de trabalho;Nacional;2023;2023;2;2;1.631.0 8.3.0
6946;CONTRATO COLETIVO ENTRE A AHSA - ASSOCIAÇAO DOS HORTICULTORES, FRUTICULTORES E FLORICULTORES DOS CONCELHOS DE ODEMIRA E ALJEZUR E O SINDICATO NACIONAL DOS TRABALHADORES DA AGRICULTURA, FLORESTA, PESCA, TURISMO, INDUSTRIA ALIMENTAR, BEBIDAS E AFINS - SETAAB - REVISAO GLOBAL;Contrato coletivo de trabalho;Concelhia;2023;2023;2;2;1.631.0 5.610.2
6947;ACORDO DE EMPRESA ENTRE A SKY VALET PORTUGAL, UNIPESSOAL, LDA. E O SINDICATO DOS TRABALHADORES DA AVIAÇÃO E AEROPORTOS - SITAVA;Acordo de empresa;Nacional;2023;2023;1;1;1.372.0
6948;CONTRATO COLETIVO ENTRE A ASSOCIAÇAO NACIONAL DE TRANSPORTADORES PUBLICOS RODOVIARIOS DE MERCADORIAS - ANTRAM E OUTRA E A FEDERAÇAO DOS SINDICATOS DE TRANSPORTES E COMUNICAÇOES - FECTRANS - REVISAO GLOBAL;Contrato coletivo de trabalho;Nacional;2023;2023;3;3;2.50.0 5.15.0 5.596.0
6949;CONTRATO COLETIVO ENTRE A ASSOCIAÇAO NACIONAL DE TRANSPORTADORES PUBLICOS RODOVIARIOS DE MERCADORIAS - ANTRAM E OUTRA E O SIMM - SINDICATO INDEPENDENTE DOS MOTORISTAS DE MERCADORIAS E OUTROS - REVISAO GLOBAL;Contrato coletivo de trabalho;Nacional;2023;2023;5;5;1.427.2 1.616.0 1.668.0 5.15.0 5.596.0
6950;CONTRATO COLETIVO ENTRE A ASSOCIAÇAO NACIONAL DE TRANSPORTADORES PUBLICOS RODOVIARIOS DE MERCADORIAS - ANTRAM E OUTRA E O SINDICATO DOS TRABALHADORES DE TRANSPORTES RODOVIARIOS E URBANOS DE NORTE (STRUN) - REVISAO GLOBAL;Contrato coletivo de trabalho;Nacional;2023;2023;3;3;1.392.1 5.15.0 5.596.0
6951;ACORDO DE EMPRESA ENTRE A EMARP - EMPRESA MUNICIPAL DE AGUAS E RESIDUOS DE PORTIMAO, EM, SA E O SINDICATO DOS TRABALHADORES DA ADMINISTRAÇAO PUBLICA E DE ENTIDADES COM FINS PUBLICOS - SINTAP - REVISAO GLOBAL;Acordo de empresa;Concelhia;2023;2023;1;1;1.363.1
6952;ACORDO DE EMPRESA ENTRE A SN MAIA - SIDERUGIA NACIONAL, SA E O SINDEL - SINDICATO NACIONAL DA INDUSTRIA E DA ENERGIA E OUTRO - REVISAO GLOBAL;Acordo de empresa;Nacional;2023;2023;2;2;1.218.6 1.361.2
6953;ACORDO DE EMPRESA ENTRE A SN SEIXAL - SIDERUGIA NACIONAL, SA E O SINDEL - SINDICATO NACIONAL DA INDUSTRIA E DA ENERGIA E OUTRO - REVISAO GLOBAL;Acordo de empresa;Nacional;2023;2023;2;2;1.218.6 1.361.2
6954;ACORDO DE EMPRESA ENTRE A AF - AGUAS DE FAFE, EM E O SINDICATO DOS TRABALHADORES DA ADMINISTRAÇAO PUBLICA E DE ENTIDADES COM FINS PUBLICOS - SINTAP;Acordo de empresa;Concelhia;2023;2024;2;1;1.363.1
6955;CONTRATO COLETIVO ENTRE A ASSOCIAÇÃO NACIONAL DAS EMPRESAS DE SEGURANÇA, ROUBO E FOGO - AESIRF E A ASSP - ASSOCIAÇÃO SINDICAL DA SEGURANÇA PRIVADA E OUTRO - REVISÃO GLOBAL;Contrato coletivo de trabalho;Nacional;2023;2025;7;3;1.647.0 1.673.0 5.439.2
6956;ACORDO DE EMPRESA ENTRE A GEBALIS - GESTÃO DO ARRENDAMENTO DA HABITAÇÃO MUNICIPAL DE LISBOA, EM, SA E O STAL - SINDICATO NACIONAL DOS TRABALHADORES DA ADMINISTRAÇÃO LOCAL E REGIONAL, EMPRESAS PÚBLICAS, CONCESSIONÁRIAS E AFINS E OUTRO - REVISÃO GLOBAL;Acordo de empresa;Concelhia;2023;2023;2;2;1.306.1 1.327.1
6957;CONTRATO COLETIVO ASSOCIAÇÃO COMERCIAL, INDUSTRIAL E SERVIÇOS DE BARCELOS E DO VALE DO CÁVADO-ACIBARCELOS E OUTRA E O SINDICATO INDEPENDENTE TRABALHADORES DO SECTOR EMPRESARIAL DA CERÂMICA, DOS CIMENTOS, DO VIDRO E ATIVIDADES CONEXAS DOS DISTRITOS BRAGA, PORTO E VIANA DO CASTELO-ALT. SALARIAL E OUTR;Contrato coletivo de trabalho;Distrital;2023;2026;12;5;1.518.0 1.519.0 5.162.1 5.162.2 5.174.2
6958;ACORDO DE EMPRESA ENTRE A MAIAMBIENTE, E.M. E O SINDICATO DOS TRABALHADORES DA ADMINISTRAÇÃO PÚBLICA E DE ENTIDADES COM FINS PÚBLICOS - SINTAP;Acordo de empresa;Concelhia;2023;2025;4;1;1.363.1
6959;ACORDO DE EMPRESA ENTRE A SCOTTURB - TRANSPORTES URBANOS, LDA E O SINDICATO DOS TRABALHADORES DOS TRANSPORTES - SITRA;Acordo de empresa;Nacional;2023;2023;1;1;1.104.3
6960;ACORDO DE EMPRESA ENTRE A RYANAIR - DESIGNATED ACTIVITY COMPANY - SUCURSAL EM PORTUGAL E O SINDICATO DOS TRABALHADORES DOS TRANSPORTES DE PORTUGAL - STTAMP - REVISÃO GLOBAL;Acordo de empresa;Nacional;2023;2023;1;1;1.298.2
6961;ACORDO DE EMPRESA ENTRE A EMPRESA METROPOLITANA DE ESTACIONAMENTO DA MAIA, E.M. E O SINDICATO DOS TRABALHADORES DA ADMINISTRAÇÃO PÚBLICA E DE ENTIDADES COM FINS PÚBLICOS - SINTAP - REVISÃO GLOBAL;Acordo de empresa;Concelhia;2023;2023;1;1;1.363.1
6962;ACORDO DE EMPRESA ENTRE A VIAPORTO, OPERAÇAO E MANUTENÇAO DE TRANSPORTES, UNIPESSOAL, LDA E O SINDICATO INDEPENDENTE DOS TRABALHADORES FERROVIARIOS, DAS INFRASTRUTURAS E AFINS - SINFA;Acordo de empresa;Distrital;2023;2026;3;1;1.367.3
6963;CONTRATO COLETIVO ENTRE A ASSOCIAÇÃO DO COMÉRCIO E SERVIÇOS DA REGIÃO DO ALGARVE - ACRAL E O CESP - SINDICATO DOS TRABALHADORES DO COMÉRCIO, ESCRITÓRIOS E SERVIÇOS DE PORTUGAL E OUTROS -  REVISÃO GLOBAL;Contrato coletivo de trabalho;Distrital;2023;2025;12;4;1.144.1 1.518.0 1.565.0 5.334.2
6964;ACORDO COLETIVO ENTRE A MEO - SERVIÇOS DE COMUNICAÇOES E MULTIMEDIA, SA E OUTRAS E O SINDICATO DOS TRABALHADORES DO GRUPO ALTICE EM PORTUGAL - STPT E OUTROS - REVISAO GLOBAL;Acordo coletivo de trabalho;Nacional;2023;2023;8;8;1.119.1 1.236.1 1.248.5 1.385.3 1.433.1 1.451.0 1.47.0 1.504.0
6965;ACORDO DE EMPRESA ENTRE O SERVIÇO DE UTILIZAÇAO COMUM DOS HOSPITAIS (SUCH) E A FESAHT - FEDERAÇAO DOS SINDICATOS DA AGRICULTURA, ALIMENTAÇAO, BEBIDAS, HOTELARIA E TURISMO DE PORTUGAL E OUTRAS - REVISAO GLOBAL;Acordo de empresa;Nacional;2023;2023;4;4;2.20.2 2.48.1 2.50.0 2.58.0
6966;ACORDO DE EMPRESA ENTRE A ALSA TODI METROPOLITANA DE LISBOA, LDA E O SINDICATO DOS TRABALHADORES DOS TRANSPORTES - SITRA E OUTROS;Acordo de empresa;Continente;2023;2023;2;2;1.104.3 2.50.0
6967;ACORDO COLETIVO ENTRE AS AGUAS DO NORTE, SA E OUTRAS E O SIEAP - SINDICATO NACIONAL DA INDUSTRIA E ENERGIA;Acordo coletivo de trabalho;Nacional;2023;2026;4;1;1.621.2
6968;CONTRATO COLETIVO ENTRE A UNIAO DAS MISERICORDIAS PORTUGUESAS - UMP E A FNE - FEDERAÇAO NACIONAL DA EDUCAÇAO E OUTROS;Contrato coletivo de trabalho;Continente;2023;2026;29;9;1.104.3 1.218.6 1.225.2 1.363.1 1.368.2 1.377.2 1.393.0 1.393.1 2.54.0
6969;CONTRATO COLETIVO ENTRE A FEDERAÇAO NACIONAL DAS ORGANIZAÇOES DE PRODUTORES DE FRUTAS E HORTICOLAS - FNOP E O SINDICATO NACIONAL DOS TRABALHADORES DA AGRICULTURA, FLORESTA, PESCA, TURISMO, INDUSTRIA ALIMENTAR, BEBIDAS E AFINS - SETAAB;Contrato coletivo de trabalho;Continente;2023;2023;2;2;1.631.0 5.177.1
6970;ACORDO DE EMPRESA ENTRE A AC, ÁGUAS DE COIMBRA, E.M. E O SINDICATO DOS TARBALHADORES DA ADMINISTRAÇÃO PÚBLICA E DE ENTIDADES COM FINS PÚBLICOS - SINTAP - REVISÃO GLOBAL;Acordo de empresa;Distrital;2023;2023;1;1;1.363.1
6971;CONTRATO COLETIVO ENTRE A ASSOCIAÇÃO DOS AGRICULTORES DO BAIXO ALENTEJO E O SINDICATO NACIONAL DOS TRABALHADORES DA AGRICULTURA, FLORESTA, PESCA, TURISMO, INDÚSTRIA ALIMENTAR, BEBIDAS E AFINS - SETAAB - REVISÃO GLOBAL;Contrato coletivo de trabalho;Distrital;2023;2024;4;2;1.631.0 5.321.0
6972;ACORDO DE EMPRESA ENTRE A MUTUA DOS PESCADORES - MUTUA DE SEGUROS, CRL E O SINDICATO NACIONAL DOS PROFISSIONAIS DE SEGUROS E AFINS - SINAPSA - REVISAO GLOBAL;Acordo de empresa;Nacional;2023;2023;1;1;1.187.1
6973;ACORDO DE EMPRESA ENTRE A PONTO SEGURO - MEDICAÇAO DE SEGUROS SA E O SINDICATO NACIONAL DOS PROFISSIONAIS DE SEGUROS E AFINS - SINAPSA - REVISAO GLOBAL;Acordo de empresa;Nacional;2023;2023;1;1;1.187.1
6974;ACORDO DE EMPRESA ENTRE A CAIMA, SA E O SINDICATO DOS TRABALHADORES DO SETOR DE SERVIÇOS - SITESE - REVISAO GLOBAL;Acordo de empresa;Nacional;2023;2023;1;1;1.218.6
6975;CONTRATO COLETIVO ENTRE A ASSOCIAÇAO PORTUGUESA DA INDUSTRIA DE OURIVESARIA - APIO E A FEDERAÇAO INTERSINDICAL DAS INDUSTRIAS METALURGICAS, QUIMICAS, ELECTRICAS, FARMACEUTICA, CELULOSE, PAPEL, GRAFICA, IMPRENSA, ENERGIA E MINAS - FIEQUIMETAL - REVISAO GLOBAL;Contrato coletivo de trabalho;Nacional;2023;2026;8;2;2.48.1 5.64.1
6976;ACORDO DE EMPRESA ENTRE A RYANAIR - DESIGNATED ACTIVITY COMPANY - SUCURSAL EM PORTUGAL E O SPAC - SINDICATO DOS PILOTOS DA AVIAÇAO CIVIL - REVISAO GLOBAL;Acordo de empresa;Nacional;2023;2023;1;1;1.320.0
6977;ACORDO DE EMPRESA ENTRE A EMEL - EMPRESA MUNICIPAL DE MOBILIDADE E ESTACIONAMENTO DE LISBOA, E.M, S.A. E O SINDICATO DOS TRABALHADORES DA ADMINISTRAÇAO PUBLICA E DE ENTIDADES COM FINS PUBLICOS - SINTAP;Acordo de empresa;Distrital;2023;2023;1;1;1.363.1
6978;CONTRATO COLETIVO ENTRE ASSOCIAÇAO NACIONAL DE TRANSPORTES DE PASSAGEIROS - ANTROP E O SINDICATO DOS TRABALHADORES RODOVIARIOS DO NORTE - STRN;Contrato coletivo de trabalho;Pluridistrital;2023;2023;2;2;1.681.0 5.203.2
6979;ACORDO DE EMPRESA ENTRE A CAIMA, SA E A FIEQUIMETAL - FEDERAÇAO INTERSINDICAL DAS INDUSTRIAS METALURGICAS, QUIMICAS, ELECTRICAS, FARMACEUTICA, CELULOSE, PAPEL, GRAFICA, IMPRENSA, ENERGIA E MINAS E OUTROS - REVISAO GLOBAL;Acordo de empresa;Nacional;2023;2023;5;5;1.518.0 2.46.0 2.48.1 2.50.0 2.58.0
6980;CONTRATO COLETIVO ENTRE A FENAME - FEDERAÇÃO NACIONAL DO METAL E O SINDICATO DOS TRABALHADORES DO SETOR DE SERVIÇOS - SITESE E OUTROS - ALTERAÇÃO SALARIAL E OUTRA/TEXTO ONSOLIDADO;Contrato coletivo de trabalho;Nacional;2023;2026;20;6;1.218.4 1.218.6 1.346.0 1.361.2 2.47.0 6.8.0
6981;CONTRATO COLETIVO ENTRE A ANIECA - ASSOCIAÇAO NACIONAL DE ESCOLAS DE CONDUÇAO AUTOMOVEL E A FEDERAÇAO DOS SINDICATOS DE TRANSPORTES E COMUNICAÇOES - FECTRANS - REVISAO GLOBAL;Contrato coletivo de trabalho;Nacional;2023;2023;2;2;2.50.0 5.34.0
6982;AC ENTRE A LACTICOOP-UNIAO DE COOPERATIVAS DE PRODUTORES DE LEITE DE ENTRE DOURO E MONDEGO,UCRL E OUTRA E O SINDICATO DOS PROFISSIONAIS DE LACTICINIOS,ALIMENTAÇAO,AGRICULTURA,ESCRITORIOS,COMERCIO,SERVIÇOS,TRANSPORTES RODOVIARIOS,METALOMECANICA,METALURGIA,CONSTRUÇAO CIVIL E MADEIRAS-REVISAO GLOBAL;Acordo coletivo de trabalho;Nacional;2023;2023;1;1;1.138.1
6983;ACORDO DE EMPRESA ENTRE A TUB - TRANSPORTES URBANOS DE BRAGA, EM E O STAL - SINDICATO NACIONAL DOS TRABALHADORES DA ADMINISTRAÇAO LOCAL E REGIONAL, EMPRESAS PUBLICAS, CONCESSIONARIAS E AFINS;Acordo de empresa;Concelhia;2023;2025;2;1;1.306.1
6984;CONTRATO COLETIVO ENTRE A UNIAO DAS MISERICORDIAS PORTUGUESAS E O SINDICATO DOS ENFERMEIROS PORTUGUESES - SEP E OUTROS;Contrato coletivo de trabalho;Continente;2023;2025;12;4;1.157.2 1.273.3 2.25.2 2.33.0
6985;CONTRATO COLETIVO ENTRE A ASSOCIAÇAO EMPRESARIAL DE VIANA DO CASTELO E OUTRAS E O CESP - SINDICATO DOS TRABALHADORES DO COMERCIO, ESCRITORIOS E SERVIÇOS DE PORTUGAL - REVISAO GLOBAL;Contrato coletivo de trabalho;Distrital;2023;2023;5;5;1.518.0 5.162.1 5.166.2 5.169.1 5.173.1
6986;ACORDO COLETIVO ENTRE A APDL - ADMINISTRAÇAO DOS PORTOS DO DOURO, LEIXOES E VIANA DO CASTELO, SA E OUTRAS E A FEDERAÇAO DOS SINDICATOS DE TRANSPORTES E COMUNICAÇOES - FECTRANS;Acordo coletivo de trabalho;Continente;2023;2025;2;1;2.50.0
6987;ACORDO DE EMPRESA ENTRE A AUTOESTRADA DO ALGARVE - VIA DO INFANTE - SOCIEDADE CONCESSIONARIA - AAVI, SA E O CESP - SINDICATO DOS TRABALHADORES DO COMERCIO, ESCRITORIOS E SERVIÇOS DE PORTUGAL - REVISAO GLOBAL;Acordo de empresa;Nacional;2023;2025;3;2;1.518.0 1.587.0
6988;ACORDO DE EMPRESA ENTRE A MANOS DO DOURO - ORGANIZAÇAO DE PASSEIOS MARITIMO TURISTICOS, UNIPESSOAL LDA E A FEDERAÇAO DE SINDICATOS DOS TRABALHADORES DO MAR - FESMAR;Acordo de empresa;Nacional;2023;2026;3;1;2.36.0
6989;ACORDO DE EMPRESA ENTRE A MEDWAY - MAINTENANCE & REPAIR, SA E O SINDICATO NACIONAL DEMOCRÁTICO DA FERROVIA - SINDEFER E OUTROS;Acordo de empresa;Nacional;2023;2023;3;3;1.338.3 1.515.0 1.525.0
6990;ACORDO DE EMPRESA ENTRE A PORTUGALIA - COMPANHIA PORTUGUESA DE TRANSPORTES AEREOS, SA E O SIPLA - SINDICATO INDEPENDENTE DE PILOTOS DE LINHAS AEREAS - REVISAO GLOBAL;Acordo de empresa;Nacional;2023;2023;1;1;1.628.1
6991;CONTRATO COLETIVO ENTRE A ASSOCIAÇÃO NACIONAL DOS INDUSTRIAIS DE PAPEL E CARTÃO - ANIPC E A FEDERAÇÃO INTERSINDICAL DAS INDÚSTRIAS METALÚRGICAS, QUÍMICAS, ELÉCTRICAS, FARMACÊUTICA, CELULOSE, PAPEL, GRÁFICA, IMPRENSA, ENERGIA E MINAS - FIEQUIMETAL - REVISÃO GLOBAL;Contrato coletivo de trabalho;Nacional;2023;2025;6;2;2.48.1 5.277.1
6992;CONTRATO COLETIVO ENTRE A GROQUIFAR - ASSOCIAÇÃO DE GROSSISTAS DE PRODUTOS QUÍMICOS E FARMACÊUTICOS E A FEDERAÇÃO INTERSINDICAL DAS INDÚSTRIAS METALÚRGICAS, QUÍMICAS, ELÉCTRICAS, FARMACÊUTICA, CELULOSE, PAPEL,GRÁFICA,IMPRENSA, ENERGIA E MINAS - FIEQUIMETAL - REVISÃO GLOBAL;Contrato coletivo de trabalho;Nacional;2023;2026;8;2;2.48.1 5.136.0
6993;CONTRATO COLECTIVO ENTRE A APIMPRENSA - ASSOCIAÇÃO PORTUGUESA DE IMPRENSA E O SINDICATO DOS JORNALISTAS - REVISÃO GLOBAL;Contrato coletivo de trabalho;Nacional;2023;2023;2;2;1.11.0 5.139.2
6994;CONTRATO COLETIVO ENTRE A ASSOCIAÇÃO DOS INDUSTRÍAIS DO ENSINO DA CONDUÇÃO AUTOMÓVEL DE PORTUGAL - ANORECA E A FEDERAÇÃO DOS SINDICATOS DE TRANSPORTES E COMUNICAÇÕES - FECTRANS - REVISÃO GLOBAL;Contrato coletivo de trabalho;Nacional;2023;2023;2;2;2.50.0 5.476.1
6995;ACORDO DE EMPRESA ENTRE A TRANSPORTES AÉREOS PORTUGUESES, SA E O SPAC - SINDICATO DOS PILOTOS DA AVIAÇÃO CIVIL - REVISÃO GLOBAL;Acordo de empresa;Nacional;2023;2024;2;1;1.320.0
6996;CONTRATO COLETIVO ENTRE A GROQUIFAR - ASSOCIAÇÃO DE GROSSISTAS DE PRODUTOS QUIMICOS E FARMACEUTICOS E A FEDERAÇÃO INTERSINDICAL DAS INDUSTRIAS METALURGICAS, QUIMICAS, ELECTRICAS, FARMACEUTICAS, CELULOSE, PAPEL, GRÁFICA, IMPRENSA, ENERGIA E MINAS - FIEQUIMETAL - (GESTÃO DE PRAGAS E SAÚDE AMBIENTAL);Contrato coletivo de trabalho;Nacional;2023;2025;6;3;1.136.0 2.48.1 5.136.0
6997;ACORDO DE EMPRESA ENTRE A PARQUES SINTRA - MONTE DA LUA, SA E O SINDICATO DOS TRABALHADORES DA ADMINISTRAÇÃO PUBLICA E DE ENTIDADES COM FINS PUBLICOS - SINTAP - REVISÃO GLOBAL;Acordo de empresa;Concelhia;2023;2023;1;1;1.363.1
6998;ACORDO DE EMPRESA ENTRE A GROUNDLINK III HANDLING, LDA E O SINDICATO DOS TRABALHADORES DA AVIAÇAO E AEROPORTOS - SITAVA;Acordo de empresa;Nacional;2023;2023;1;1;1.372.0
6999;ACORDO DE EMPRESA ENTRE A NAVEGAÇAO AEREA DE PORTUGAL - NAV PORTUGAL, E.P.E. E O SINDICATO DOS CONTROLADORES DE TRAFEGO AEREO - SINCTA - REVISAO GLOBAL;Acordo de empresa;Nacional;2023;2023;1;1;1.383.0
7000;ACORDO DE EMPRESA ENTRE O SERVIÇO DE UTILIZAÇÃO COMUM DOS HOSPITAIS (S.U.C.H) E O SINDICATO DOS TRABALHADORES DA ADMINISTRAÇÃO PÚBLICA E DE ENTIDADE COM FINS PÚBLICOS - SINTAP E OUTRO - REVISÃO GLOBAL;Acordo de empresa;Nacional;2023;2023;2;2;1.363.1 1.385.3
7001;ACORDO DE EMPRESA ENTRE A RYANAIR - DESIGNATED ACTIVITY COMPANY - SUCURSAL EM PORTUGAL E O SINDICATO DOS TRABALHADORES DA AVIAÇÃO E AEROPORTOS - SITAVA;Acordo de empresa;Nacional;2023;2023;2;2;1.372.0 1.470.0
7002;ACORDO DE EMPRESA ENTRE A RADIO E TELEVISÃO DE PORTUGAL, SA E A FE - FEDERAÇÃO DOS ENGENHEIROS E OUTROS - REVISÃO GLOBAL;Acordo de empresa;Nacional;2023;2025;54;15;1.11.0 1.119.1 1.143.2 1.144.1 1.157.2 1.218.6 1.440.1 1.451.0 1.504.0 1.516.2 1.627.0 2.26.4 2.47.0 2.50.0 2.6.4
7003;CONTRATO COLETIVO ENTRE A ASSOCIAÇÃO PORTUGUESA DA INDUSTRIA DOS RECURSOS  MINERAIS (ASSIMAGRA)  E A FEDERAÇÃO PORTUGUESA DOS SINDICATOS DA CONSTRUÇÃO, CERÂMICA E VIDRO - FEVICCOM E OUTRAS - REVISÃO GLOBAL;Contrato coletivo de trabalho;Nacional;2023;2023;8;4;2.46.0 2.50.0 2.6.4 5.124.1
7004;CONTRATO COLECTIVO ENTRE A ASSOCIAÇÃO PORTUGUESA DE ANALISTAS CLINICOS - APAC E A FEPCES - FEDERAÇÃO PORTUGUESA DOS SINDICATOS DO COMÉRCIO, ESCRITÓRIOS E SERVIÇOS E OUTRO - REVISÃO GLOBAL;Contrato coletivo de trabalho;Nacional;2023;2023;3;3;1.19.1 2.6.4 5.299.1
7005;CONTRATO COLECTIVO ENTRE  A ASSOCIAÇÃO PORTUGUESA DE ANALISTAS CLÍNICOS - APAC E O SINDICATO DOS TRABALHADORES DO SETOR DE SERVIÇOS - SITESE - REVISÃO GLOBAL;Contrato coletivo de trabalho;Nacional;2023;2023;2;2;1.218.6 5.299.1
7006;CONTRATO COLETIVO ENTRE A ASSOCIAÇÃO PORTUGUESA DOS INDUSTRIAIS DE CALÇADO, COMPONENTES E ARTIGOS DE PELE E SEUS SUCEDÂNEOS - APICCAPS E O SINDICATO DAS INDÚSTRIAS E AFINS - SINDEQ - REVISÃO GLOBAL;Contrato coletivo de trabalho;Nacional;2023;2023;2;2;1.360.3 5.301.0
7007;CONTRATO COLETIVO ENTRE A ASSOCIAÇÃO NACIONAL DAS FARMÁCIAS - ANF E O SIFAP - SINDICATO NACIONAL DOS PROFISSIONAIS DE FARMÁCIA E PARAMÉDICOS (QUADRO FARMACÊUTICO);Contrato coletivo de trabalho;Nacional;2023;2025;4;2;1.19.1 5.100.1
7008;ACORDO COLETIVO ENTRE A ASSOCIAÇÃO DE REGANTES E BENEFICIARIOS DO VALE DO SORRAIA E OUTRAS E O SINDICATO NACIONAL DOS TRABALHADORES DA AGRICULTURA, FLORESTA, PESCA, TURISMO, INDUSTRIA ALIMENTAR, BEBIDAS E AFINS - SETAAB - REVISAO GLOBAL;Acordo coletivo de trabalho;Nacional;2023;2023;1;1;1.631.0
7009;CONTRATO COLETIVO ENTRE A ACISO - ASSOCIAÇAO EMPRESARIAL DE OUREM - FATIMA E OUTRAS E O CESP - SINDICATO DOS TRABALHADORES DO COMERCIO, ESCRITORIOS E SERVIÇOS DE PORTUGAL - REVISAO GLOBAL;Contrato coletivo de trabalho;Distrital;2023;2023;6;6;1.518.0 5.175.2 5.214.1 5.236.2 5.240.3 5.317.2
7010;ACORDO DE EMPRESA ENTRE A FONT SALEM PORTUGAL, SA E A FESAHT - FEDERAÇAO DOS SINDICATOS DA AGRICULTURA, ALIMENTAÇAO, BEBIDAS, HOTELARIA E TURISMO DE PORTUGAL - REVISAO GLOBAL;Acordo de empresa;Distrital;2023;2023;1;1;2.58.0
7011;ACORDO DE EMPRESA ENTRE A NEWRAIL - RESTAURAÇAO E SERVIÇOS, LDA E A FESAHT - FEDERAÇAO DOS SINDICATOS DA AGRICULTURA, ALIMENTAÇAO, BEBIDAS, HOTELARIA E TURISMO DE PORTUGAL;Acordo de empresa;Nacional;2023;2025;3;1;2.58.0
7012;ACORDO DE EMPRESA ENTRE A EASYJET AIRLINE COMPANY LIMITED - SUCURSAL EM PORTUGAL E O SPAC - SINDICATO DOS PILOTOS DA AVIAÇÃO CIVIL - REVISÃO GLOBAL;Acordo de empresa;Nacional;2023;2023;2;2;1.218.6 1.320.0
7013;ACORDO DE EMPRESA ENTRE A ACADEMIA MUSICAL DOS AMIGOS DAS CRIANÇAS E A FEDERAÇÃO NACIONAL DOS PROFESSORES - FENPROF E OUTRO;Acordo de empresa;Pluridistrital;2023;2023;2;2;1.152.2 2.33.0
7014;ACORDO DE EMPRESA ENTRE A INFRAQUINTA - EMPRESA DE INFRAESTRUTURAS DA QUINTA DO LAGO, E.M. E O SINDICATO DOS TRABALHADORES DA ADMINISTRAÇÃO PÚBLICA E DE ENTIDADES COM FINS PÚBLICOS - SINTAP;Acordo de empresa;Concelhia;2023;2023;1;1;1.363.1
7015;ACORDO DE EMPRESA ENTRE A GESLOURES, GESTÃO DE EQUIPAMENTOS SOCIAIS, EM UNIPESSOAL, LDA E O SINDICATO DOS TRABALHADORES DA ADMINISTRAÇÃO PÚBLICA E DE ENTIDADES COM FINS PÚBLICOS - SINTAP E OUTRO - REVISÃO GLOBAL;Acordo de empresa;Concelhia;2023;2024;4;2;1.218.6 1.363.1
7016;ACORDO DE EMPRESA ENTRE A INOVA - EMPRESA DE DESENVOLVIMENTO ECONÓMICO E SOCIAL DE CANTANHEDE, EM - SA E O SINDICATO DOS TRABALHADORES DA ADMINISTRAÇÃO PÚBLICA E DE ENTIDADES COM FINS PÚBLICOS - SINTAP - REVISÃO GLOBAL;Acordo de empresa;Distrital;2023;2023;1;1;1.363.1
7017;ACORDO DE EMPRESA ENTRE A INOVA - EMPRESA DE DESENVOLVIMENTO ECONÓMICO E SOCIAL DE CANTANHEDE, EM - SA E O STAL - SINDICATO NACIONAL DOS TRABALHADORES DA ADMINISTRAÇÃO LOCAL E REGIONAL, EMPRESAS PÚBLICAS, CONCESSIONÁRIAS E AFINS - REVISÃO GLOBAL;Acordo de empresa;Distrital;2023;2023;1;1;1.306.1
7018;CONTRATO COLECTIVO ENTRE A ACAP - ASSOCIAÇÃO AUTOMÓVEL DE PORTUGAL E OUTRAS E O SINDEL - SINDICATO NACIONAL DA INDÚSTRIA E ENERGIA E OUTRO - REVISÃO GLOBAL;Contrato coletivo de trabalho;Nacional;2023;2023;5;5;1.218.6 1.361.2 5.141.1 5.23.1 5.83.1
7019;ACORDO DE EMPRESA ENTRE A SANTA CASA DA MISERICORDIA DE LISBOA E O SDPGL - SINDICATO DEMOCRATICO DOS PROFESSORES DA GRANDE LISBOA E VALE DO TEJO E OUTROS - REVISAO GLOBAL;Acordo de empresa;Nacional;2023;2026;24;9;1.218.6 1.331.1 1.363.1 1.368.2 1.377.2 1.393.1 1.449.1 1.476.0 1.476.1
7020;ACORDO DE EMPRESA ENTRE A SANTA CASA DA MISERICÓRDIA DE LISBOA (SCML) E O SINDICATO DOS FISIOTERAPEUTAS PORTUGUESES (SFP) E OUTROS - REVISÃO GLOBAL;Acordo de empresa;Nacional;2023;2026;20;7;1.273.3 1.299.0 1.310.4 1.313.2 1.504.0 1.514.0 1.547.1
7021;CONTRATO COLETIVO ENTRE A ASSOCIAÇAO COMERCIAL, INDUSTRIAL E DE SERVIÇOS DE BRAGANÇA E OUTRAS E A FEPCES - FEDERAÇAO PORTUGUESA DOS SINDICATOS DO COMERCIO, ESCRITORIOS E SERVIÇOS - REVISÃO GLOBAL;Contrato coletivo de trabalho;Distrital;2024;2024;5;5;2.6.4 5.249.0 5.427.1 5.75.0 5.75.1
7022;CONTRATO COLETIVO ENTRE A ANEMEDE - ASSOCIAÇÃO NACIONAL DAS EMPRESAS DE MEDECINA DENTÁRIA E ESTOMATOLOGIA E O SMD- SINDICATO DOS MÉDICOS DENTISTAS;Contrato coletivo de trabalho;Continente;2024;2024;2;2;1.664.1 5.624.0
7023;ACORDO DE EMPRESA ENTRE A COMPANHIA CARRIS DE FERRO DE LISBOA, EM S.A. E A ASSOCIAÇAO SINDICAL DOS TRABALHADORES DA CARRIS (ASPTC) - REVISAO GLOBAL;Acordo de empresa;Concelhia;2024;2024;1;1;1.522.3
7024;ACORDO DE EMPRESA ENTRE A COMPANHIA CARRIS DE FERRO DE LISBOA, E.M.,SA E O SINDICATO DOS TRABALHADORES DO SETOR DE SERVIÇOS -  SITESE - REVISAO GLOBAL;Acordo de empresa;Concelhia;2024;2024;1;1;1.218.6
7025;ACORDO DE EMPRESA ENTRE A COMPANHIA CARRIS DE FERRO DE LISBOA, E.M., S.A. E O SINDICATO DOS TRABALHADORES DOS TRANSPORTES - SITRA - REVISAO GLOBAL;Acordo de empresa;Distrital;2024;2024;1;1;1.104.3
7027;ACORDO DE EMPRESA ENTRE A COMPANHIA CARRIS DE FERRO DE LISBOA, E.M. SA E A FEDERAÇÃO DOS SINDICATOS DE TRANSPORTES E COMUNICAÇÕES - FECTRANS - REVISÃO GLOBAL;Acordo de empresa;Distrital;2024;2024;1;1;2.50.0
7028;CONTRATO COLETIVO ENTRE A ASSOCIAÇAO DA HOTELARIA, RESTAURAÇAO E SIMILARES DE PORTUGAL (AHRESP) E O SINDICATO DOS TRABALHADORES DO SETOR DE SERVIÇOS - SITESE (CANTINAS, REFEITORIOS E FABRICAS DE REFEIÇOES) - REVISAO GLOBAL;Contrato coletivo de trabalho;Nacional;2024;2024;4;2;1.218.6 5.508.1
7029;CONTRATO COLETIVO ENTRE A ASSOCIAÇÃO DOS TRANSITÁRIOS DE PORTUGAL - APAT E O SINDICATO DOS TRABALHADORES DA MARINHA MERCANTE. AGÊNCIAS DE VIAGENS, TRANSITÁRIOS E PESCA (SIMAMEVIP) - REVISÃO GLOBAL;Contrato coletivo de trabalho;Nacional;2024;2026;6;2;1.173.2 5.57.1
7030;ACORDO DE EMPRESA ENTRE A EMAS - EMPRESA MUNICIPAL DE AGUA E SANEAMENTO DE BEJA, EM E O STAL - SINDICATO NACIONAL DOS TRABALHADORES DA ADMINISTRAÇAO LOCAL E REGIONAL, EMPRESAS PUBLICAS, CONCESSIONARIAS E AFINS - REVISAO GLOBAL;Acordo de empresa;Distrital;2024;2025;2;2;1.306.0 1.306.1
7031;ACORDO DE EMPRESA ENTRE A PORTUGÁLIA - COMPANHIA PORTUGUESA DE TRANSPORTES AÉREOS, S.A. E O SINDICATO NACIONAL DO PESSOAL DE VOO DA AVIAÇÃO CIVIL - SNPVAC - REVISÃO GLOBAL;Acordo de empresa;Nacional;2024;2024;1;1;1.117.0
7032;ACORDO DE EMPRESA ENTRE A PORTUGÁLIA - COMPANHIA PORTUGUÊSA DE TRANSPORTES AÉREOS, SA E O SPAC - SINDICATO DOS PILOTOS DA AVIAÇÃO CIVIL - REVISÃO GLOBAL;Acordo de empresa;Nacional;2024;2024;1;1;1.320.0
7033;ACORDO DE EMPRESA ENTRE A CEFOSAP - CENTRO DE FORMAÇÃO SINDICAL E APERFEIÇOAMENTO PROFISSIONAL E O SINDICATO DOS TRABALHADORES  DO SETOR DE SERVIÇOS - SITESE - REVISÃO GLOBAL;Acordo de empresa;Nacional;2024;2025;2;1;1.218.6
7034;ACORDO DE EMPRESA ENTRE O OPART - ORGANISMO DE PRODUÇAO ARTISTICA, E.P.E. E O SINDICATO DOS TRABALHADORES DE ESPETACULOS, DO AUDIOVISUAL E DOS MUSICOS - CENA - STE - REVISÃO GLOBAL;Acordo de empresa;Nacional;2024;2024;1;1;1.627.0
7035;CONTRATO COLETIVO ENTRE A CONFEDERAÇAO DOS AGRICULTORES DE PORTUGAL (CAP) E O SINDICATO NACIONAL DOS TRABALHADORES DA AGRICULTURA, FLORESTA, PESCA, TURISMO, INDUSTRIA ALIMENTAR, BEBIDAS E AFINS - SETAAB - REVISAO GLOBAL;Contrato coletivo de trabalho;Nacional;2024;2024;2;2;1.631.0 8.3.0
7036;ACORDO DE EMPRESA ENTRE A EMARP - EMPRESA MUNICIPAL DE AGUAS E RESIDUOS DE PORTIMAO, EM, SA E O SINDICATO DOS TRABALHADORES DA ADMINISTRAÇAO PUBLICA E DE ENTIDADES COM FINS PUBLICOS - SINTAP - REVISAO GLOBAL;Acordo de empresa;Concelhia;2024;2024;1;1;1.363.1
7037;ACORDO DE EMPRESA ENTRE A EMARP - EMPRESA MUNICIPAL DE ÁGUAS E RESÍDUOS DE PORTIMÃO, E.M., SA E O STAL - SINDICATO NACIONAL DOS TRABALHADORES DA ADMINISTRAÇÃO LOCAL E REGIONAL - REVISÃO GLOBAL;Acordo de empresa;Concelhia;2024;2024;1;1;1.306.0
7038;ACORDO DE EMPRESA ENTRE A TRANSPORTES AÉREOS PORTUGUESES, SA E O SINDICATO DOS TÉCNICOS DE MANUTENÇÃO DE AERONAVES - SITEMA - REVISÃO GLOBAL;Acordo de empresa;Nacional;2024;2024;2;1;1.340.0
7039;ACORDO DE EMPRESA ENTRE A TRANSPORTES AÉREOS PORTUGUESES, SA E O SINDICATO NACIONAL DO PESSOAL DE VOO DA AVIAÇÃO CIVIL - SNPVAC -REVISÃO GLOBAL;Acordo de empresa;Nacional;2024;2024;1;1;1.117.0
7040;CONTRATO COLETIVO ENTRE A AHSA - ASSOCIAÇAO DOS HORTICULTORES, FRUTICULTORES E FLORICULTORES DOS CONCELHOS DE ODEMIRA E ALJEZUR E O SINDICATO NACIONAL DOS TRABALHADORES DA AGRICULTURA, FLORESTA, PESCA, TURISMO, INDUSTRIA ALIMENTAR, BEBIDAS E AFINS - SETAAB - REVISAO GLOBAL;Contrato coletivo de trabalho;Concelhia;2024;2024;2;2;1.631.0 5.610.2
7041;CONTRATO COLETIVO ENTRE A ASSOCIAÇAO NACIONAL DAS FARMACIAS - ANF E O SINDICATO NACIONAL DOS FARMACEUTICOS - REVISÃO GLOBAL;Contrato coletivo de trabalho;Nacional;2024;2026;4;3;1.216.1 5.100.0 5.100.1
7042;ACORDO DE EMPRESA ENTRE A EASYJET AIRLINE COMPANY LIMITED - SUCURSAL EM PORTUGAL E O SINDICATO NACIONAL DO PESSOAL DE VOO DA AVIAÇÃO CIVIL - SNPVAC - REVISÃO GLOBAL;Acordo de empresa;Nacional;2024;2024;1;1;1.117.0
7043;ACORDO DE EMPRESA ENTRE A PORTUGALIA - COMPANHIA PORTUGUÊSA DE TRANSPORTES AEREOS, SA E O SIPLA - SINDICATO INDEPENDENTE DE PILOTOS DE LINHAS AEREAS - REVISAO GLOBAL;Acordo de empresa;Nacional;2024;2024;2;1;1.628.1
7044;CONTRATO COLETIVO ENTRE A ASSOCIAÇÃO DA HOTELARIA, RESTAURAÇÃO E SIMILARES DE PORTUGAL (AHRESP) E O SINDIICATO DOS TRABALHADORES DO SETOR DE SERVIÇOS - SITESE (ALOJAMENTO) - REVISÃO GLOBAL;Contrato coletivo de trabalho;Nacional;2024;2025;4;3;1.218.6 5.508.0 5.508.1
7045;CONTRATO COLETIVO ENTRE A ASSOCIAÇAO DA HOTELARIA, RESTAURAÇAO E SIMILARES DE PORTUGAL (AHRESP) E O SINDICATO DOS TRABALHADORES DO SETOR DE SERVIÇOS - SITESE (RESTAURAÇAO E BEBIDAS) - REVISÃO GLOBAL;Contrato coletivo de trabalho;Nacional;2024;2025;4;2;1.218.6 5.508.1
7046;ACORDO DE EMPRESA ENTRE A PORTUGÁLIA - COMPANHIA PORTUGUESA DE TRANSPORTES AÉREOS, SA E O SINDICATO DOS TRABALHADORES  DA AVIAÇÃO E AEROPORTOS - SITAVA E OUTRO - REVISÃO GLOBAL;Acordo de empresa;Nacional;2024;2024;3;3;1.340.0 1.372.0 1.470.0
7047;ACORDO DE EMPRESA ENTRE A TAP - TRANSPORTES AEREOS PORTUGUESES, SA E O SINDICATO DAS INDUSTRIAS METALURGICAS E AFINS - SIMA E OUTROS - REVISÃO GLOBAL;Acordo de empresa;Nacional;2024;2026;18;6;1.298.2 1.341.1 1.346.0 1.470.0 1.639.1 1.667.0
7048;ACORDO DE EMPRESA ENTRE A TRANSPORTES AÉREOS PORTUGUESES, SA E O SINDICATO DOS TRABALHADORES DA AVIAÇÃO E AEROPORTOS - SITAVA E OUTRO - REVISÃO GLOBAL;Acordo de empresa;Nacional;2024;2026;6;2;1.372.0 1.517.1
7049;ACORDO DE EMPRESAENTRE A UNIDADE LOCAL DE SAÚDE DE AMADORA/SINTRA, E.P.E. E O SINDICATO DOS PROFISSIONAIS ADMNISTRATIVOS DA SAÚDE (SPAS);Acordo de empresa;Nacional;2024;2024;1;1;1.483.1
7050;ACORDO DE EMPRESA ENTRE A UNIDADE LOCAL DE SAÚDE DE AMADORA / SINTRA, E.P.E. E O SINDICATO DOS TRABALHADORES DA ADMISTRAÇÃO PÚBLICA E DE ENTIDADES COM FINS PÚBLICOS - SINTAP;Acordo de empresa;Nacional;2024;2024;1;1;1.363.1
7051;ACORDO DE EMPRESA ENTRE A UNIDADE LOCAL DE SAÚDE DE AMADORA / SINTRA. E.P.E. E O SINDICATO DOS TRABALHADORES EM FUNÇÕES PÚBLICAS E SOCIAIS DO SUL E REGIÕES AUTÓNOMAS - (STFPSSRA);Acordo de empresa;Nacional;2024;2024;1;1;1.310.4
7052;ACORDO DE EMPRESA ENTRE A UNIDADE LOCAL DE SAÚDE DE AMADORA/SINTRA. E.P.E. E O SINDICATO INDEPENDENTE DOS TÉCNICOS AUXILIARES DE SAÚDE - SITAS;Acordo de empresa;Nacional;2024;2024;1;1;1.632.0
7053;ACORDO DE EMPRESA ENTRE CAPTRAIN PORTUGAL, S.A E O SINDICATO NACIONAL DOS MAQUINISTAS DOS CAMINHOS DE FERRO PORTUGUESES - SMAQ;Acordo de empresa;Nacional;2024;2024;1;1;1.344.2
7054;ACORDO COLETIVO ENTRE A RIGHTSQUARE SGPS, SA E OUTRA E O SINDICATO NACIONAL DOS QUADROS E TECNICOS BANCÁRIOS - REVISÃO GLOBAL;Acordo coletivo de trabalho;Nacional;2024;2025;2;1;1.417.0
7055;ACORDO DE EMPRESA ENTRE A DOCAPESCA - PORTOS E LOTAS. S.A. E O SINDICATO DEMOCRÁTICO DAS PESCAS - SINDEPESCAS - ALTERAÇÃO SALARIAL E OUTRAS;Acordo de empresa;Continente;2024;2025;2;2;1.277.4 1.4.1
7056;ACORDO DE EMPRESA ENTRE A PORTWAY - HANDLING DE PORTUGAL, S.A. E O SINDICATO NACIONAL DOS TRABALHADORES DA AVIAÇÃO CIVIL - SINTAC - REVISÃO GLOBAL;Acordo de empresa;Nacional;2024;2026;3;1;1.470.0
7057;ACORDO DE EMPRESA ENTRE A PORTWAY - HANDLING DE PORTUGAL, S.A. E O SINDICATO DEMOCRÁTICO DOS TRABALHADORES DA MARINHA MERCANTE, AGÊNCIAS DE VIAGENS, TRANSITÁRIOS E PESCA - SIMAMEVIP E OUTROS - REVISÃO GLOBAL;Acordo de empresa;Nacional;2024;2026;8;4;1.173.2 1.372.0 1.462.1 1.517.1
7058;CONTRATO COLETIVO ENTRE A ASSOCIAÇÃO DOS INDUSTRIAIS DA CONSTRUÇÃO CIVIL E OBRAS PÚBLICAS - AICCOPN E O SINDICATO DA CONSTRUÇÃO, OBRAS PÚBLICAS E SERVIÇOS - SETACCOP E OUTROS - REVISÃO GLOBAL;Contrato coletivo de trabalho;Continente;2024;2025;10;5;1.218.6 1.286.3 1.361.2 2.47.0 5.129.1
7059;ACORDO COLETIVO ENTRE A MEO - SERVIÇOS DE COMUNICAÇÕES E MULTIMEDIA, SA E OUTRAS E O SINDICATO NACIONAL DOS TRABALHADORES DAS TELECOMUNICAÇÕES E AUDIOVISUAL - SINTTAV E OUTROS - REVISÃO GLOBAL;Acordo coletivo de trabalho;Nacional;2024;2026;18;9;1.119.1 1.236.1 1.248.5 1.385.3 1.433.1 1.451.0 1.47.0 1.504.0 2.47.0
7060;CONTRATO COLETIVO ENTRE A APM-REDEMUT - ASSOCIAÇÃO PORTUGUESA DE MUTUALIDADES E O SINDICATO NACIONAL DOS PROFISSIONAIS DA EDUCAÇÃO - SINAPE E OUTRO;Contrato coletivo de trabalho;Nacional;2024;2024;2;2;1.377.2 1.393.1
7061;ACORDO DE EMPRESA ENTRE A UNIDADE LOCAL DE SAÚDE DE  AMADORA / SINTRA, E.P.E SA E. E OSINDICATO DOS QUADROS TÉCNICOS DO ESTADO E ENTIDADES COM FINS PÚBLICOS (STE) - REVISÃO GLOBAL;Acordo de empresa;Continente;2024;2024;1;1;1.331.1
7062;ACORDO DE EMPRESA ENTRE A CITEFORMA - CENTRO DE FORMAÇAO PROFISSIONAL DOS TRABALHADORES DE ESCRITORIO, COMERCIO, SERVIÇOS E NOVAS TECNOLOGIAS E O SINDICATO DOS TRABALHADORES DO SETOR DE SERVIÇOS - SITESE - REVISÃO GLOBAL;Acordo de empresa;Nacional;2024;2026;3;1;1.218.6
7063;CONTRATO COLETIVO ENTRE A ITA - ASSOCIAÇAO PORTUGUESA DOS INDUSTRIAIS DE TRIPAS E AFINS E A FESAHT - FEDERAÇAO DOS SINDICATOS DA AGRICULTURA, ALIMENTAÇAO, BEBIDAS, HOTELARIA E TURISMO DE PORTUGAL - REVISÃO GLOBAL;Contrato coletivo de trabalho;Nacional;2024;2026;6;2;2.58.0 5.312.0
7064;CONTRATO COLETIVO ENTRE A ASSOCIAÇÃO NACIONAL DE REVENDEDORES DE COMBUSTÍVEIS, ESTAÇÕES DE SERVIÇO, ESTACIONAMENTO E LAVAGENS AUTOMÓVEIS - ANAREC E A FEPCES - FEDERAÇÃO PORTUGUESA DOS SINDICATOS DO COMÉRCIO, ESCRITÓRIOS E SERVIÇOS E OUTROS - REVISÃO GLOBAL;Contrato coletivo de trabalho;Nacional;2024;2026;12;4;1.218.6 2.50.0 2.6.4 5.293.1
7065;ACORDO DE EMPRESA ENTRE A CARAVELA - COMPANHIA DE SEGUROS, S.A. E O  SINDICATO DOS TRABALHADORES DA ACTIVIDADE SEGURADORA (STAS)  E OUTRO - REVISÃO GLOBAL;Acordo de empresa;Nacional;2024;2026;6;2;1.187.1 1.85.3
7066;CONTRATO COLETIVO ENTRE A ASSOCIAÇÃO NACIONAL DOS CENTROS DE ABATE E INDÚSTRIAS TRANSFORMADORAS DE CARNE DE AVES - ANCAVE E O SINDICATO NACIONAL DOS TRABALHADORES DA AGRICULTURA, FLORESTA, PESCA, TURISMO, INDÚSTRIA ALIMENTAR, BEBIDAS E AFINS - SETAAB - REVISÃO GLOBAL;Contrato coletivo de trabalho;Nacional;2024;2025;4;2;1.631.0 5.278.1
7067;CONTRATO COLETIVO ENTRE A ADCP - ASSOCIAÇAO DAS ADEGAS COOPERATIVAS DE PORTUGAL E O SINDICATO NACIONAL DOS TRABALHADORES DA AGRICULTURA, FLORESTA, PESCA, TURISMO, INDUSTRIA ALIMENTAR, BEBIDAS E AFINS - SETAAB - REVISÃO GLOBAL;Contrato coletivo de trabalho;Nacional;2024;2024;2;2;1.631.0 5.601.0
7068;CONTRATO COLETIVO ENTRE A ANIECA - ASSOCIAÇAO NACIONAL DE ESCOLAS DE CONDUÇAO AUTOMÓVEL E A FEDERAÇAO DOS SINDICATOS DE TRANSPORTES E COMUNICAÇOES - FECTRANS - REVISAO GLOBAL;Contrato coletivo de trabalho;Nacional;2024;2024;2;2;2.50.0 5.34.0
7069;CONTRATO COLETIVO ENTRE A ANIET - ASSOCIAÇÃO NACIONAL DA INDÚSTRIA EXTRATIVA E TRANSFORMADORA E O SINDICATO DA CONSTRUÇÃO, OBRAS PÚBLICAS E SERVIÇOS - SETACCOP;Contrato coletivo de trabalho;Nacional;2024;2026;4;2;1.286.3 5.218.3
7070;ACORDO COLETIVO ENTRE A LACTICOOP - UNIAO DE COOPERATIVAS DE PRODUTORES DE LEITE DE ENTRE DOURO E MONDEGO, UCRL E OUTRA E O SINDICATO DO COMERCIO, ESCRITORIOS E SERVIÇOS - SINDCES - REVISÃO GLOBAL;Acordo coletivo de trabalho;Nacional;2024;2025;2;1;1.222.4
7071;ACORDO COLETIVO ENTRE A LACTICOOP - UNIAO DE COOPERATIVAS DE PRODUTORES DE LEITE DE ENTRE DOURO E MONDEGO, UCRL E OUTRA E O SINDICATO NACIONAL DOS TRABALHADORES DA AGRICULTURA, FLORESTA, PESCA, TURISMO, INDUSTRIA ALIMENTAR, BEBIDAS E AFINS - SETAAB - REVISÃO GLOBAL;Acordo coletivo de trabalho;Nacional;2024;2025;2;1;1.631.0
7072;CONTRATO COLETIVO ENTRE A ASSOCIAÇÃO DO COMÉRCIO, INDÚSTRIA E SERVIÇOS DO CONCELHO DE MAFRA - ACISM  E O CESP - SINDICATO DOS TRABALHADORES DO COMÉRCIO, ESCRITÓRIOS E SERVIÇOS DE PORTUGAL E OUTROS - REVISÃO GLOBAL;Contrato coletivo de trabalho;Concelhia;2024;2024;6;6;1.152.2 1.503.2 1.518.0 1.565.0 2.58.0 5.115.2
7073;CONTRATO COLETIVO ENTRE A ASSOCIAÇÃO DOS AGRICULTORES DO RIBATEJO - ORGANIZAÇÃO DE EMPREGADORES DOS DISTRITOS DE SANTARÉM, LISBOA E LEIRIA E O SINDICATO DOS TRABALHADORES DA AGRICULTURA, FLORESTA, PESCA,TURISMO, INDÚSTRIA ALIMENTAR, BEBIDAS E AFINS - SETAAB - REVISÃO GLOBAL;Contrato coletivo de trabalho;Pluridistrital;2024;2024;2;2;1.631.0 5.302.1
7074;ACORDO COLETIVO ENTRE A ASSOCIAÇÃO DE REGANTES E BENEFICIÁRIOS DO VALE DO SORRAIA E OUTRAS E O SINDICATO NACIONAL DOS TRABALHADORES DA AGRICULTURA, FLORESTA, PESCA, TURISMO, INDÚSTRIA ALIMENTAR, BEBIDAS E AFINS - SETAAB - REVISÃO GLOBAL;Acordo coletivo de trabalho;Nacional;2024;2024;1;1;1.631.0
7075;CONTRATO COLETIVO ENTRE A ANASEL - ASSOCIAÇAO NACIONAL DE EMPRESAS DE LAVANDARIA, ARRANJOS DE COSTURA, CONSERTOS DE SAPATOS E CHAVES E O SINDICATO DOS TRABALHADORES DO SETOR DE SERVIÇOS - SITESE - REVISÃO GLOBAL;Contrato coletivo de trabalho;Nacional;2024;2025;4;2;1.218.6 5.517.2
7076;ACORDO DE EMPRESA ENTRE O SERVIÇO DE UTILIZAÇÃO COMUM DOS HOSPITAIS (S.U.C.H) E O SINDETELCO - SINDICATO DEMOCRÁTICO DOS TRABALHADORES DOS CORREIOS, TELECOMUNICAÇÕES, MEDIA E SERVIÇOS E OUTRO -  REVISÃO GLOBAL;Acordo de empresa;Nacional;2024;2024;2;2;1.336.1 1.385.3
7077;ACORDO DE EMPRESA ENTRE A PARQUES TEJO, E. M. E O SINDIATO DOS TRABALHADORES DA ADMNISTRAÇÃO PUBLICA E DE ENTIDADES COM FINS PUBLICOS - SINTAP;Acordo de empresa;Concelhia;2024;2024;1;1;1.363.1
7078;ACORDO DE EMPRESA ENTRE O SPDH - SERVIÇOS PORTUGUESES DE HANDLING, SA E O SIA - SINDICATO DA INDÚSTRIA AERONÁUTICA E OUTROS - REVISÃO GLOBAL;Acordo de empresa;Nacional;2024;2024;5;5;1.298.2 1.341.1 1.346.0 1.470.0 1.667.0
7079;ACORDO DE EMPRESA ENTRE O SPDH - SERVIÇOS PORTUGUESES DE HANDLING, SA E O  SINDICATO DOS TRABALHADORES DA AVIAÇÃO E AEROPORTOS - SITAVA E OUTRO - REVISÃO GLOBAL;Acordo de empresa;Nacional;2024;2024;2;2;1.372.0 1.517.1
7080;ACORDO DE EMPRESA ENTRE A SPDH - SERVIÇOS PORTUGUESES DE HANDLIG, SA E O STAMA - SINDICATO DOS TRABALHADORES DOS AEROPORTOS, MANUTENÇÃO E AVIAÇÃO - REVISÃO GLOBAL;Acordo de empresa;Nacional;2024;2024;1;1;1.639.1
7081;CONTRATO COLETIVO ENTRE A ACIRO - ASSOCIAÇÃO COMERCIAL, INDUSTRIAL E SERVIÇOS DA REGIÃO OESTE E O SINDICATO DOS TRABALHADORES DO SECTOR DOS SERVIÇOS - SITESE - ALTERAÇÃO SALARIAL E OUTRA;Contrato coletivo de trabalho;Concelhia;2024;2026;4;4;1.218.4 1.218.6 5.101.1 5.101.2
7082;ACORDO DE EMPRESA ENTRE O PORTO SANTO LINE - TRANSPORTES MARÍTIMOS, LDA E A FEDERAÇÃO DE SINDICATOS DOS TRABALHADORES DO MAR  - FESMAR - REVISÃO GLOBAL;Acordo de empresa;Nacional;2024;2026;3;1;2.36.0
7083;ACORDO DE EMPRESA ENTRE OS TRANSPORTES AÉREOS PORTUGUESES, SA E O SERS - SINDICATO DOS ENGENHEIROS E OUTROS - REVISÃO GLOBAL;Acordo de empresa;Nacional;2024;2024;3;3;1.15.4 1.221.1 1.224.0
7084;CONTRATO COLETIVO ENTRE A ANEFA - ASSOCIAÇÃO NACIONAL DE EMPRESAS FLORESTAIS, AGRÍCOLAS E DO AMBIENTE E O SINDICATO NACIONAL DOS TRABALHADORES DA AGRICULTURA, FLORESTA, PESCA, TURISMO, INDÚSTRIA ALIMENTAR, BEBIDAS E AFINS - SETAAB - REVISÃO GLOBAL;Contrato coletivo de trabalho;Nacional;2024;2024;2;2;1.631.0 5.425.1
7085;ACORDO DE EMPRESA ENTRE A CAIMA, S.A. E O SINDICATO DAS INDÚSTRIAS METALÚRGICAS E AFINS - SIMA;Acordo de empresa;Nacional;2024;2024;1;1;1.346.0
7086;CONTRATO COLETIVO ENTRE A ASSOCIAÇÃO PORTUGUESA DE HOSPITALIZAÇÃO PRIVADA - APHP- E O SINDICATO DEMOCRÁTICO DOS ENFERMEIROS DE PORTUGAL - SINDEPOR E OUTROS;Contrato coletivo de trabalho;Nacional;2024;2025;12;6;1.225.2 1.233.3 1.630.0 1.659.1 1.675.0 5.88.1
7087;ACORDO DE EMPRESA ENTRE A AIG EUROPE, SA - SUCURSAL EM PORTUGAL E O SINDICATO DOS TRABALHADORES DA ACTIVIDADE SEGURADORA (STAS) - ALTERAÇÃO SALARIAL E OUTRAS;Acordo de empresa;Nacional;2024;2025;2;2;1.85.2 1.85.3
7088;ACORDO DE EMPRESA ENTRE A MUDUM - COMPANHIA DE SEGUROS, SA E O SINDICATO DOS TRABALHADORES DA ACTIVIDADE SEGURADORA (STAS) - REVISÃO GLOBAL;Acordo de empresa;Nacional;2024;2026;3;1;1.85.3
7089;CCT ENTRE A AOPL - ASSOCIAÇÃO MARITIMA E PORTUARIA NACIONAL E OUTRAS E O  SINDICATO DOS TRABALHADORES DA MARINHA MERCANTE,AGENCIAS DE VIAGENS, TRANSITÁRIOS E PESCA (SIMAMEVIP) REVISÃO GLOBAL;Contrato coletivo de trabalho;Nacional;2024;2024;4;4;1.173.2 5.328.2 5.459.0 5.466.3
7090;ACORDO DE EMPRESA ENTRE A CAIMA, SA E A  FEDERAÇAO INTERSINDICAL DAS INDUSTRIAS METALURGICAS, QUIMICAS, ELECTRICAS, FARMACEUTICA, CELULOSE, PAPEL, GRAFICA, IMPRENSA, ENERGIA E MINAS - FIEQUIMETAL E OUTROS - REVISÃO GLOBAL;Acordo de empresa;Nacional;2024;2024;5;5;1.518.0 2.46.0 2.48.1 2.50.0 2.58.0
7091;ACORDO DE EMPRESA ENTRE A MÚTUA DOS PESCADORES - MÚTUA DE SEGUROS, CRL E O SINDICATO NACIONAL DOS PROFISSIONAIS DE SEGUROS E AFINS - SINAPSA E OUTRO - REVISÃO GLOBAL;Acordo de empresa;Nacional;2024;2026;6;2;1.187.1 1.85.3
7092;ACORDO DE EMPRESA ENTRE A IMPRENSA NACIONAL - CASA DA MOEDA S.A. E A FEDERAÇÃO INTERSINDICAL DAS INDÚSTRIAS METALÚRGICAS, QUÍMICAS, ELÉCTRICAS, FARMACÊUTICA, CELULOSE, PAPEL, GRÁFICA, IMPRENSA, ENERGIA E MINAS - FIEQUIMETAL - ALTERAÇÃO SALARIAL E OUTRAS;Acordo de empresa;Nacional;2024;2026;3;2;2.48.0 2.48.1
7093;ACORDO DE EMPRESA ENTRE A IMPRENSA NACIONAL - CASA DA MOEDA, S.A. E O SINDICATO DOS TRABALHADORES DO SETOR DE SERVIÇOS - SITESE - REVISÃO GLOBAL;Acordo de empresa;Nacional;2024;2026;4;2;1.218.6 1.361.2
7094;ACORDO DE EMPRESA ENTRE A IMPRENSA NACIONAL - CASA DA MOEDA S.A. E O SINDICATO NACIONAL DOS TRABALHADORES DAS TELECOMUNICAÇOES E AUDIOVISUAL - SINTTAV - REVISÃO GLOBAL;Acordo de empresa;Nacional;2024;2026;3;1;1.504.0
7095;ACORDO DE EMPRESA ENTRE A CARL ZEISS VISION PORTUGAL, SA E A FEDERAÇAO PORTUGUESA DOS SINDICATOS DA CONSTRUÇAO, CERAMICA E VIDRO -  FEVICCOM -REVISÃO GLOBAL;Acordo de empresa;Pluridistrital;2024;2026;2;1;2.46.0
7096;ACORDO DE EMPRESA ENTRE A AC, ÁGUAS DE COIMBRA, E.M. E O SINDICATO DOS TARBALHADORES DA ADMINISTRAÇÃO PÚBLICA E DE ENTIDADES COM FINS PÚBLICOS - SINTAP - REVISÃO GLOBAL;Acordo de empresa;Distrital;2024;2024;1;1;1.363.1
7097;ACORDO DE EMPRESA ENTRE A SATA INTERNACIONAL - AZORES AIRLINES, SA E O SINDICATO NACIONAL DO PESSOAL DE VOO DA AVIAÇAO CIVIL - SNPVAC - REVISAO GLOBAL;Acordo de empresa;Nacional;2024;2024;1;1;1.117.0
7098;ACORDO DE EMPRESA ENTRE A PARQUES TEJO, EM E O STAL - SINDICATO NACIONAL DOS TRABALHADORES DA ADMINISTRAÇAO LOCAL E REGIONAL, EMPRESAS PUBLICAS, CONCESSIONARIAS E AFINS;Acordo de empresa;Concelhia;2024;2024;1;1;1.306.1
7099;ACORDO DE EMPRESA A PONTO SEGURO - MEDIAÇAO DE SEGUROS, SA E O SINDICATO NACIONAL DOS PROFISSIONAIS DE SEGUROS E AFINS - SINAPSA E OUTRO - REVISAO GLOBAL;Acordo de empresa;Nacional;2024;2026;6;2;1.187.1 1.85.3
7100;CONTRATO COLETIVO ENTRE A ASSOCIAÇÃO DAS INDÚSTRIAS DE MADEIRA E MOBILIÁRIO DE PORTUGAL - AIMMP E O SINDICATO DA CONSTRUÇÃO, OBRAS PÚBLICAS E SERVIÇOS - SETACCOP - REVISÃO GLOBAL;Contrato coletivo de trabalho;Nacional;2024;2024;2;2;1.286.3 5.190.1
7101;CONTRATO COLETIVO ENTRE A ASSOCIAÇÃO DOS HOTÉIS E EMPREENDIMENTOS TURÍSTICOS DO ALGARVE (AHETA) E O SINDICATO DOS TRABALHADORES DO SETOR DE SERVIÇOS - SITESE - REVISÃO GLOBAL;Contrato coletivo de trabalho;Distrital;2024;2026;6;2;1.218.6 5.499.0
7102;ACORDO DE EMPRESA ENTRE A COMPANHIA CARRIS DE FERRO DE LISBOA, E.M.,SA E O SINDICATO DOS TRABALHADORES DO SETOR DE SERVIÇOS - SITESE - REVISAO GLOBAL;Acordo de empresa;Concelhia;2024;2025;3;1;1.218.6
7103;ACORDO DE EMPRESA ENTRE A COMPANHIA CARRIS DE FERRO DE LISBOA, E.M., S.A. E O SINDICATO DOS TRABALHADORES DOS TRANSPORTES - SITRA - REVISÃO GLOBAL;Acordo de empresa;Concelhia;2024;2025;3;1;1.104.3
7104;ACORDO DE EMPRESA ENTRE A COMPANHIA CARRIS DE FERRO DE LISBOA, E.M., S.A E O SINDICATO NACIONAL DOS MOTORISTAS E OUTROS TRABALHADORES -  SNMOT - REVISÃO GLOBAL;Acordo de empresa;Concelhia;2024;2025;3;1;1.427.2
7105;ACORDO DE EMPRESA ENTRE A CRUZ VERMELHA PORTUGUESA E A FEDERAÇÃO NACIONAL DOS PROFESSORES - FENPROF E OUTROS;Acordo de empresa;Nacional;2024;2024;6;6;1.122.1 1.157.2 1.273.3 1.514.0 2.25.2 2.33.0
7106;ACORDO DE EMPRESA ENTRE A CRUZ VERMELHA PORTUGUESA E O SINDICATO DOS  TRABALHADORES DA ADMINISTRAÇÃO PÚBLICA E DE ENTIDADES COM FINS PÚBLICOS - SINTAP;Acordo de empresa;Nacional;2024;2024;1;1;1.363.1
7107;ACORDO DE EMPRESA ENTRE A SANTA CASA DA MISERICÓRDIA DE LISBOA (SCML) E O SINDICATO INDEPENDENTE DOS MÉDICOS - SIM E OUTRO - REVISÃO GLOBAL;Acordo de empresa;Distrital;2024;2026;6;2;1.291.1 1.365.0
7108;ACORDO COLETIVO ENTRE A LUSITÂNIA - COMPANHIA DE SEGUROS, S.A. E OUTRA E O SINDICATO DOS TRABALHADORES DA ATIVIDADE SEGURADORA (STAS) - REVISÃO GLOBAL;Acordo coletivo de trabalho;Nacional;2024;2024;1;1;1.85.3
7109;ACORDO DE EMPRESA ENTRE A CARRISTUR - INOVAÇÃO EM TRANSPORTES URBANOS E REGIONAIS, SOCIEDADE UNIPESSOAL LDA E A ASSOCIAÇÃO SINDICAL DOS TRABALHADORES DA CARRIS E PARTICIPADAS, (ASPTC) - REVISÃO GLOBAL;Acordo de empresa;Continente;2024;2026;3;1;1.522.3
7110;ACORDO DE EMPRESA ENTRE A CARRISTUR, INOVAÇÃO EM TRANSPORTES URBANOS E REGIONAIS, SOCIEDADE UNIPESSOAL, LDA E O SINDICATO DOS TRABALHADORES DOS TRANSPORTES - SITRA - REVISÃO GLOBAL;Acordo de empresa;Continente;2024;2026;3;1;1.104.3
7111;ACORDO DE EMPRESA ENTRE A CARRISTUR, INOVAÇÃO EM TRANSPORTES URBANOS E REGIONAIS, SOCIEDADE UNIPESSOAL, LDA E O SINDICATO NACIONAL DOS MOTORISTAS E OUTROS TRABALHADORES - SNMOT - REVISÃO GLOBAL;Acordo de empresa;Continente;2024;2026;3;1;1.427.2
7112;ACORDO DE EMPRESA ENTRE A ASSOCIAÇAO HUMANITÁRIA DE BOMBEIROS DE CARNAXIDE E O SINDICATO NACIONAL DOS BOMBEIROS PROFISSIONAIS - (SNBP) - REVISÃO GLOBAL;Acordo de empresa;Nacional;2024;2024;1;1;1.486.0
7113;AC ENTRE A LACTICOOP-UNIAO DE COOPERATIVAS DE PRODUTORES DE LEITE DE ENTRE DOURO E MONDEGO,UCRL E OUTRA E O SINDICATO DOS PROFISSIONAIS DE LACTICINIOS,ALIMENTAÇÃO,AGRICULTURA,ESCRITÓRIOS,COMÉRCIO,SERVIÇOS,TRANSPORTES RODOVIARIOS,METALOMECÂNICA,METALURGIA,CONSTRUÇAO CIVIL E MADEIRAS-REVISÃO GLOBAL;Acordo coletivo de trabalho;Nacional;2024;2024;1;1;1.138.1
7114;ACORDO DE EMPRESA ENTRE A AUTO-ESTRADAS NORTE LITORAL - SOCIEDADE CONCESSIONÁRIA - AENL, S.A. E O CESP - SINDICATO DOS TRABALHADORES DO COMÉRCIO, ESCRITÓRIOS E SERVIÇOS DE PORTUGAL - REVISÃO GLOBAL;Acordo de empresa;Nacional;2024;2025;2;1;1.518.0
7115;ACORDO DE EMPRESA ENTRE A PORTUGS II - REBOQUES MARITIMOS, SA E O SINDICATO DA MARINHA MERCANTE, INDUSTRIAS E ENERGIA - SITEMAQ - REVISÁO GLOBAL;Acordo de empresa;Nacional;2024;2024;1;1;1.5.6
7116;CONTRATO COLETIVO ENTRE A ASSOCIAÇÃO DOS INDUSTRÍAIS DO ENSINO DA CONDUÇÃO AUTOMÓVEL DE PORTUGAL - ANORECA E A FEDERAÇÃO DOS SINDICATOS DE TRANSPORTES E COMUNICAÇÕES - FECTRANS - REVISÃO GLOBAL;Contrato coletivo de trabalho;Nacional;2024;2024;2;2;2.50.0 5.476.1
7117;ACORDO DE EMPRESA ENTRE A CP - COMBOIOS DE PORTUGAL, E.P.E. E A ASSOCIAÇÃO SINDICAL DAS CHEFIAS INTERMÉDIAS DE EXPLORAÇÃO  FERROVIÁRIA - ASCEF E OUTROS - REVISÃO GLOBAL;Acordo de empresa;Nacional;2024;2024;11;11;1.338.3 1.367.3 1.396.2 1.436.1 1.511.1 1.528.4 1.536.0 1.544.0 1.569.0 1.608.0 2.50.0
7118;ACORDO COLETIVO ENTRE A BRISA - AUTOESTRADAS DE PORTUGAL, S.A. E OUTRAS E O SINDICATO DA CONSTRUÇÃO, OBRAS PÚBLICAS E SERVIÇOS - SETACCOP E OUTROS - REVISÃO GLOBAL;Acordo coletivo de trabalho;Continente;2024;2024;6;6;1.218.6 1.286.3 1.361.2 2.46.0 2.50.0 2.6.4
7119;ACORDO DE EMPRESA ENTRE A METRO - MONDEGO,S.A E O STRUP - SINDICATO DOS TRABALHADORES DE TRANSPORTES RODOVIÁRIOS E URBANOS DE PORTUGAL;Acordo de empresa;Concelhia;2024;2026;4;1;1.565.0
7120;ACORDO DE EMPRESA ENTRE ENTRE A AWP P&C, S.A  - SUCURSAL EM PORTUGAL E O SINDICATO DOS TRABALHADORES DA ATIVIDADE SEGURADORA (STAS);Acordo de empresa;Nacional;2024;2026;3;1;1.85.3
7121;ACORDO DE EMPRESA ENTRE A COMPANHIA CARRIS DE FERRO DE LISBOA, EM S.A. E A ASSOCIAÇAO SINDICAL DOS TRABALHADORES DA CARRIS (ASPTC) - REVISÃO GLOBAL;Acordo de empresa;Concelhia;2024;2025;2;1;1.522.3
7122;ACORDO DE EMPRESA ENTRE A COMPANHIA CARRIS DE FERRO DE LISBOA, E.M. SA E A FEDERAÇÃO DOS SINDICATOS DE TRANSPORTES E COMUNICAÇÕES - FECTRANS - REVISÃO GLOBAL;Acordo de empresa;Concelhia;2024;2025;3;1;2.50.0
7123;ACORDO DE EMPRESA ENTRE A TTSL - TRANSTEJO SOFLUSA, S.A. E O SINDICATO DOS TRANSPORTES FLUVIAIS, COSTEIROS E DA MARINHA MERCANTE E OUTROS - REVISÃO GLOBAL;Acordo de empresa;Concelhia;2024;2024;6;6;1.104.3 1.173.2 1.218.6 1.5.6 1.525.0 1.8.2
7124;ACORDO DE EMPRESA ENTRE A FUNDAÇÃO JOSÉ SARAMAGO E O CESP - SINDICATO DOS TRABALHADORES DO COMÉRCIO, ESCRITÓRIOS E SERVIÇOS DE PORTUGAL;Acordo de empresa;Nacional;2024;2024;1;1;1.518.0
7125;CONTRATO COLETIVO ENTRE A ASSOCIAÇÃO PORTUGUESA DA INDÚSTRIA FARMACÊUTICA - APIFARMA E O SINDICATO DOS TRABALHADORES DO SETOR DE SERVIÇOS - SITESE E OUTROS  - REVISÃO GLOBAL;Contrato coletivo de trabalho;Nacional;2024;2026;10;5;1.218.6 1.346.0 1.360.3 4.9.2 5.76.1
7126;ACORDO DE EMPRESA ENTRE A CARRISTUR, INOVAÇÃO EM TRANSPORTES URBANOS E REGIONAIS, SOCIEDADE UNIPESSOAL, LDA E A FEDERAÇÃO DOS SINDICATOS DOS TRANSPORTES E COMUNICAÇÕES - FECTRANS - REVISÃO GLOBAL;Acordo de empresa;Continente;2024;2025;2;1;2.50.0
7127;ACORDO DE EMPRESA ENTRE A TTSL - TRANSTEJO SOFLUSA, S.A E O SINDICATO DOS TRABALHADORES DOS TRANSPORTES - SITRA E OUTROS (TÉCNICOS SUPERIORES) - REVISÃO GLOBAL;Acordo de empresa;Concelhia;2024;2024;4;4;1.104.3 1.218.6 1.404.1 1.5.6
7128;ACORDO DE EMPRESA ENTRE O CLUBE DE CAMPISMO DO PORTO - C.C.P. E A FESAHT - FEDERAÇÃO DOS SINDICATOS DA AGRICULTURA, ALIMENTAÇÃO, BEBIDAS, HOTELARIA E TURISMO DE PORTUGAL;Acordo de empresa;Nacional;2024;2024;1;1;2.58.0
7129;ACORDO COLETIVO ENTRE A INFRAESTRUTURAS DE PORTUGAL, S.A (IP, SA) E OUTRAS E O SINDICATO NACIONAL DOS TRABALHADORES DO SECTOR FERROVIÁRIO E OUTROS - REVISÃO GLOBAL;Acordo coletivo de trabalho;Nacional;2024;2024;19;19;1.218.6 1.286.3 1.331.1 1.338.3 1.363.1 1.367.3 1.396.2 1.436.1 1.474.0 1.478.2 1.511.1 1.536.0 1.544.0 1.569.0 1.577.0 1.608.0 1.651.0 2.47.0 2.50.0
7130;ACORDO DE EMPRESA ENTRE A SANTA CASA DA MISERICORDIA DE LISBOA - SCML E O SNE - SINDICATO NACIONAL DOS ENFERMEIROS E OUTROS;Acordo de empresa;Nacional;2024;2026;14;5;1.225.2 1.233.3 1.630.0 1.659.1 1.675.0
7131;ACORDO COLETIVO ENTRE A EMPRESA DE TRÁFEGO E ESTIVA S.A. E OUTRAS E O SINDICATO NACIONAL DOS ESTIVADORES, TRABALHADORES DO TRÁFEGO, CONFERENTES MARÍTIMOS E OUTROS;Acordo coletivo de trabalho;Concelhia;2025;2025;1;1;1.521.1
7132;ACORDO COLETIVO ENTRE A LISCONT - OPERADORES DE CONTENTORES S.A. E OUTRAS E O SINDICATO NACIONAL DOS ESTIVADORES, TRABALHADORES DO TRÁFEGO, CONFERENTES MARÍTIMOS E OUTROS;Acordo coletivo de trabalho;Concelhia;2025;2025;1;1;1.521.1
7133;ACORDO DE EMPRESA ENTRE A NAVEGAÇÃO AÉREA DE PORTUGAL - NAV PORTUGAL, E.P.E. E O SINDICATO DOS TRABALHADORES DA AVIAÇÃO E AEROPORTOS - SITAVA E OUTROS - REVISÃO GLOBAL;Acordo de empresa;Nacional;2025;2025;7;7;1.341.1 1.372.0 1.383.0 1.422.0 1.441.0 1.470.0 1.526.0
7134;ACORDO DE EMPRESA ENTRE O TERMINAL MULTIUSOS DO BEATO - OPERAÇÕES PORTÁRIAS, S.A. E O SINDICATO NACIONAL DOS ESTIVADORES, TRABALHADORES DO TRÁFEGO, CONFERENTES MARÍTIMOS E OUTROS;Acordo de empresa;Concelhia;2025;2025;1;1;1.521.1
7135;ACORDO DE EMPRESA ENTRE A UNIDADE LOCAL DE SAÚDE DE AMADORA/SINTRA, E.P.E. E O SINDICATO NACIONAL DOS TRABALHADORES DO ESTADO, DAS AUTARQUIAS E DE ENTIDADES COM FINS PÚBLICOS E SOCIAIS - STMO;Acordo de empresa;Continente;2025;2025;1;1;1.607.2
7136;ACORDO DE EMPRESA ENTRE A ÁGUAS DO INTERIOR - NORTE, E.I.M., S.A. E O STAL - SINDICATO NACIONAL DOS TRABALHADORES DA ADMINISTRAÇÃO LOCAL E REGIONAL, EMPRESAS PÚBLICAS, CONCESSIONÁRIAS E AFINS;Acordo de empresa;Pluridistrital;2025;2025;1;1;1.306.1
7137;ACORDO DE EMPRESA ENTRE A EMARP - EMPRESA MUNICIPAL DE ÁGUAS E RESÍDUOS DE PORTIMAO, EM, SA E O SINDICATO DOS TRABALHADORES DA ADMINISTRAÇÃO PÚBLICA E DE ENTIDADES COM FINS PÚBLICOS - SINTAP - REVISÃO GLOBAL;Acordo de empresa;Concelhia;2025;2025;1;1;1.363.1
7138;ACORDO DE EMPRESA ENTRE A EMARP - EMPRESA MUNICIPAL DE ÁGUAS E RESÍDUOS DE PORTIMÃO, E.M., SA E O STAL - SINDICATO NACIONAL DOS TRABALHADORES DA ADMINISTRAÇÃO LOCAL E REGIONAL, EMPRESAS PÚBLICAS, CONCESSIONÁRIAS E AFINS - REVISÃO GLOBAL;Acordo de empresa;Concelhia;2025;2025;1;1;1.306.1
7139;ACORDO DE EMPRESA ENTRE A PORTUGS SETÚBAL - REBOQUES MARITIMOS, UNIPESSOAL LDA E O SINDICATO DA MARINHA MERCANTE, INDÚSTRIAS E ENERGIA - SITEMAQ;Acordo de empresa;Nacional;2025;2025;1;1;1.5.6
7140;ACORDO DE EMPRESA ENTRE A AP SOLUTIONS GMBH - SUCURSAL EM PORTUGAL E O SINDICATO DOS TRABALHADORES DA ACTIVIDADE SEGURADORA (STAS);Acordo de empresa;Nacional;2025;2026;3;1;1.85.3
7141;ACORDO DE EMPRESA ENTRE A ASSOCIAÇÃO ACADÉMICA DE COIMBRA  E O CESP - SINDICATO DOS TRABALHADORES DO COMÉRCIO, ESCRITÓRIOS E SERVIÇOS DE PORTUGAL E OUTRO - REVISÃO GLOBAL;Acordo de empresa;Distrital;2025;2025;1;1;1.518.0
7142;CONTRATO COLETIVO ENTRE A CONFEDERAÇÃO DOS AGRICULTORES DE PORTUGAL (CAP) E O SINDICATO NACIONAL DOS TRABALHADORES DA AGRICULTURA, FLORESTA, PESCA, TURISMO, INDUSTRIA ALIMENTAR, BEBIDAS E AFINS - SETAAB - REVISÃO GLOBAL;Contrato coletivo de trabalho;Continente;2025;2025;2;2;1.631.0 8.3.0
7143;CONTRATO COLETIVO ENTRE ASSOCIAÇÃO NACIONAL DE COMER. E INDUSTRIAIS DE PRODUTOS ALIMENTARES(ANCIPA)E O SINDICATO NACIONAL DOS TRABALHADORES DA AGRICULTURA,FLORESTA,PESCA,TURISMO,INDÚSTRIA ALIMENTAR,BEBIDAS E AFINS-SETAAB(INDÚSTRIA DE BATATA FRITA,APERITIVOS E SIMILARES)-REVISÃO GLOBAL;Contrato coletivo de trabalho;Nacional;2025;2025;2;2;1.631.0 5.12.0
7144;ACORDO DE EMPRESA ENTRE A LAGOS-EM-FORMA - GESTAO DESPORTIVA, E.M., S.A. E O SINDICATO DOS TRABALHADORES DA ADMINISTRAÇÃO PÚBLICA E DE ENTIDADES COM FINS PÚBLICOS - SINTAP - REVISÃO GLOBAL;Acordo de empresa;Concelhia;2025;2025;1;1;1.363.1
7145;ACORDO DE EMPRESA ENTRE A REBONAVE - REBOQUES E ASSISTÊNCIA NAVAL, SA E O SINDICATO DOS TRANSPORTES FLUVIAIS, COSTEIROS E DA MARINHA MERCANTE E OUTRO - REVISÃO GLOBAL;Acordo de empresa;Nacional;2025;2026;6;2;1.5.6 1.8.2
7146;CONTRATO COLETIVO ENTRE A ALIF - ASSOCIAÇÃO NACIONAL DA INDÚSTRIA  PELO FRIO E COMÉRCIO DE PRODUTOS ALIMENTARES E O SINDICATO NACIONAL DOS TRABALHADORES DA AGRICULTURA, FLORESTA, PESCA, TURISMO, INDÚSTRIA ALIMENTAR, BEBIDAS E AFINS - SETAAB - REVISÃO GLOBAL;Contrato coletivo de trabalho;Nacional;2025;2025;2;2;1.631.0 5.241.3
7147;CONTRATO COLETIVO ENTRE A ASSOCIAÇÃO NACIONAL DE COMERCIANTES E INDUSTRIAIS DE PRODUTOS ALIMENTARES (ANCIPA) E O SINDICATO NACIONAL DOS TRABALHADORES DA AGRICULTURA, FLORESTA, PESCA, TURISMO, INDÚSTRIA ALIMENTAR, BEBIDAS E AFINS - SETAAB (INDÚSTRIA DE HORTOFRUTÍCOLAS) - REVISÃO GLOBAL;Contrato coletivo de trabalho;Nacional;2025;2025;2;2;1.631.0 5.12.0
7148;ACORDO DE EMPRESA ENTRE A EUROP ASSISTANCE, S.A. - SUCURSAL EM PORTUGAL E O SINDICATO DOS TRABALHADORES DA ACTIVIDADE SEGURADORA (STAS) - REVISÃO GLOBAL;Acordo de empresa;Nacional;2025;2026;2;1;1.85.3
7149;ACORDO DE EMPRESA ENTRE A EUROP ASSISTANCE, SA - SUCURSAL EM PORTUGAL E O SINDICATO NACIONAL DOS PROFISSIONAIS DE SEGUROS E AFINS - SINAPSA - REVISÃO GLOBAL;Acordo de empresa;Nacional;2025;2026;2;1;1.187.1
7150;CONTRATO COLETIVO ENTRE A AHSA - ASSOCIAÇÃO DOS HORTICULTORES, FRUTICULTORES E FLORICULTORES DOS CONCELHOS DE ODEMIRA E ALJEZUR E O SINDICATO NACIONAL DOS TRABALHADORES DA AGRICULTURA, FLORESTA, PESCA, TURISMO, INDUSTRIA ALIMENTAR, BEBIDAS E AFINS - SETAAB - REVISÃO GLOBAL;Contrato coletivo de trabalho;Nacional;2025;2025;2;2;1.631.0 5.610.2
7151;CONTRATO COLETIVO ENTRE A APHORT - ASSOCIAÇÃO PORTUGUESA DE HOTELARIA, RESTAURAÇÃO E TURISMO E A FESAHT - FEDERAÇÃO DOS SINDICATOS DA AGRICULTURA, ALIMENTAÇAO, BEBIDAS, HOTELARIA E TURISMO DE PORTUGAL - REVISÃO GLOBAL;Contrato coletivo de trabalho;Nacional;2025;2025;2;2;2.58.0 5.578.1
7152;ACORDO COLETIVO ENTRE A BP PORTUGAL - COMERCIO DE COMBUSTIVEIS E LUBRIFICANTES, SA E OUTRAS E A FIEQUIMETAL - FEDERAÇÃO INTERSINDICAL DAS INDÚSTRIAS METALÚRGICAS, QUÍMICAS, ELÉCTRICAS, FARMACÊUTICA, CELULOSE, PAPEL, GRÁFICA, IMPRESA, ENERGIA E MINAS E OUTROS - REVISÃO GLOBAL;Acordo coletivo de trabalho;Nacional;2025;2025;4;4;1.129.1 1.31.2 2.48.1 2.50.0
7154;CONTRATO COLETIVO ENTRE A ADCP - ASSOCIAÇÃO DAS ADEGAS COOPERATIVAS DE PORTUGAL E O SINDICATO NACIONAL DOS TRABALHADORES DA AGRICULTURA, FLORESTA, PESCA, TURISMO, INDUSTRIA ALIMENTAR, BEBIDAS E AFINS - SETAAB - REVISÃO GLOBAL;Contrato coletivo de trabalho;Nacional;2025;2025;2;2;1.631.0 5.601.0
7155;ACORDO DE EMPRESA ENTRE A OGMA - INDÚSTRIA AERONÁUTICA DE PORTUGAL, SA. E O SIA - SINDICATO DA INDÚSTRIA AERONÁUTICA E OUTROS - REVISÃO GLOBAL;Acordo de empresa;Nacional;2025;2026;12;6;1.340.0 1.372.0 1.460.1 1.470.0 1.639.1 1.667.0
7156;ACORDO DE EMPRESA ENTRE A BOLUDA TOWAGE PORTUGAL,  E O SINDICATO DA MARINHA MERCANTE, INDÚSTRIAS E ENERGIA - SITEMAQ - REVISÃO GLOBAL;Acordo de empresa;Nacional;2025;2026;2;1;1.5.6
7157;CONTRATO COLETIVO ENTRE A ASSOCIAÇÃO DOS AGRICULTORES DO RIBATEJO - ORGANIZAÇÃO DE EMPREGADORES DOS DISTRITOS DE SANTARÉM, LISBOA E LEIRIA E O SINDICATO DOS TRABALHADORES DA AGRICULTURA, FLORESTA, PESCA,TURISMO, INDÚSTRIA ALIMENTAR, BEBIDAS E AFINS - SETAAB - REVISÃO GLOBAL;Contrato coletivo de trabalho;Pluridistrital;2025;2025;2;2;1.631.0 5.302.1
7158;ACORDO COLETIVO ENTRE A COOPERATIVA AGRO-PECUARIA DA BEIRA CENTRAL, C.R.L. E OUTRAS E O SINDICATO NACIONAL DOS TRABALHADORES DA AGRICULTURA, FLORESTA, PESCA, TURISMO, INDUSTRIA ALIMENTAR, BEBIDAS E AFINS - SETAAB E OUTRO - REVISAO GLOBAL;Acordo coletivo de trabalho;Nacional;2025;2025;2;2;1.222.4 1.631.0
7159;CONTRATO COLETIVO ENTRE A ASSOCIAÇÃO DOS AGRICULTORES DO BAIXO ALENTEJO E O SINDICATO NACIONAL DOS TRABALHADORES DA AGRICULTURA, FLORESTA, PESCA, TURISMO, INDÚSTRIA ALIMENTAR, BEBIDAS E AFINS - SETAAB - REVISÃO GLOBAL;Contrato coletivo de trabalho;Distrital;2025;2025;2;2;1.631.0 5.321.0
7160;CONTRATO COLETIVO ENTRE A ANEFA - ASSOCIAÇÃO NACIONAL DE EMPRESAS FLORESTAIS, AGRÍCOLAS E DO AMBIENTE E O SINDICATO NACIONAL DOS TRABALHADORES DA AGRICULTURA, FLORESTA, PESCA, TURISMO, INDÚSTRIA ALIMENTAR, BEBIDAS E AFINS - SETAAB - REVISÃO GLOBAL;Contrato coletivo de trabalho;Nacional;2025;2025;2;2;1.631.0 5.425.1
7162;CONTRATO COLETIVO ENTRE A ACIFF - ASSOCIAÇAO COMERCIAL E INDUSTRIAL DA FIGUEIRA DA FOZ - ASSOCIAÇAO EMPRESARIAL REGIONAL E O CESP - SINDICATO DOS TRABALHADORES DO COMERCIO, ESCRITORIOS E SERVIÇOS DE PORTUGAL - REVISAO GLOBAL;Contrato coletivo de trabalho;Distrital;2025;2026;4;2;1.518.0 5.188.1
7163;ACORDO COLETIVO ENTRE O INSTITUTO PORTUGUES DE ONCOLOGIA DE COIMBRA FRANCISCO GENTIL, EPE E OUTROS E O SINDICATO INDEPENDENTE DOS MEDICOS - SIM - ALTERAÇOES;Acordo coletivo de trabalho;Continente;2026;2026;1;1;1.365.0
7164;CONTRATO COLETIVO ENTRE A ASSOCIAÇÃO COMERCIAL E EMPRESARIAL DO DISTRITO DE AVEIRO (ACA) E O CESP - SINDICATO DOS TRABALHADORES DO COMÉRCIO, ESCRITÓRIOS E SERVIÇOS DE PORTUGAL E OUTRO - REVISÃO GLOBAL;Contrato coletivo de trabalho;Distrital;2025;2026;6;3;1.222.4 1.518.0 5.165.4
7165;ACORDO DE EMPRESA ENTRE A INOVA - EMPRESA DE DESENVOLVIMENTO ECONÓMICO E SOCIAL DE CANTANHEDE, EM - SA E O SINDICATO DOS TRABALHADORES DA ADMINISTRAÇÃO PÚBLICA E DE ENTIDADES COM FINS PÚBLICOS - SINTAP - REVISÃO GLOBAL;Acordo de empresa;Distrital;2025;2025;1;1;1.363.1
7166;CONTRATO COLETIVO ENTRE A FNOP - ASSOCIAÇÃO NACIONAL DAS ORGANIZAÇÕES DE PRODUTORES DE FRUTAS E HORTÍCOLAS E O SINDICATO NACIONAL DOS TRABALHADORES DA AGRICULTURA, FLORESTA, PESCA, TURISMO, INDÚSTRIA ALIMENTAR, BEBIDAS E AFINS - SETAAB - REVISÃO GLOBAL;Contrato coletivo de trabalho;Continente;2025;2026;4;2;1.631.0 5.177.2
7167;CONTRATO COLETIVO ENTRE A ASSOCIAÇÃO NACIONAL DOS INDUSTRIAIS DE PAPEL E CARTÃO - ANIPC E O SINDICATO DOS TRABALHADORES DO SETOR DE SERVIÇOS - SITESE - REVISÃO GLOBAL;Contrato coletivo de trabalho;Nacional;2025;2026;4;2;1.218.6 5.277.1
7168;CONTRATO COLETIVO ENTRE A ANIECA - ASSOCIAÇÃO NACIONAL DE ESCOLAS DE CONDUÇAO AUTOMÓVEL E A FEDERAÇÃO DOS SINDICATOS DE TRANSPORTES E COMUNICAÇÕES - FECTRANS - REVISÃO GLOBAL;Contrato coletivo de trabalho;Nacional;2025;2025;2;2;2.50.0 5.34.0
7169;ACORDO COLETIVO ENTRE A LUSITÂNIA - COMPANHIA DE SEGUROS, S.A. E OUTRA E O SINDICATO DOS TRABALHADORES DA ATIVIDADE SEGURADORA (STAS) - REVISÃO GLOBAL;Acordo coletivo de trabalho;Nacional;2025;2025;1;1;1.85.3
7170;CONTRATO COLETIVO ENTRE A ASSOCIAÇÃO PORTUGUESA DE HOSPITALIZAÇÃO PRIVADA - APHP E O SINDICATO DOS TRABALHADORES DO SETOR DE SERVIÇOS - SITESE E OUTRO;Contrato coletivo de trabalho;Nacional;2025;2025;3;3;1.218.6 1.368.2 5.88.1
7171;ACORDO COLETIVO ENTRE A BP PORTUGAL - COMÉRCIO DE COMBUSTÍVEIS E LUBRIFICANTES, S.A. E OUTRAS E A FEDERAÇÃO DE SINDICATOS DA INDÚSTRIA, ENERGIA E TRANSPORTES - COFESINT E OUTROS - REVISÃO GLOBAL;Acordo coletivo de trabalho;Nacional;2025;2026;6;4;1.218.6 1.360.3 2.47.0 4.9.2
7172;ACORDO DE EMPRESA ENTRE A LOURES PARQUE - EMPRESA MUNICIPAL DE ESTACIONAMENTO, EM, UNIPESSOAL LDA, E O SINDICATO NACIONAL DOS TRABALHADORES DA ADMINISTRAÇÃO PÚBLICA E DE ENTIDADES COM FINS PÚBLICOS - SINTAP;Acordo de empresa;Concelhia;2025;2025;1;1;1.363.1
7173;ACORDO COLETIVO ENTRE A LUSITÂNIA - COMPANHIA DE SEGUROS, SA E OUTRA E O SINDICATO NACIONAL DOS PROFISSIONAIS DE SEGUROS E AFINS - SINAPSA - REVISÃO GLOBAL;Acordo coletivo de trabalho;Nacional;2025;2025;1;1;1.187.1
7174;ACORDO DE EMPRESA ENTRE A ÁGUAS PÚBLICAS DA SERRA DA ESTRELA, EIM, S.A. E O SINDICATO DOS TRABALHADORES DA ADMINISTRAÇÃO PÚBLICA E DE ENTIDADES COM FINS PÚBLICOS - SINTAP E OUTRO - REVISÃO GLOBAL;Acordo de empresa;Concelhia;2025;2025;2;2;1.306.1 1.363.1
7175;CONTRATO COLETIVO ENTRE A ASSOCIAÇAO PORTUGUESA DE ESCOLAS DE CONDUÇÃO - APEC E A FEDERAÇÃO DOS SINDICATOS DE TRANSPORTES E COMUNICAÇÕES - FECTRANS - REVISÃO GLOBAL;Contrato coletivo de trabalho;Nacional;2025;2025;2;2;2.50.0 5.463.0
7176;ACORDO DE EMPRESA ENTRE A AC, ÁGUAS DE COIMBRA, E.M. E O SINDICATO DOS TARBALHADORES DA ADMINISTRAÇÃO PÚBLICA E DE ENTIDADES COM FINS PÚBLICOS - SINTAP - REVISÃO GLOBAL;Acordo de empresa;Distrital;2025;2025;1;1;1.363.1
7177;ACORDO DE EMPRESA ENTRE A VIA PORTO, OPERAÇÃO E MANUTENÇÃO DE TRANSPORTES, UNIPESSOAL LDA E O STRUP - SINDICATO DOS TRABALHADORES DE TRANSPORTES RODOVIÁRIOS E URBANOS DE PORTUGAL;Acordo de empresa;Distrital;2025;2026;2;1;1.565.0
7178;ACORDO DE EMPRESA ENTRE A AWP P&C. SA - SUCURSAL EM PORTUGAL E O SINDICATO NACIONAL DOS PROFISSIONAIS DE SEGUROS E AFINS - SINAPSA;Acordo de empresa;Nacional;2025;2025;1;1;1.187.1
7179;ACORDO DE EMPRESA ENTRE A AP SOLUTIONS GMBH - SUCURSAL EM PORTUGAL E O SINDICATO NACIONAL DOS PROFISSIONAIS DE SEGUROS E AFINS - SINAPSA;Acordo de empresa;Nacional;2025;2025;1;1;1.187.1
7180;CONTRATO COLETIVO ENTRE A CONFEDERAÇÃO NACIONAL DAS INSTITUIÇÕES DE SOLIDARIEDADE - CNIS E A FNE - FEDERAÇÃO NACIONAL DA EDUCAÇAO E OUTROS - REVISÃO GLOBAL;Contrato coletivo de trabalho;Nacional;2025;2026;14;8;1.104.3 1.218.6 1.363.1 1.368.1 1.368.2 1.377.2 1.393.1 2.54.0
7181;CONTRATO COLETIVO ENTRE A ASSOCIAÇÃO PORTUGUESA DE ESCOLAS DE CONDUÇÃO - APEC E O SINDICATO DOS TRABALHADORES DO SETOR DE SERVIÇOS - SITESE - REVISÃO GLOBAL;Contrato coletivo de trabalho;Nacional;2025;2025;2;2;1.218.6 5.463.0
7182;CONTRATO COLETIVO ENTRE A ASSOCIAÇÃO COMERCIAL, INDUSTRIAL E DE SERVIÇOS DE BRAGANÇA - ACISB E OUTRAS E O SINDICATO INDEPENDENTE DOS TRABALHADORES DO COMÉRCIO, ESCRITÓRIOS, SERVIÇOS, RESTAURAÇÃO E BEBIDAS E OUTROS - SITCES;Contrato coletivo de trabalho;Distrital;2025;2026;8;4;1.691.0 5.249.0 5.427.1 5.75.1
7183;CONTRATO COLETIVO ENTRE A ASSOCIAÇÃO NACIONAL DOS CENTROS DE INSPECÇÃO AUTOMÓVEL (ANCIA) E O SINDICATO DA CONSTRUÇÃO, OBRAS PÚBLICAS E SERVIÇOS - SETACCOP E OUTRO - REVISÃO GLOBAL;Contrato coletivo de trabalho;Nacional;2025;2026;6;3;1.218.6 1.286.3 5.558.0
7184;ACORDO DE EMPRESA ENTRE A AUTORIDADE DE SUPERVISÃO DE SEGUROS E FUNDOS DE PENSÕES (ASF) E O SINDICATO DOS TRABALHADORES DA ATIVIDADE SEGURADORA (STAS) E OUTRO;Acordo de empresa;Nacional;2025;2026;4;2;1.187.1 1.85.3
7185;CONTRATO COLETIVO ENTRE A ACILIS - ASSOCIAÇÃO DE COMÉRCIO, INDÚSTRIA, SERVIÇOS E TURISMO DA REGIÃO DE LEIRIA E OUTRAS  E O CESP - SINDICATO DOS TRABALHADORES DO COMÉRCIO, ESCRITÓRIOS E SERVIÇOS DE PORTUGAL - REVISÃO GLOBAL;Contrato coletivo de trabalho;Distrital;2025;2025;8;8;1.518.0 5.131.2 5.155.4 5.222.0 5.226.1 5.305.3 5.504.0 5.564.0
7186;ACORDO DE EMPRESA ENTRE A MEDWAY - OPERADOR FERROVIÁRIO DE MERCADORIAS, SA E O SINDICATO NACIONAL DOS MAQUINISTAS DOS CAMINHOS DE FERRO PORTUGUESES - SMAQ - REVISÃO GLOBAL;Acordo de empresa;Nacional;2025;2025;1;1;1.344.2
7187;AC ENTRE A LACTICOOP-UNIAO DE COOPERATIVAS DE PRODUTORES DE LEITE DE ENTRE DOURO E MONDEGO,UCRL E OUTRA E O SINDICATO DOS PROFISSIONAIS DE LACTICÍNIOS,ALIMENTAÇÃO,AGRICULTURA,ESCRITÓRIOS,COMÉRCIO,SERVIÇOS,TRANSPORTES RODOVIARIOS,METALOMECÂNICA,METALURGIA,CONSTRUÇAO CIVIL E MADEIRAS-REVISÃO GLOBAL;Acordo coletivo de trabalho;Nacional;2025;2025;1;1;1.138.1
7189;CONTRATO COLETIVO ENTRE A ASSOCIAÇÃO PORTUGUESA DE FABRICANTES DE PAPEL E CARTÃO (FAPEL) E O SINDICATO DAS INDUSTRIAS E AFINS - SINDEQ E OUTROS - REVISÃO GLOBAL;Contrato coletivo de trabalho;Nacional;2025;2025;5;5;1.218.6 1.360.2 2.26.2 2.47.0 4.9.2
7190;ACORDO DE EMPRESA ENTRE A EMEL - EMPRESA MUNICIPAL DE MOBILIDADE E ESTACIONAMENTO DE LISBOA, E.M., S.A. E O CESP - SINDICATO DOS TRABALHADORES DO COMÉRCIO, ESCRITÓRIOS E SERVIÇOS DE PORTUGAL - REVISÃO GLOBAL;Acordo de empresa;Distrital;2025;2025;1;1;1.518.0
7191;ACORDO DE EMPRESA ENTRE A ASSOCIAÇÃO HUMANITÁRIA DOS BOMBEIROS VOLUNTÁRIOS DA BENEDITA E O SINDICATO NACIONAL DOS BOMBEIROS PROFISSIONAIS (SNBP) - REVISÃO GLOBAL;Acordo de empresa;Nacional;2025;2025;1;1;1.486.0
7192;ACORDO DE EMPRESA ENTRE A NORMAX - FÁBRICA DE VIDROS CIENTIFICOS LDA E A FEDERAÇÃO PORTUGUESA DOS SINDICATOS DA CONSTRUÇÃO, CERÂMICA E VIDRO - FEVICCOM;Acordo de empresa;Distrital;2025;2026;2;1;2.46.0
7193;ACORDO DE EMPRESA ENTRE A TRATOLIXO - TRATAMENTO DE RESÍDUOS SÓLIDOS E.I.M - EMPRESA INTERMUNICIPAL, S.A. E O STAL - SINDICATO NACIONAL DOS TRABALHADORES DA ADMINISTRAÇÃO LOCAL E REGIONAL, EMPRESAS PÚBLICAS, CONCESSIONÁRIAS E AFINS;Acordo de empresa;Concelhia;2025;2025;1;1;1.306.1
7195;ACORDO DE EMPRESA ENTRE A MAIAMBIENTE, EM E O STAL - SINDICATO NACIONAL DOS TRABALHADORES DA ADMINISTRAÇÃO LOCAL E REGIONAL, EMPRESAS PÚBLICAS, CONCESSIONÁRIAS E AFINS;Acordo de empresa;Concelhia;2025;2025;1;1;1.306.1
7196;ACORDO DE EMPRESA ENTRE A GESAMB - GESTÃO AMBIENTAL DE RESÍDUOS. E.I..M. E O STAL - SINDICATO NACIONAL DOS TRABALHADORES DA ADMINISTRAÇÃO LOCAL E REGIONAL, EMPRESAS PÚBLICAS, CONCESSIONÁRIAS E AFINS - REVISÃO GLOBAL;Acordo de empresa;Distrital;2025;2025;1;1;1.306.1
7197;ACORDO DE EMPRESA ENTRE A EMEL - EMPRESA MUNICIPAL DE MOBILIDADE E ESTACIONAMENTO DE LISBOA, E.M, S.A. E O SINDICATO DOS TRABALHADORES DA ADMINISTRAÇÃO PÚBLICA E DE ENTIDADES COM FINS PÚBLICOS - SINTAP - REVISÃO GLOBAL;Acordo de empresa;Distrital;2025;2025;1;1;1.363.1
7198;ACORDO DE EMPRESA ENTRE A EMEL - EMPRESA MUNICIPAL DE MOBILIDADE E ESTACIONAMENTO DE LISBOA, E.M., S.A. E O SINDICATO DOS TRABALHADORES DO SETOR DE SERVIÇOS - SITESE - REVISÃO GLOBAL;Acordo de empresa;Distrital;2025;2025;1;1;1.218.6
7199;CONTRATO COLETIVO ENTRE A UNIÃO DE ASSOCIAÇÕES DO COMÉRCIO E SERVIÇOS DA REGIÃO DE LISBOA E VALE DO TEJO - UACS E OUTRA E O SINDICATO DOS TRABALHADORES DO SETOR DE SERVIÇOS - SITESE - REVISÃO GLOBAL;Contrato coletivo de trabalho;Distrital;2025;2025;3;3;1.218.6 5.70.1 7.2.2
7200;ACORDO COLETIVO ENTRE A RMINHO BUS - TRANSPORTES DO MINHO, SOCIEDADE UNIPESSOAL LDA E OUTRAS E A FEDERAÇÃO DOS SINDICATOS DE TRANSPORTES E COMUNICAÇÕES - FECTRANS E OUTROS - REVISÃO GLOBAL;Acordo coletivo de trabalho;Nacional;2025;2025;4;4;1.298.2 1.392.1 1.427.2 2.50.0
7201;ACORDO DE EMPRESA ENTRE A ASSOCIAÇÃO DOS ESTUDANTES DO INSTITUTO SUPERIOR TÉCNICO E O SINDICATO DOS TRABALHADORES DO SETOR DE SERVIÇOS - SITESE - REVISÃO GLOBAL;Acordo de empresa;Distrital;2025;2025;1;1;1.218.6
7203;ACORDO COLETIVO ENTRE A BRISA - AUTO ESTRADAS DE PORTUGAL, SA E OUTRAS E O SINDICATO DA COONSTRUÇAO, OBRAS PUBLICAS E SERVIÇOS - SETACCOP E OUTROS - REVISAO GLOBAL;Acordo coletivo de trabalho;Nacional;2026;2026;6;6;1.218.6 1.286.3 1.361.2 2.46.0 2.50.0 2.6.4
7204;CONTRATO COLETIVO ENTRE A ACAP - ASSOCIAÇAO AUTOMOVEL DE PORTUGAL E OUTRAS E O SINDEL - SINDICATO NACIONAL DA INDUSTRIA E DA ENERGIA E OUTRO -REVISAO GLOBAL;Contrato coletivo de trabalho;Nacional;2026;2026;5;5;1.218.6 1.361.2 5.141.1 5.23.1 5.83.1
7205;ACORDO DE EMPRESA ENTRE A SN MAIA - SIDERURGIA NACIONAL, SA E O SINDEL - SINDICATO NACIONAL DA INDUSTRIA E DA ENERGIA - REVISAO GLOBAL;Acordo de empresa;Nacional;2026;2026;1;1;1.361.2
7206;ACORDO DE EMPRESA ENTRE A SN SEIXAL - SIDERURGIA NACIONAL, SA E O SINDEL - SINDICATO NACIONAL DA INDUSTRIA E DA ENERGIA - REVISAO GLOBAL;Acordo de empresa;Nacional;2026;2026;1;1;1.361.2
7207;ACORDO DE EMPRESA ENTRE A EMARP - EMPRESA MUNICIPAL DE AGUAS E RESIDUOS DE PORTIMAO, EM, SA E O SINDICATO DOS TRABALHADORES DA ADMINISTRAÇAO PUBLICA E DE ENTIDADES COM FINS PUBLICOS - SINTAP - REVISAO GLOBAL;Acordo de empresa;Concelhia;2026;2026;1;1;1.363.1
7208;CONTRATO COLETIVO ENTRE A  CONFEDERAÇAO DOS AGRICULTORES DE PORTUGAL (CAP) E O SINDICATO NACIONAL DOS TRABALHADORES DA AGRICULTURA, FLORESTA, PESCA, TURISMO, INDUSTRIA ALIMENTAR, BEBIDAS A FINS - SETAAB - REVISAO GLOBAL;Contrato coletivo de trabalho;Continente;2026;2026;2;2;1.631.0 8.3.0
7209;CONTRATO COLETIVO ENTRE A ASSOCIAÇAO DA HOTELARIA DE PORTUGAL (AHP) E O SINDICATO DOS TRABALHADORES DO SETOR DE SERVIÇOS - SITESE - REVISAO GLOBAL;Contrato coletivo de trabalho;Continente;2026;2026;2;2;1.218.6 5.345.1
7210;CONTRATO COLETIVO ENTRE A ASSOCIAÇAO DA HOTELARIA, RESTAURAÇAO E SIMILARES DE PORTUGAL (AHRESP) E O SINDICATO DOS TRABALHADORES DO SETOR DE SERVIÇOS - SITESE (ALOJAMENTO) - REVISAO GLOBAL;Contrato coletivo de trabalho;Nacional;2026;2026;2;2;1.218.6 5.508.1
7211;CONTRATO COLETIVO ENTRE A ASSOCIAÇAO DA HOTELARIA, RESTAURAÇAO E SIMILARES DE PORTUGAL (AHRESP) E O SINDICATO DOS TRABALHADORES DO SETOR DE SERVIÇOS -SITESE (RESTAURAÇAO E BEBIDAS) - REVISAO GLOBAL;Contrato coletivo de trabalho;Nacional;2026;2026;2;2;1.218.6 5.508.1
7212;CONTRATO COLETIVO ENTE A ASSOCIAÇÃO NACIONAL DE MARCAS DE RETALHO E RESTAURAÇÃO-AMRRE O SINDICATO INDEPENDENTE DO COMERCIO E SERVIÇOS (SICOS);Contrato coletivo de trabalho;Continente;2026;2026;2;2;1.558.0 5.620.0
7213;CONTRATO COLETIVO ENTRE A ASSOCIAÇÃO NACIONAL DE TRANSPORTES PÚBLICOS DE MERCADORIAS_ANTRAM E OUTRA E A FEDERAÇÃO DOS SINDICATOS DE TRANSPORTES E COMUNICAÇÕES-FECTRANS-REVISÃO GLOBAL;Contrato coletivo de trabalho;Nacional;2026;2026;2;2;2.50.0 5.15.0
7214;CONTRATO COLETIVO ENTRE A ASSOCIAÇAO NACIONAL DOS CENTROS DE ABATE E INDUSTRIAS TRANSFORMADORAS DE CARNE DE AVES (ANCAVE) E O SINDICATO NACIONAL DOS TRABALHADORES DA AGRICULTURA, FLORESTA, PESCA, TURISMO, INDUSTRIA ALIMENTAR, BEBIDAS E AFINS - SETAAB - REVISAO GLOBAL;Contrato coletivo de trabalho;Nacional;2026;2026;2;2;1.631.0 5.278.1
7215;CONTRATO COLETIVO ENTRE A ASSOCIAÇAO NACIONAL DE COMERCIANTES E INDUSTRIAIS DE PRODUTOS ALIMENTARES (ANCIPA) E O SINDICATO NACIONAL DOS TRABALHADORES DA AGRICULTURA, FLORESTEA, PESCA, TURISMO, INDUSTRIA ALIMENTAR, BEBIDAS E AFINS - SETAAB (INDUSTRIA DE BATATA FRITA, APERITIVOS E SIMILARES) - REVISAO;Contrato coletivo de trabalho;Nacional;2026;2026;2;2;1.631.0 5.12.0
7216;CONTRATO COLETIVO ENTRE A ASSOCIAÇAO NACIONAL DE COMERCIANTES E INDUSTRIAIS DE PRODUTOS ALIMENTARES (ANCIPA) E O SINDICATO NACIONAL DOS TRABALHADORES DA AGRICULTURA, FLORESTA, PESCA, INDUSTRIA ALIMENTAR, BEBIDAS E AFINS - SETAAB (INDUSTRIA DE HORTOFRUTICOLAS) - REVISAO GLOBAL;Contrato coletivo de trabalho;Nacional;2026;2026;2;2;1.631.0 5.12.0
7217;ACORDO COLETIVO ENTRE A LACTICOOP - UNIAO DE COOPERATIVAS DE PRODUTORES DE LEITE DE ENTRE DOURO E MONDEGO, URCL E OUTRA E O STRUP - SINDICATO DOS TRABALHADORES DE TRANSPORTES RODOVIARIOS E URBANOS DE PORTUGAL - REVISAO GLOBAL;Acordo coletivo de trabalho;Nacional;2026;2026;1;1;1.565.0
7218;ACORDO COLETIVO ENTRE A COMPANHIA DE SEGUROS ALLIANZ PORTUGAL, SA E OUTRAS E O SINDICATO DOS TRABALHADORES DA ACTIVIDADE SEGURADORA (STAS) E OUTRO - REVISAO GLOBAL;Acordo coletivo de trabalho;Nacional;2026;2026;2;2;1.187.1 1.85.3
7219;CONTRATO COLETIVO ENTRE A ALIF - ASSOCIAÇÃO NACIONAL DA INDÚSTRIA PELO FRIO E COMÉRCIO DE PRODUTOS ALIMENTARES E O SINDICATO NACIONAL DOS TRABALHADORES DA AGRICULTURA, FLORESTA, PESCA, TURISMO, INDUSTRIA ALIMENTAR, BEBIDAS E AFINS - SETAAB - REVISÃO GLOBAL;Contrato coletivo de trabalho;Nacional;2026;2026;2;2;1.631.0 5.241.3
7220;CONTRATO COLETIVO ENTRE A ANASAEL - ASSOCIAÇÃO NACIONAL DE EMPRESAS DE LAVANDARIA, ARRANJOS DE COSTURA, CONSERTOS DE SAPATOS E CHAVES E O SINDICATO DOS TRABALHADORES DO SETOR DE SERVIÇOS - SITESE - REVISÃO GLOBAL;Contrato coletivo de trabalho;Nacional;2026;2026;2;2;1.218.6 5.517.2
7221;CONTRATO COLETIVO ENTRE A ASSOCIAÇAO PORTUGUESA DE ESCOLAS DE CONDUÇAO-APEC E A FEDERAÇAO DOS SINDICATOS DOS TRABALHADORES E COMUNICAÇOES-FECTRANS-REVISÃO GLOBAL;Contrato coletivo de trabalho;Nacional;2026;2026;2;2;2.50.0 5.463.0
7222;CONTRATO COLETIVO ENTRE A ASSOCIAÇÃO PORTUGUESA DAS ESCOLAS DE CONDUÇÃO - APEC E O SINDICATO DOS TRABALHADORES DO SETOR DE SERVIÇOS - SITESE - REVISÃO GLOBAL;Contrato coletivo de trabalho;Nacional;2026;2026;2;2;1.218.6 5.463.0
7223;ACORDO COLETIVO ENTRE A ASSOCIAÇÃO DE REGANTES E BENEFICIÁRIOS DO VALE DO SORRAIA E OUTRAS E O SINDICATO NACIONAL DOS TRABALHADORES DA AGRICULTURA, FLORESTA, PESCA, TURISMO, INDÚSTRIA ALIMENTAR, BEBIDAS E AFINS - SETAAB - REVISÃO GLOBAL;Acordo coletivo de trabalho;Nacional;2026;2026;1;1;1.631.0
7224;CONTRATO COLETIVO ENTRE A ASSOCIAÇAO DOS AGRICULTORES DO RIBATEJO - ORGANIZAÇAO DE EMPREGADORES DOS DISTRITOS DE SANTAREM, LISBOA E LEIRIA E O SINDICATO NACIONAL DOS TRABALHADORES DA AGRICULTURA, FLORESTA, PESCA, TURISMO, INDUSTRIA ALIMENTAR, BEBIDAS E AFINS - SETAAB - REVISAO GLOBAL;Contrato coletivo de trabalho;Pluridistrital;2026;2026;2;2;1.631.0 5.302.1
7225;ACORDO COLETIVO ENTRE A LACTICOOP - UNIAO DE COOPERATIVAS DE PRODUTORES DE LEITE DE ENTRE DOURO E MONDEGO, UCRL E OUTRA E O SINDICATO DOS PROFISSIONAIS DE LACTICINIOS, ALIMENTAÇAO, AGRICULTURA, ESCRITORIOS, COMERCIO, SERVIÇOS, TRANSPORTES RODOVIARIOS, METALOMECANICA, METALURGIA, CONSTRUÇAO CIVIL;Acordo coletivo de trabalho;Nacional;2026;2026;1;1;1.138.1
7226;ACORDO COLETIVO ENTRE A LACTICOOP - UNIAO DE COOPERATIVAS DE PRODUTORES DE LEITE DE ENTRE DOURO E MONDEGO, UCRL E OUTRA E O SINDICATO NACIONAL  DOS TRABALHADORES DA AGRICULTURA, FLORESTA, PESCA, TURISMO, INDUSTRIA ALIMENTAR, BEBIDAS E AFINS - SETAAB - REVISAO GLOBAL;Acordo coletivo de trabalho;Nacional;2026;2026;1;1;1.631.0
7227;CONTRATO COLETIVO ENTRE A ASSOCIAÇAO NACIONAL DOS INDUSTRIAIS DE PAPEL E CARTAO - ANIPC E A FEDERAÇAO INTERSINDICAL DAS INDUSTRIAS METALURGICAS, QUIMICAS, ELECTRICAS, FARMACEUTICA, CELULOSE, PAPEL, GRAFICA, IMPRENSA, ENERGIA E MINAS - FIEQUIMETAL - REVISAO GLOBAL;Contrato coletivo de trabalho;Nacional;2026;2026;2;2;2.48.1 5.277.1
7228;ACORDO DE EMPRESA ENTRE O SINDICATO DA BANCA, SEGUROS E TECNOLOGIAS - MAIS SINDICATO E O SINDICATO DOS ENFERMEIROS - SE - REVISAO GLOBAL;Acordo de empresa;Nacional;2026;2026;2;2;1.110.1 1.225.2
7229;ACORDO DE EMPRESA ENTRE A CASBUSCAIS, LDA E O SINDICATO DOS TRABALHADORES DOS TRANSPORTES - SITRA;Acordo de empresa;Concelhia;2026;2026;1;1;1.104.3
7230;ACORDO COLETIVO ENTRE A SADOPORT - TERMINAL MARÍTIMO DO SADO, S.A. E OUTRAS E O SINDICATO NACIONAL DOS ESTIVADORES, TRABALHADORES DE TRÁFEGO, CONFERENTES MARÍTIMOS E OUTROS;Acordo coletivo de trabalho;Distrital;2026;2026;1;1;1.521.1
7231;ACORDO DE EMPRESA ENTRE A EMARP - EMPRESA MUNICIPAL DE ÁGUAS E RESÍDUOS DE PORTIMÃO, EM, SA E  STAL - SINDICATO NACIONAL DOS TRABALHADORES DA ADMINISTRAÇÃO LOCAL E REGIONAL, EMPRESAS PÚBLICAS, CONCESSIONÁRIAS E AFINS - REVISÃO GLOBAL;Acordo de empresa;Concelhia;2026;2026;1;1;1.306.1
7232;CONTRATO COLETIVO ENTRE A ANIECA - ASSOCIAÇÃO NACIONALDE ESCOLAS DE CONDUÇÃO AUTOMÓVEL E A FEDERAÇÃO DOS SINDICATOS DE TRANSPORTES E COMUNICAÇÕES - FECTRANS - REVISÃO GLOBAL;Contrato coletivo de trabalho;Nacional;2026;2026;2;2;2.50.0 5.34.0
7233;ACORDO DE EMPRESA ENTRE O FUTEBOL CLUBE DO PORTO E O CESP - SINDICATO DOS TRABALHADORES DO COMÉRCIO, ESCRITORIS E SERVIÇOS DE PORTUGAL E OUTROS - REVISÃO GLOBAL;Acordo de empresa;Distrital;2026;2026;3;3;1.31.0 1.392.1 1.518.0
7234;CONTRATO COLETIVO ENTRE A ASSOCIAÇÃO EMPRESARIAL DO ALTO TÂMEGA - ACISAT E O SINDICATO INDEPENDENTE DOS TRABALHADORES DO COMÉRCIO, ESCRITÓRIOS, SERVIÇOS, RESTAURAÇÃO E BEBIDAS, E OUTROS - SITCES;Contrato coletivo de trabalho;Concelhia;2026;2026;2;2;1.691.0 5.243.3
7235;CONTRATO COLETIVO ENTRE A ASSOCIAÇÃO NACIONAL DAS FARMÁCIAS - ANF E O SINPROFARM SINDICATO DOS PROFISSIONAIS DE FARMÁCIA (QUADRO FARMACÊUTICO);Contrato coletivo de trabalho;Continente;2026;2026;2;2;1.229.1 5.100.1
7237;CONTRATO COLETIVO ENTRE A ASSOCIAÇAO DOS COMERCIANTES DO PORTO E OUTRAS E O SINDICATO DOS TRABALHADORES DO SETOR DE SERVIÇOS - SITESE E OUTRO - REVISAO GLOBAL;Contrato coletivo de trabalho;Distrital;2026;2026;17;17;1.218.6 1.691.0 5.180.0 5.182.2 5.186.1 5.187.2 5.193.1 5.194.2 5.197.2 5.209.2 5.212.3 5.250.1 5.357.1 5.46.2 5.562.0 5.598.0 5.98.2
7238;ACORDO COLETIVO ENTRE A SETEFRETE - SOCIEDADE DE TRAFEGO E CARGAS, SA E OUTRAS E O SINDICATO NACIONAL DOS ESTIVADORES, TRABALHADORES DO TRAFEGO, CONFERENTES MARITIMOS E OUTROS;Acordo coletivo de trabalho;Distrital;2026;2026;1;1;1.521.1
7239;ACORDO DE EMPRESA ENTRE A AUTO-ESTRADAS NORTE LITORAL - SOCIEDADE CONCESSIONARIA - AENL, SA E O SINDICATO INDEPENDENTE DOS TRABALHADORES DO COMERCIO, ESCRITORIOS, SERVIÇOS, RESTAURAÇAO E BEBIDAS, E OUTROS - SITCES;Acordo de empresa;Nacional;2026;2026;1;1;1.691.0
7240;CONTRATO COLETIVO ENTRE A ASSOCIAÇAO DOS AGRICULTORES DO BAIXO ALENTEJO E O SINDICATO NACIONAL DOS TRABALHADORES DA AGRICULTURA, FLORESTA, PESCA, TURISMO, INDUSTRIA ALIMENTAR, BEBIDAS E AFINS - SETAAB - REVISAO GLOBAL;Contrato coletivo de trabalho;Distrital;2026;2026;2;2;1.631.0 5.321.0
7241;CONTRATO COLETIVO ENTRE A ANEFA - ASSOCIAÇAO NACIONAL DE EMPRESA FLORESTAIS, AGRICOLAS E DO AMBIENTE E O SINDICATO NACIONAL DOS TRABALHADORES DA AGRICULTURA, FLORESTA, PESCA, TURISMO, INDUSTRIA ALIMENTAR, BEBIDAS E AFINS - SETAAB - REVISAO GLOBAL;Contrato coletivo de trabalho;Nacional;2026;2026;2;2;1.631.0 5.425.1
7242;CONTRATO COLETIVO ENTRE A GROQUIFAR - ASSOCIAÇAO DE GROSSISTAS DE PRODUTOS QUIMICOS E FARMACEUTICOS E A FEDERAÇAO INTERSINDICAL DAS INDUSTRIAS METALURGICAS, QUIMICAS, ELECTRICAS, FARMACEUTICA, CELULOSE, PAPEL, GRAFICA, IMPRENSA, ENERGIA E MINAS - FIEQUIMETAL (GESTAO DE PRAGAS E SAUDE AMBIENTAL) - RE;Contrato coletivo de trabalho;Nacional;2026;2026;2;2;2.48.1 5.136.0
7243;CONTRATO COLETIVO ENTRE A FNS - FEDERAÇAO NACIONAL DOS PRESTADORES DE CUIDADOS DE SAUDE E O SINDICATO DOS TRABALHADORES DO SETOR DE SERVIÇOS - SITESE E OUTRO - REVISAO GLOBAL;Contrato coletivo de trabalho;Nacional;2026;2026;3;3;1.218.6 1.368.2 6.19.0
7244;ACORDO COLETIVO ENTRE A COOPERATIVA AGRO-PECUARIA DA BEIRA CENTRAL, CRL E OUTRAS E O SINDICATO NACIONAL DOS TRABALHADORES DA AGRICULTURA, FLORESTA, PESCA, TURISMO, INDUSTRIA ALIMENTAR, BEBIDAS E AFINS - SETAAB E OUTRO - REVISAO GLOBAL;Acordo coletivo de trabalho;Nacional;2026;2026;2;2;1.222.4 1.631.0
7245;CONTRATO COLETIVO ENTRE A ASSOCIAÇAO DOS COMERCIANTES DO PORTO E OUTRAS E O CESP - SINDICATO DOS TRABALHADORES DO COMERCIO, ESCRITORIOS E SERVIÇOS DE PORTUGAL - REVISAO GLOBAL;Contrato coletivo de trabalho;Distrital;2026;2026;14;14;1.518.0 5.180.0 5.182.2 5.187.2 5.193.1 5.194.2 5.197.2 5.209.2 5.212.3 5.250.1 5.357.1 5.46.2 5.598.0 5.98.2
7246;ACORDO DE EMPRESA ENTRE A AUTOESTRADA DO ALGARVE - VIA DO INFANTE - SOCIEDADE CONCESSIONARIA - AAVI, SA E O CESP - SINDICATO DOS TRABALHADORES DO COMERCIO, ESCRITORIOS E SERVIÇOS DE PORTUGAL - REVISAO GLOBAL;Acordo de empresa;Nacional;2026;2026;1;1;1.518.0
7247;CONTRATO COLETIVO ENTRE A ACISO - ASSOCIAÇÃO EMPRESARIAL OURÉM - FÁTIMA E OUTRAS E O SINDICATO DOS TRABALHADORES DO SETOR DE SERVIÇOS - SITESE;Contrato coletivo de trabalho;Distrital;2026;2026;5;5;1.218.6 5.175.2 5.214.1 5.236.3 5.240.3
7248;ACORDO DE EMPRESA ENTRE EASYJET AIRLINE COMPANY LIMITED - SUCURSAL EM PORTUGAL E O SPAC - SINDICATO DOS PILOTOS DA AVIAÇÃO CIVIL - REVISÃO GLOBAL;Acordo de empresa;Nacional;2026;2026;1;1;1.320.0
7249;ACORDO DE EMPRESA ENTRE A COMPANHIA DAS LEZIRIAS, SA E O SINDICATO DOS TRABALHADORES DA AGRICULTURA, FLORESTA, PESCA, TURISMO, INDUSTRIA ALIMENTAR, BEBIDAS E AFINS - SETAAB;Acordo de empresa;Nacional;2026;2026;1;1;1.631.0
7250;ACORDO DE EMPRESA ENTRE A ETE - FLUVIAL, SA E A FEDERAÇAO DE SINDICATOS DOS TRABALHADORES DO MAR - FESMAR;Acordo de empresa;Nacional;2026;2026;1;1;2.36.0
7251;CONTRATO COLETIVO ENTRE A ASSOCIAÇÃO DO COMÉRCIO E SERVIÇOS DA REGIÃO DO ALGARVE - ACRAL E O CESP - SINDICATO DOS TRABALHADORES DO COMÉRCIO, ESCRITORIOS E SERVIÇOS DE PORTUGAL E OUTROS - REVISÃO GLOBAL;Contrato coletivo de trabalho;Distrital;2026;2026;5;5;1.144.1 1.504.0 1.518.0 1.565.0 5.334.2
7252;ACORDO DE EMPRESA ENTRE A EMPRESA METROPOLITANA DE ESTACIONAMENTO DA MAIA, E.M., E O SINDICATO DOS TRABALHADORES DA ADMINISTRAÇÃO PÚBLICA E DE ENTIDADES COM FINS PÚBLICOS - SINTAP - REVISÃO GLOBAL;Acordo de empresa;Concelhia;2026;2026;1;1;1.363.1
7253;ACORDO DE EMPRESA ENTRE A IBERCOURIER - SERVIÇO DE TRANSPORTE URGENTE, UNIPESSOAL LDA E O SINDICATO NACIONAL DOS TRABALHADORES DOS CORREIOS E TELECOMUNICAÇÕES (SNTCT);Acordo de empresa;Nacional;2026;2026;1;1;1.47.0
7254;CONTRATO COLETIVO ENTRE A ASSOCIAÇÃONACIONAL DOS INDUSTRIAIS DE LACTICÍNIOS (ANIL) E OUTRAS E A FESAHT - FEDERAÇÃO DOS SINDICATOS DAAGRICULTURA, ALIMENTAÇÃO, BEBIDAS E TURISMO DE PORTUGAL E OUTRAS - REVISÃO GLOBAL;Contrato coletivo de trabalho;Nacional;2026;2026;4;4;1.31.2 2.50.0 2.58.0 5.44.2
7255;ACORDO DE EMPRESA ENTRE A INFRALOBO-EMPRESA DE INFRA-ESTRUTURAS DE VALE DO LOBO EM E O SINDICATO DOS TRABALHADORES DA ADMINISTRAÇÃO PÚBLICA E DE ENTIDADES COM FINS PÚBLICOS- SINTAP;Acordo de empresa;Concelhia;2026;2026;1;1;1.363.1
