codigo_dgert;denominacao;sigla;origem_sigla;tipo;lado;estado_registo;primeira_atividade;ultima_atividade
5.492.0;(APERF) ASSOCIAÇÃO PORTUGUESA DE EMPRESAS DE CONSULTORIA EM RECURSOS HUMANOS E FORMAÇÃO;APERF;registo;ASSOCIAÇÃO DE EMPREGADORES;empregadores;Extinta;1995-03-15;2013-04-08
5.554.0;A.A.N.P. - ASSOCIAÇÃO DOS AGENTES DE NAVEGAÇÃO DE PORTUGAL;AANP;registo;ASSOCIAÇÃO DE EMPREGADORES;empregadores;Activa;2004-11-15;2015-11-15
5.246.4;A.C.I.M. - ASSOCIAÇÃO DOS COMERCIANTES, INDÚSTRIAIS E PRESTADORES DE SERVIÇOS DO CONCELHO DE MONCORVO;ACIM;registo;ASSOCIAÇÃO DE EMPREGADORES;empregadores;Activa;2021-06-08;2024-05-22
5.563.1;A.E.R - ASSOCIAÇÃO EMPRESARIAL DE RESENDE;AER;registo;ASSOCIAÇÃO DE EMPREGADORES;empregadores;Activa;2024-06-08;2025-07-08
5.606.0;ADI-PME - ASSOCIAÇÃO PARA O DESENVOLVIMENTO E INOVAÇÃO NAS PEQUENAS E MÉDIAS EMPRESAS;ADIPME;registo;ASSOCIAÇÃO DE EMPREGADORES;empregadores;Activa;2014-02-17;2015-02-08
5.119.2;ÁGUAS MINERAIS E DE NASCENTE DE PORTUGAL;APIAM;registo;ASSOCIAÇÃO DE EMPREGADORES;empregadores;Activa;2019-05-22;2019-05-22
5.3.2;AI NAVAIS - ASSOCIAÇÃO DAS INDÚSTRIA NAVAIS;AINAVAIS;registo;ASSOCIAÇÃO DE EMPREGADORES;empregadores;Activa;2009-04-24;2025-11-08
5.179.0;APECOPSAASSOCIAÇÃO DE PEQUENOS EMPREITEIROS DA CONSTRUÇAO CIVIL E OBRAS PÚBLICAS DE SETÚBAL E ALENTEJO;APECOPSA;registo;ASSOCIAÇÃO DE EMPREGADORES;empregadores;Extinta;1999-03-08;2026-03-22
5.225.0;ASSOCIAÇÃO  COMERCIAL E INDUSTRIAL DO CONCELHO DO FUNDÃO;COMERCIALINDUSTRIAL;recurso;ASSOCIAÇÃO DE EMPREGADORES;empregadores;Activa;1977-07-08;2007-04-08
5.141.1;ASSOCIAÇÃO AUTOMÓVEL DE PORTUGAL;ACAP;registo;ASSOCIAÇÃO DE EMPREGADORES;empregadores;Activa;2007-08-15;2025-04-22
5.453.2;ASSOCIAÇÃO CERVEJEIROS DE PORTUGAL;APCV;registo;ASSOCIAÇÃO DE EMPREGADORES;empregadores;Activa;2017-11-29;2025-10-22
5.317.0;ASSOCIAÇÃO COMER. DO CONCELHO DE RIO MAIOR;COMERCONCELHORIO;recurso;ASSOCIAÇÃO DE EMPREGADORES;empregadores;Activa;1978-11-22;1978-11-22
5.32.0;ASSOCIAÇÃO COMERCIAL DA GUARDA;COMERCIALGUARDA;recurso;ASSOCIAÇÃO DE EMPREGADORES;empregadores;Activa;1975-10-15;1980-04-08
5.442.0;ASSOCIAÇÃO COMERCIAL DE ÁGUEDA;COMERCIALAGUEDA;recurso;ASSOCIAÇÃO DE EMPREGADORES;empregadores;Activa;1990-08-30;2018-05-15
5.194.0;ASSOCIAÇÃO COMERCIAL DE AMARANTE;COMERCIALAMARANTE;recurso;ASSOCIAÇÃO DE EMPREGADORES;empregadores;Activa;1975-10-01;1975-10-01
5.166.0;ASSOCIAÇÃO COMERCIAL DE ARCOS DE VALDEVEZ;COMERCIALARCOS;recurso;ASSOCIAÇÃO DE EMPREGADORES;empregadores;Activa;1977-09-22;1977-09-22
5.165.0;ASSOCIAÇÃO COMERCIAL DE AVEIRO;COMERCIALAVEIRO;recurso;ASSOCIAÇÃO DE EMPREGADORES;empregadores;Activa;1976-02-04;2009-06-22
5.174.0;ASSOCIAÇÃO COMERCIAL DE BARCELOS;COMERCIALBARCELOS;recurso;ASSOCIAÇÃO DE EMPREGADORES;empregadores;Activa;1977-08-22;1977-10-08
5.217.0;ASSOCIAÇÃO COMERCIAL DE BRAGA;COMERCIALBRAGA;recurso;ASSOCIAÇÃO DE EMPREGADORES;empregadores;Activa;1977-06-22;1977-06-22
5.217.1;ASSOCIAÇÃO COMERCIAL DE BRAGA;ACB;registo;ASSOCIAÇÃO DE EMPREGADORES;empregadores;Activa;1983-06-30;1993-06-30
5.217.2;ASSOCIAÇÃO COMERCIAL DE BRAGA - COMÉRCIO, TURISMO E SERVIÇOS;ACB;registo;ASSOCIAÇÃO DE EMPREGADORES;empregadores;Activa;1995-07-30;2010-08-08
5.259.0;ASSOCIAÇÃO COMERCIAL DE CASTANHEIRA DE PÊRA;COMERCIALCASTANHEIRA;recurso;ASSOCIAÇÃO DE EMPREGADORES;empregadores;Extinta;1977-04-05;2012-07-08
5.243.0;ASSOCIAÇÃO COMERCIAL DE CHAVES;COMERCIALCHAVES;recurso;ASSOCIAÇÃO DE EMPREGADORES;empregadores;Activa;1977-08-08;1980-12-30
5.77.0;ASSOCIAÇÃO COMERCIAL DE ELVAS;COMERCIALELVAS;recurso;ASSOCIAÇÃO DE EMPREGADORES;empregadores;Extinta;1977-07-08;1978-01-29
5.168.0;ASSOCIAÇÃO COMERCIAL DE ESPINHO;COMERCIALESPINHO;recurso;ASSOCIAÇÃO DE EMPREGADORES;empregadores;Activa;1975-10-01;2020-04-15
5.168.1;ASSOCIAÇÃO COMERCIAL DE ESPINHO E OUTROS CONCELHOS DA REGIÃO NORTE E CENTRO;ACE;registo;ASSOCIAÇÃO DE EMPREGADORES;empregadores;Activa;2021-01-22;2025-11-08
5.160.0;ASSOCIAÇÃO COMERCIAL DE FAFE, CABECEIRAS DE BASTO E CELORICO DE BASTO;COMERCIALFAFE;recurso;ASSOCIAÇÃO DE EMPREGADORES;empregadores;Activa;1977-05-26;1981-06-30
5.209.0;ASSOCIAÇÃO COMERCIAL DE FELGUEIRAS;COMERCIALFELGUEIRAS;recurso;ASSOCIAÇÃO DE EMPREGADORES;empregadores;Activa;1976-09-28;1981-11-14
5.120.0;ASSOCIAÇÃO COMERCIAL DE GOUVEIA, SEIA E FORNOS DE ALGODRES;COMERCIALGOUVEIASEIA;recurso;ASSOCIAÇÃO DE EMPREGADORES;empregadores;Activa;1976-01-06;2011-02-08
5.159.0;ASSOCIAÇÃO COMERCIAL DE GUIMARÃES;COMERCIALGUIMARAES;recurso;ASSOCIAÇÃO DE EMPREGADORES;empregadores;Activa;1977-09-29;1978-02-15
5.359.0;ASSOCIAÇÃO COMERCIAL DE LAGOS;ACL;registo;ASSOCIAÇÃO DE EMPREGADORES;empregadores;Extinta;1983-05-15;2012-02-29
5.181.0;ASSOCIAÇÃO COMERCIAL DE LAMEGO;COMERCIALLAMEGO;recurso;ASSOCIAÇÃO DE EMPREGADORES;empregadores;Extinta;1977-08-15;1977-09-22
5.155.0;ASSOCIAÇÃO COMERCIAL DE LEIRIA;COMERCIALLEIRIA;recurso;ASSOCIAÇÃO DE EMPREGADORES;empregadores;Activa;1977-09-15;1985-12-30
5.196.0;ASSOCIAÇÃO COMERCIAL DE LOUSADA;COMERCIALLOUSADA;recurso;ASSOCIAÇÃO DE EMPREGADORES;empregadores;Extinta;1977-02-24;2013-04-29
5.460.0;ASSOCIAÇÃO COMERCIAL DE LOUSADA;COMERCIALLOUSADA;recurso;ASSOCIAÇÃO DE EMPREGADORES;empregadores;Extinta;1992-12-30;1992-12-30
5.212.0;ASSOCIAÇÃO COMERCIAL DE MARCO DE CANAVESES;COMERCIALMARCO;recurso;ASSOCIAÇÃO DE EMPREGADORES;empregadores;Activa;1976-01-30;1976-01-30
5.226.1;ASSOCIAÇÃO COMERCIAL DE MARINHA GRANDE;ACMG;registo;ASSOCIAÇÃO DE EMPREGADORES;empregadores;Activa;1993-10-15;1993-10-15
5.149.1;ASSOCIAÇÃO COMERCIAL DE MODA;COMERCIALMODA;recurso;ASSOCIAÇÃO DE EMPREGADORES;empregadores;Activa;2002-03-29;2023-12-08
5.87.0;ASSOCIAÇÃO COMERCIAL DE PAÇOS DE FERREIRA;COMERCIALPACOS;recurso;ASSOCIAÇÃO DE EMPREGADORES;empregadores;Extinta;1977-03-19;2014-04-08
5.170.0;ASSOCIAÇÃO COMERCIAL DE PEDROGÃO GRANDE;COMERCIALPEDROGAO;recurso;ASSOCIAÇÃO DE EMPREGADORES;empregadores;Extinta;1977-08-22;2014-01-22
5.187.0;ASSOCIAÇÃO COMERCIAL DE PENAFIEL;COMERCIALPENAFIEL;recurso;ASSOCIAÇÃO DE EMPREGADORES;empregadores;Activa;1976-07-23;1976-07-23
5.222.0;ASSOCIAÇÃO COMERCIAL DE POMBAL;COMERCIALPOMBAL;recurso;ASSOCIAÇÃO DE EMPREGADORES;empregadores;Activa;1977-09-15;2024-10-29
5.169.0;ASSOCIAÇÃO COMERCIAL DE PONTE DE LIMA;COMERCIALPONTELIMA;recurso;ASSOCIAÇÃO DE EMPREGADORES;empregadores;Activa;1977-06-15;1977-06-15
5.227.0;ASSOCIAÇÃO COMERCIAL DE PORTALEGRE;COMERCIALPORTALEGRE;recurso;ASSOCIAÇÃO DE EMPREGADORES;empregadores;Extinta;1977-09-15;1977-11-15
5.227.1;ASSOCIAÇÃO COMERCIAL DE PORTALEGRE;ACP;registo;ASSOCIAÇÃO DE EMPREGADORES;empregadores;Extinta;2002-01-29;2007-08-08
5.271.0;ASSOCIAÇÃO COMERCIAL DE PORTIMÃO;COMERCIALPORTIMAO;recurso;ASSOCIAÇÃO DE EMPREGADORES;empregadores;Extinta;1977-09-22;2026-04-21
5.182.0;ASSOCIAÇÃO COMERCIAL DE PÓVOA DE VARZIM;COMERCIALPOVOAVARZIM;recurso;ASSOCIAÇÃO DE EMPREGADORES;empregadores;Activa;1975-12-30;1997-06-30
5.481.0;ASSOCIAÇÃO COMERCIAL DE SANTA MARIA DA FEIRA;COMERCIALSANTAMARIA;recurso;ASSOCIAÇÃO DE EMPREGADORES;empregadores;Activa;1994-09-15;1998-01-30
5.240.1;ASSOCIAÇÃO COMERCIAL DE SANTARÉM;COMERCIALSANTAREM;recurso;ASSOCIAÇÃO DE EMPREGADORES;empregadores;Activa;1977-08-15;1998-03-30
5.305.2;ASSOCIAÇÃO COMERCIAL DE SERVIÇOS E INDUSTRIAL DE ALCOBAÇA;COMERCIALSERVICOS;recurso;ASSOCIAÇÃO DE EMPREGADORES;empregadores;Activa;1989-07-30;2011-06-15
5.305.3;ASSOCIAÇÃO COMERCIAL DE SERVIÇOS E INDUSTRIAL DE ALCOBAÇA E DA REGIÃO DE LEIRIA;COMERCIALSERVICOS;recurso;ASSOCIAÇÃO DE EMPREGADORES;empregadores;Activa;2011-04-04;2026-07-08
5.341.0;ASSOCIAÇÃO COMERCIAL DE VALENÇA;COMERCIALVALENCA;recurso;ASSOCIAÇÃO DE EMPREGADORES;empregadores;Activa;1981-10-30;1981-10-30
5.162.0;ASSOCIAÇÃO COMERCIAL DE VIANA DO CASTELO;COMERCIALVIANA;recurso;ASSOCIAÇÃO DE EMPREGADORES;empregadores;Activa;1977-09-22;2001-07-29
5.186.0;ASSOCIAÇÃO COMERCIAL DE VILA DO CONDE;COMERCIALVILACONDE;recurso;ASSOCIAÇÃO DE EMPREGADORES;empregadores;Activa;1976-07-31;1976-07-31
5.163.0;ASSOCIAÇÃO COMERCIAL DE VILA NOVA DE FAMALICÃO;COMERCIALVILANOVA;recurso;ASSOCIAÇÃO DE EMPREGADORES;empregadores;Activa;1977-06-08;1984-09-30
5.46.0;ASSOCIAÇÃO COMERCIAL DE VILA NOVA DE GAIA;COMERCIALVILANOVA;recurso;ASSOCIAÇÃO DE EMPREGADORES;empregadores;Activa;1975-08-27;1981-03-21
5.70.0;ASSOCIAÇÃO COMERCIAL DO CONCELHO DE CASCAIS;COMERCIALCONCELHO;recurso;ASSOCIAÇÃO DE EMPREGADORES;empregadores;Activa;1975-09-10;1982-04-15
5.250.0;ASSOCIAÇÃO COMERCIAL DO CONCELHO DE GONDOMAR;COMERCIALCONCELHO;recurso;ASSOCIAÇÃO DE EMPREGADORES;empregadores;Activa;1977-09-15;1997-02-15
5.193.0;ASSOCIAÇÃO COMERCIAL DO CONCELHO DE MATOSINHOS;COMERCIALCONCELHO;recurso;ASSOCIAÇÃO DE EMPREGADORES;empregadores;Activa;1975-10-01;1975-10-01
5.122.0;ASSOCIAÇÃO COMERCIAL DO CONCELHO DE OEIRAS;COMERCIALCONCELHO;recurso;ASSOCIAÇÃO DE EMPREGADORES;empregadores;Activa;1976-04-13;1976-06-05
5.200.0;ASSOCIAÇÃO COMERCIAL DO CONCELHO DE OLIVEIRA DE AZEMEIS;COMERCIALCONCELHO;recurso;ASSOCIAÇÃO DE EMPREGADORES;empregadores;Activa;1975-09-24;1975-09-24
5.185.0;ASSOCIAÇÃO COMERCIAL DO CONCELHO DE PAREDES;COMERCIALCONCELHO;recurso;ASSOCIAÇÃO DE EMPREGADORES;empregadores;Extinta;1975-10-14;2011-02-15
5.98.0;ASSOCIAÇÃO COMERCIAL DO CONCELHO DE SANTO TIRSO;COMERCIALCONCELHO;recurso;ASSOCIAÇÃO DE EMPREGADORES;empregadores;Activa;1975-10-16;2002-04-29
5.497.0;ASSOCIAÇÃO COMERCIAL DO CONCELHO DE SEIA;COMERCIALCONCELHO;recurso;ASSOCIAÇÃO DE EMPREGADORES;empregadores;Activa;1995-07-30;1995-07-30
5.189.0;ASSOCIAÇÃO COMERCIAL DO CONCELHO DE VALONGO;COMERCIALCONCELHO;recurso;ASSOCIAÇÃO DE EMPREGADORES;empregadores;Extinta;1975-12-10;1975-12-10
5.213.0;ASSOCIAÇÃO COMERCIAL DO CONCELHO DO BOMBARRAL;COMERCIALCONCELHO;recurso;ASSOCIAÇÃO DE EMPREGADORES;empregadores;Activa;1977-08-08;2023-05-22
5.165.1;ASSOCIAÇÃO COMERCIAL DO DISTRITO DE AVEIRO;COMERCIALDISTRITO;recurso;ASSOCIAÇÃO DE EMPREGADORES;empregadores;Activa;2007-04-15;2007-04-15
5.165.2;ASSOCIAÇÃO COMERCIAL DO DISTRITO DE AVEIRO;COMERCIALDISTRITO;recurso;ASSOCIAÇÃO DE EMPREGADORES;empregadores;Activa;;
5.165.3;ASSOCIAÇÃO COMERCIAL DO DISTRITO DE AVEIRO;ACA;registo;ASSOCIAÇÃO DE EMPREGADORES;empregadores;Activa;2013-08-08;2019-03-08
5.16.0;ASSOCIAÇÃO COMERCIAL DO DISTRITO DE BEJA;COMERCIALDISTRITO;recurso;ASSOCIAÇÃO DE EMPREGADORES;empregadores;Activa;1975-08-08;2019-05-15
5.47.0;ASSOCIAÇÃO COMERCIAL DO DISTRITO DE ÉVORA;COMERCIALDISTRITO;recurso;ASSOCIAÇÃO DE EMPREGADORES;empregadores;Activa;1975-10-15;2008-04-22
5.47.1;ASSOCIAÇÃO COMERCIAL DO DISTRITO DE ÉVORA - COMÉRCIO, TURISMO E SERVIÇOS;ACDE;registo;ASSOCIAÇÃO DE EMPREGADORES;empregadores;Activa;2008-04-29;2018-06-08
5.192.2;ASSOCIAÇÃO COMERCIAL DO DISTRITO DE VISEU;ACDV;registo;ASSOCIAÇÃO DE EMPREGADORES;empregadores;Activa;2002-09-15;2019-02-08
5.131.0;ASSOCIAÇÃO COMERCIAL DOS CONCELHOS DAS CALDAS DA RAINHA E ÓBIDOS;COMERCIALCONCELHOS;recurso;ASSOCIAÇÃO DE EMPREGADORES;empregadores;Activa;1977-08-22;1998-09-30
5.131.1;ASSOCIAÇÃO COMERCIAL DOS CONCELHOS DAS CALDAS DA RAINHA E ÓBIDOS;ACCCRO;registo;ASSOCIAÇÃO DE EMPREGADORES;empregadores;Activa;1998-04-15;2011-06-15
5.236.0;ASSOCIAÇÃO COMERCIAL DOS CONCELHOS DE ABRANTES, CONSTÂNCIA E SARDOAL;COMERCIALCONCELHOS;recurso;ASSOCIAÇÃO DE EMPREGADORES;empregadores;Activa;1977-03-12;1977-06-22
5.173.0;ASSOCIAÇÃO COMERCIAL DOS CONCELHOS DE MONÇÃO E MELGAÇO;COMERCIALCONCELHOS;recurso;ASSOCIAÇÃO DE EMPREGADORES;empregadores;Activa;1977-07-08;1977-07-08
5.122.1;ASSOCIAÇÃO COMERCIAL DOS CONCELHOS DE OEIRAS E AMADORA;COMERCIALCONCELHOS;recurso;ASSOCIAÇÃO DE EMPREGADORES;empregadores;Activa;1981-02-07;1988-07-15
5.200.1;ASSOCIAÇÃO COMERCIAL DOS CONCELHOS DE OLIVEIRA DE AZEMÉIS E VALE DE CAMBRA;ACCOAVC;registo;ASSOCIAÇÃO DE EMPREGADORES;empregadores;Activa;1997-06-15;2025-07-15
5.164.0;ASSOCIAÇÃO COMERCIAL DOS CONCELHOS DE OVAR E S.JOÃO DA MADEIRA;COMERCIALCONCELHOS;recurso;ASSOCIAÇÃO DE EMPREGADORES;empregadores;Extinta;1976-02-07;2021-01-29
5.101.0;ASSOCIAÇÃO COMERCIAL DOS CONCELHOS DO OESTE;ACCO;registo;ASSOCIAÇÃO DE EMPREGADORES;empregadores;Activa;1975-09-03;1975-09-03
5.235.4;ASSOCIAÇÃO COMERCIAL E EMPRESARIAL DA BEIRA BAIXA;ACICB;registo;ASSOCIAÇÃO DE EMPREGADORES;empregadores;Activa;2021-05-19;2025-06-15
5.236.2;ASSOCIAÇÃO COMERCIAL E EMPRESARIAL DE ABRANTES, CONSTANCIA, S.A.RDOAL, MAÇÃO E VILA DE REI;COMERCIALEMPRESARIAL;recurso;ASSOCIAÇÃO DE EMPREGADORES;empregadores;Activa;2011-11-15;2024-02-22
5.236.3;ASSOCIAÇÃO COMERCIAL E EMPRESARIAL DE ABRANTES, CONSTANCIA, S.A.RDOAL, MAÇÃO E VILA DE REI;ACE;registo;ASSOCIAÇÃO DE EMPREGADORES;empregadores;Activa;2024-10-15;2024-10-15
5.240.2;ASSOCIAÇÃO COMERCIAL E EMPRESARIAL DE SANTARÉM;COMERCIALEMPRESARIAL;recurso;ASSOCIAÇÃO DE EMPREGADORES;empregadores;Activa;2001-12-15;2013-04-22
5.165.4;ASSOCIAÇÃO COMERCIAL E EMPRESARIAL DO DISTRITO DE AVEIRO;ACA;registo;ASSOCIAÇÃO DE EMPREGADORES;empregadores;Activa;2022-10-15;2023-01-22
5.122.2;ASSOCIAÇÃO COMERCIAL E EMPRESARIAL DOS CONCELHOS DE OEIRAS E AMADORA;COMERCIALEMPRESARIAL;recurso;ASSOCIAÇÃO DE EMPREGADORES;empregadores;Activa;2001-05-22;2009-04-08
5.122.3;ASSOCIAÇÃO COMERCIAL E EMPRESARIAL DOS CONCELHOS DE OEIRAS E AMADORA;AECOA;registo;ASSOCIAÇÃO DE EMPREGADORES;empregadores;Activa;2011-04-08;2021-01-15
5.240.3;ASSOCIAÇÃO COMERCIAL E EMPRESARIAL E SERVIÇOS DOS CONCELHOS DE SANTARÉM, ALMEIRIM, ALPIARÇA, BENAVENTE, CARTAXO E CHAMUSCA;ACES;registo;ASSOCIAÇÃO DE EMPREGADORES;empregadores;Activa;2013-12-29;2025-08-15
5.235.1;ASSOCIAÇÃO COMERCIAL E INDUST. DOS CONCELHOS DE CASTELO BRANCO, VILA VELHA DE RODÃO E IDANHA-A NOVA;ANOVA;derivada;ASSOCIAÇÃO DE EMPREGADORES;empregadores;Activa;1979-05-08;1979-05-08
5.305.1;ASSOCIAÇÃO COMERCIAL E INDUST.DE ALCOBAÇA;COMERCIALINDUST;recurso;ASSOCIAÇÃO DE EMPREGADORES;empregadores;Activa;1989-03-30;1989-03-30
5.243.1;ASSOCIAÇÃO COMERCIAL E INDÚSTRIA ESERVIÇOS DE CHAVES;ACISC;registo;ASSOCIAÇÃO DE EMPREGADORES;empregadores;Activa;1990-05-15;1990-12-15
5.561.0;ASSOCIAÇÃO COMERCIAL E INDUSTRIAL DA BAIRRADA;ACIB;registo;ASSOCIAÇÃO DE EMPREGADORES;empregadores;Activa;2005-01-22;2025-08-15
5.188.0;ASSOCIAÇÃO COMERCIAL E INDUSTRIAL DA FIGUEIRA DA FOZ;ACIFF;registo;ASSOCIAÇÃO DE EMPREGADORES;empregadores;Activa;1977-08-22;2020-02-08
5.188.1;ASSOCIAÇÃO COMERCIAL E INDUSTRIAL DA FIGUEIRA DA FOZ - ASSOCIAÇÃO EMPRESARIAL REGIONAL;ACIFF;registo;ASSOCIAÇÃO DE EMPREGADORES;empregadores;Activa;2019-11-29;2024-12-08
5.226.2;ASSOCIAÇÃO COMERCIAL E INDUSTRIAL DA MARINHA GRANDE;ACIMG;registo;ASSOCIAÇÃO DE EMPREGADORES;empregadores;Activa;1996-07-30;2024-03-08
5.479.0;ASSOCIAÇÃO COMERCIAL E INDUSTRIAL DE ALIJÓ;COMERCIALINDUSTRIAL;recurso;ASSOCIAÇÃO DE EMPREGADORES;empregadores;Extinta;1994-09-19;2011-11-22
5.166.1;ASSOCIAÇÃO COMERCIAL E INDUSTRIAL DE ARCOS DE VALDEVEZ;COMERCIALINDUSTRIAL;recurso;ASSOCIAÇÃO DE EMPREGADORES;empregadores;Activa;1997-01-15;1997-01-15
5.166.2;ASSOCIAÇÃO COMERCIAL E INDUSTRIAL DE ARCOS DE VALDEVEZ E PONTE DA BARCA;ACIAB;registo;ASSOCIAÇÃO DE EMPREGADORES;empregadores;Activa;1997-01-15;2026-01-22
5.357.0;ASSOCIAÇÃO COMERCIAL E INDUSTRIAL DE BAIÃO;COMERCIALINDUSTRIAL;recurso;ASSOCIAÇÃO DE EMPREGADORES;empregadores;Activa;1982-12-15;1982-12-15
5.174.1;ASSOCIAÇÃO COMERCIAL E INDUSTRIAL DE BARCELOS;COMERCIALINDUSTRIAL;recurso;ASSOCIAÇÃO DE EMPREGADORES;empregadores;Activa;1990-05-15;2012-08-22
5.537.0;ASSOCIAÇÃO COMERCIAL E INDUSTRIAL DE CASTELO DE PAIVA;ACICP;registo;ASSOCIAÇÃO DE EMPREGADORES;empregadores;Activa;2001-01-08;2023-02-28
5.488.0;ASSOCIAÇÃO COMERCIAL E INDUSTRIAL DE CERVEIRA E COURA;ACICC;registo;ASSOCIAÇÃO DE EMPREGADORES;empregadores;Extinta;1994-10-30;2011-10-15
5.66.0;ASSOCIAÇÃO COMERCIAL E INDUSTRIAL DE COIMBRA;ACIC;registo;ASSOCIAÇÃO DE EMPREGADORES;empregadores;Extinta;1975-11-24;2019-03-29
5.159.1;ASSOCIAÇÃO COMERCIAL E INDUSTRIAL DE GUIMARÃES;COMERCIALINDUSTRIAL;recurso;ASSOCIAÇÃO DE EMPREGADORES;empregadores;Activa;1982-10-30;2014-11-29
5.155.1;ASSOCIAÇÃO COMERCIAL E INDUSTRIAL DE LEIRIA, BATALHA E PORTO DE MOS;ACIL;registo;ASSOCIAÇÃO DE EMPREGADORES;empregadores;Activa;1991-04-30;1991-04-30
5.155.2;ASSOCIAÇÃO COMERCIAL E INDUSTRIAL DE LEIRIA, BATALHA E PORTO DE MOS;ACILIS;registo;ASSOCIAÇÃO DE EMPREGADORES;empregadores;Activa;2000-02-15;2017-06-08
5.249.0;ASSOCIAÇÃO COMERCIAL E INDUSTRIAL DE MIRANDELA;COMERCIALINDUSTRIAL;recurso;ASSOCIAÇÃO DE EMPREGADORES;empregadores;Activa;1977-09-29;2025-02-08
5.246.0;ASSOCIAÇÃO COMERCIAL E INDUSTRIAL DE MONCORVO;ACIM;registo;ASSOCIAÇÃO DE EMPREGADORES;empregadores;Activa;2000-06-08;2003-08-22
5.506.1;ASSOCIAÇÃO COMERCIAL E INDUSTRIAL DE PONTE DE SOR;ACIPS;registo;ASSOCIAÇÃO DE EMPREGADORES;empregadores;Activa;2017-01-26;2026-09-15
5.570.0;ASSOCIAÇÃO COMERCIAL E INDUSTRIAL DE SERNANCELHE;COMERCIALINDUSTRIAL;recurso;ASSOCIAÇÃO DE EMPREGADORES;empregadores;Activa;2005-09-15;2010-04-29
5.341.1;ASSOCIAÇÃO COMERCIAL E INDUSTRIAL DE VALENÇA;COMERCIALINDUSTRIAL;recurso;ASSOCIAÇÃO DE EMPREGADORES;empregadores;Activa;1998-11-15;1998-11-15
5.186.1;ASSOCIAÇÃO COMERCIAL E INDUSTRIAL DE VILA DO CONDE;COMERCIALINDUSTRIAL;recurso;ASSOCIAÇÃO DE EMPREGADORES;empregadores;Activa;1983-05-15;2025-07-15
5.163.1;ASSOCIAÇÃO COMERCIAL E INDUSTRIAL DE VILA NOVA DE FAMALICÃO (ACIF);ACIF;registo;ASSOCIAÇÃO DE EMPREGADORES;empregadores;Activa;1996-07-15;2025-05-22
5.475.0;ASSOCIAÇÃO COMERCIAL E INDUSTRIAL DE VILA POUCA DE AGUIAR;COMERCIALINDUSTRIAL;recurso;ASSOCIAÇÃO DE EMPREGADORES;empregadores;Extinta;1994-05-30;2012-03-22
5.245.0;ASSOCIAÇÃO COMERCIAL E INDUSTRIAL DE VILA REAL;COMERCIALINDUSTRIAL;recurso;ASSOCIAÇÃO DE EMPREGADORES;empregadores;Activa;1977-03-03;2012-03-29
5.482.0;ASSOCIAÇÃO COMERCIAL E INDUSTRIAL DE VIZELA;COMERCIALINDUSTRIAL;recurso;ASSOCIAÇÃO DE EMPREGADORES;empregadores;Activa;1994-09-30;2025-04-29
5.265.0;ASSOCIAÇÃO COMERCIAL E INDUSTRIAL DO ALTO LIMA;ACIAL;registo;ASSOCIAÇÃO DE EMPREGADORES;empregadores;Extinta;1999-10-29;2012-10-22
5.26.2;ASSOCIAÇÃO COMERCIAL E INDUSTRIAL DO CONCELHO DE ALENQUER;ACICA;registo;ASSOCIAÇÃO DE EMPREGADORES;empregadores;Activa;2002-01-29;2022-11-17
5.250.1;ASSOCIAÇÃO COMERCIAL E INDUSTRIAL DO CONCELHO DE GONDOMAR;COMERCIALINDUSTRIAL;recurso;ASSOCIAÇÃO DE EMPREGADORES;empregadores;Activa;1981-08-15;2023-03-22
5.185.1;ASSOCIAÇÃO COMERCIAL E INDUSTRIAL DO CONCELHO DE PAREDES;COMERCIALINDUSTRIAL;recurso;ASSOCIAÇÃO DE EMPREGADORES;empregadores;Extinta;1981-02-14;2007-05-29
5.506.0;ASSOCIAÇÃO COMERCIAL E INDUSTRIAL DO CONCELHO DE PONTE DE SOR;ACIPS;registo;ASSOCIAÇÃO DE EMPREGADORES;empregadores;Activa;1997-01-15;2008-10-22
5.98.2;ASSOCIAÇÃO COMERCIAL E INDUSTRIAL DO CONCELHO DE SANTO TIRSO;COMERCIALINDUSTRIAL;recurso;ASSOCIAÇÃO DE EMPREGADORES;empregadores;Activa;2013-12-29;2024-06-08
5.497.1;ASSOCIAÇÃO COMERCIAL E INDUSTRIAL DO CONCELHO DE SEIA;COMERCIALINDUSTRIAL;recurso;ASSOCIAÇÃO DE EMPREGADORES;empregadores;Activa;1997-05-15;1997-05-15
5.90.1;ASSOCIAÇÃO COMERCIAL E INDUSTRIAL DO CONCELHO DE SINTRA;ACISINTRA;registo;ASSOCIAÇÃO DE EMPREGADORES;empregadores;Activa;1999-11-09;2000-05-29
5.494.0;ASSOCIAÇÃO COMERCIAL E INDUSTRIAL DO CONCELHO DE TRANCOSO;COMERCIALINDUSTRIAL;recurso;ASSOCIAÇÃO DE EMPREGADORES;empregadores;Activa;1995-06-15;1995-06-15
5.189.1;ASSOCIAÇÃO COMERCIAL E INDUSTRIAL DO CONCELHO DE VALONGO;COMERCIALINDUSTRIAL;recurso;ASSOCIAÇÃO DE EMPREGADORES;empregadores;Extinta;1990-02-28;2016-06-08
5.225.1;ASSOCIAÇÃO COMERCIAL E INDUSTRIAL DO CONCELHO DO FUNDÃO;ACICF;registo;ASSOCIAÇÃO DE EMPREGADORES;empregadores;Activa;1998-07-30;2019-02-08
5.228.0;ASSOCIAÇÃO COMERCIAL E INDUSTRIAL DOS CONCELHOS DA COVILHÃ, BELMONTE E PENAMACOR;COMERCIALINDUSTRIAL;recurso;ASSOCIAÇÃO DE EMPREGADORES;empregadores;Activa;1977-09-22;1998-11-30
5.173.1;ASSOCIAÇÃO COMERCIAL E INDUSTRIAL DOS CONCELHOS DE MONÇÃO E MELGAÇO;COMERCIALINDUSTRIAL;recurso;ASSOCIAÇÃO DE EMPREGADORES;empregadores;Activa;1993-07-15;2023-03-22
5.247.0;ASSOCIAÇÃO COMERCIAL E INDUSTRIAL DOS CONCELHOS DE PESO DA RÉGUA,SANTA MARTA DE PENAGUIÃO E MESÃO FRIO;COMERCIALINDUSTRIAL;recurso;ASSOCIAÇÃO DE EMPREGADORES;empregadores;Activa;1977-09-29;2025-02-28
5.494.1;ASSOCIAÇÃO COMERCIAL E INDUSTRIAL DOS CONCELHOS DE TRANCOSO, AGUIAR DA BEIRA E MEDA;COMERCIALINDUSTRIAL;recurso;ASSOCIAÇÃO DE EMPREGADORES;empregadores;Activa;2004-07-08;2004-07-08
5.214.1;ASSOCIAÇÃO COMERCIAL E INDUSTRIAL DOS MUNICÍPIOS DE TOMAR, FERREIRA DO ZÊZERE E VILA NOVA DA BARQUINHA;ACITOFEBA;registo;ASSOCIAÇÃO DE EMPREGADORES;empregadores;Activa;2009-06-26;2024-02-15
5.427.1;ASSOCIAÇÃO COMERCIAL E INDUSTRIAL E DE SERVIÇOS DE MACEDO DE CAVALEIROS;ACISMC;registo;ASSOCIAÇÃO DE EMPREGADORES;empregadores;Activa;2017-06-12;2026-02-28
5.101.1;ASSOCIAÇÃO COMERCIAL E INDÚSTRIAS DA REGIÃO OESTE;ACIRO;registo;ASSOCIAÇÃO DE EMPREGADORES;empregadores;Activa;1994-03-15;2009-02-15
5.194.1;ASSOCIAÇÃO COMERCIAL E INDÚSTRIAS DE AMARANTE;COMERCIALINDUSTRIAS;recurso;ASSOCIAÇÃO DE EMPREGADORES;empregadores;Activa;1990-06-15;1997-03-15
5.160.1;ASSOCIAÇÃO COMERCIAL E INDÚSTRIAS DE FAFE, CABECEIRAS DE BASTO E CELORICO DE BASTO;COMERCIALINDUSTRIAS;recurso;ASSOCIAÇÃO DE EMPREGADORES;empregadores;Activa;1990-07-16;2001-12-08
5.209.1;ASSOCIAÇÃO COMERCIAL E INDÚSTRIAS DE FELGUEIRAS;COMERCIALINDUSTRIAS;recurso;ASSOCIAÇÃO DE EMPREGADORES;empregadores;Activa;1983-06-30;1987-12-30
5.181.1;ASSOCIAÇÃO COMERCIAL E INDÚSTRIAS DE LAMEGO E VALE DO DOURO SUL;COMERCIALINDUSTRIAS;recurso;ASSOCIAÇÃO DE EMPREGADORES;empregadores;Extinta;1994-08-30;1998-03-30
5.181.2;ASSOCIAÇÃO COMERCIAL E INDÚSTRIAS DE LAMEGO E VALE DO DOURO SUL;COMERCIALINDUSTRIAS;recurso;ASSOCIAÇÃO DE EMPREGADORES;empregadores;Extinta;;
5.212.1;ASSOCIAÇÃO COMERCIAL E INDÚSTRIAS DE MARCO DE CANAVESES;COMERCIALINDUSTRIAS;recurso;ASSOCIAÇÃO DE EMPREGADORES;empregadores;Activa;1982-06-15;2002-04-08
5.317.1;ASSOCIAÇÃO COMERCIAL E INDÚSTRIAS DE RIO MAIOR;COMERCIALINDUSTRIAS;recurso;ASSOCIAÇÃO DE EMPREGADORES;empregadores;Activa;1988-12-30;1988-12-30
5.46.1;ASSOCIAÇÃO COMERCIAL E INDÚSTRIAS DE VILA NOVA DE GAIA;COMERCIALINDUSTRIAS;recurso;ASSOCIAÇÃO DE EMPREGADORES;empregadores;Activa;1984-01-30;2017-01-22
5.197.1;ASSOCIAÇÃO COMERCIAL E INDÚSTRIAS DO CONCELHO DA MAIA;COMERCIALINDUSTRIAS;recurso;ASSOCIAÇÃO DE EMPREGADORES;empregadores;Activa;1981-03-28;1987-11-30
5.26.1;ASSOCIAÇÃO COMERCIAL E INDÚSTRIAS DO CONCELHO DE ALENQUER;COMERCIALINDUSTRIAS;recurso;ASSOCIAÇÃO DE EMPREGADORES;empregadores;Activa;1984-07-30;2007-07-07
5.187.1;ASSOCIAÇÃO COMERCIAL E INDÚSTRIAS DO CONCELHO DE PENAFIEL;COMERCIALINDUSTRIAS;recurso;ASSOCIAÇÃO DE EMPREGADORES;empregadores;Activa;1982-12-15;1982-12-15
5.98.1;ASSOCIAÇÃO COMERCIAL E INDÚSTRIAS DO CONCELHO DE SANTO TIRSO;COMERCIALINDUSTRIAS;recurso;ASSOCIAÇÃO DE EMPREGADORES;empregadores;Activa;1989-05-15;2013-06-15
5.235.0;ASSOCIAÇÃO COMERCIAL E INDÚSTRIAS DOS CONCELHOS DE CASTELO BRANCO E VILA VELHA DE RODÃO;COMERCIALINDUSTRIAS;recurso;ASSOCIAÇÃO DE EMPREGADORES;empregadores;Activa;1976-02-25;1976-02-25
5.93.0;ASSOCIAÇÃO COMERCIAL E INDÚSTRIAS DOS CONCELHOS DE SERTÃ, PROENÇA-A-NOVA,VILA DE REI E OLEIROS;COMERCIALINDUSTRIAS;recurso;ASSOCIAÇÃO DE EMPREGADORES;empregadores;Activa;1977-09-08;2015-09-08
5.236.1;ASSOCIAÇÃO COMERCIAL E SERVIÇOS DOS CONCELHOS DE ABRANTES, CONSTANCIA SARDOAL E MAÇÃO;COMERCIALSERVICOS;recurso;ASSOCIAÇÃO DE EMPREGADORES;empregadores;Activa;1995-11-15;2011-07-08
5.427.0;ASSOCIAÇÃO COMERCIAL INDUSTRIAL DE MACEDO DE CAVALEIROS;COMERCIALINDUSTRIAL;recurso;ASSOCIAÇÃO DE EMPREGADORES;empregadores;Activa;1989-06-15;2017-02-22
5.245.1;ASSOCIAÇÃO COMERCIAL INDUSTRIAL E SERVIÇOS DE VILA REAL;ACISVR;registo;ASSOCIAÇÃO DE EMPREGADORES;empregadores;Activa;2016-11-08;2023-05-15
5.504.0;ASSOCIAÇÃO COMERCIAL, INDUSTRIAL E DE SERVIÇOS DA NAZARÉ;COMERCIALINDUSTRIAL;recurso;ASSOCIAÇÃO DE EMPREGADORES;empregadores;Activa;1996-07-30;2023-03-15
5.75.0;ASSOCIAÇÃO COMERCIAL, INDUSTRIAL E DE SERVIÇOS DE BRAGANÇA;COMERCIALINDUSTRIAL;recurso;ASSOCIAÇÃO DE EMPREGADORES;empregadores;Activa;1975-09-11;1976-04-03
5.46.2;ASSOCIAÇÃO COMERCIAL, INDUSTRIAL E DE SERVIÇOS DE VILA NOVA DE GAIA;COMERCIALINDUSTRIAL;recurso;ASSOCIAÇÃO DE EMPREGADORES;empregadores;Activa;2017-08-15;2023-05-22
5.233.2;ASSOCIAÇÃO COMERCIAL, INDUSTRIAL E DE SERVIÇOS DOS CONCELHOS DE TORRES NOVAS, ENTRONCAMENTO, ALCANENA E GOLEGÃ;ACIS;registo;ASSOCIAÇÃO DE EMPREGADORES;empregadores;Extinta;1991-11-30;2009-07-22
5.101.2;ASSOCIAÇÃO COMERCIAL, INDUSTRIAL E SERVIÇOS DA REGIÃO OESTE;ACIRO;registo;ASSOCIAÇÃO DE EMPREGADORES;empregadores;Activa;2010-01-08;2026-05-29
5.174.2;ASSOCIAÇÃO COMERCIAL, INDUSTRIAL E SERVIÇOS DE BARCELOS E DO VALE DO CAVADO;ACIBARCELOS;registo;ASSOCIAÇÃO DE EMPREGADORES;empregadores;Activa;2015-04-15;2019-12-22
5.75.1;ASSOCIAÇÃO COMERCIAL, INDUSTRIAL E SERVIÇOS DE BRAGANÇA;ACISB;registo;ASSOCIAÇÃO DE EMPREGADORES;empregadores;Activa;2001-11-08;2023-04-29
5.235.2;ASSOCIAÇÃO COMERCIAL, INDUSTRIAL E SERVIÇOS DE CASTELO BRANCO, IDANHA-A-NOVA E VILA VELHA DE RODÃO;COMERCIALINDUSTRIAL;recurso;ASSOCIAÇÃO DE EMPREGADORES;empregadores;Activa;1996-09-30;2014-02-28
5.563.0;ASSOCIAÇÃO COMERCIAL, INDUSTRIAL E SERVIÇOS DO CONCELHO DE RESENDE;COMERCIALINDUSTRIAL;recurso;ASSOCIAÇÃO DE EMPREGADORES;empregadores;Activa;2005-01-08;2024-01-22
5.227.2;ASSOCIAÇÃO COMERCIAL, INDUSTRIAL E SERVIÇOS DO DISTRITO DE PORTALEGRE;ACISDP;registo;ASSOCIAÇÃO DE EMPREGADORES;empregadores;Extinta;2008-12-08;2019-06-08
5.244.0;ASSOCIAÇÃO COMERCIANTES DO CONCELHO DO SEIXAL;COMERCIANTESCONCELHO;recurso;ASSOCIAÇÃO DE EMPREGADORES;empregadores;Extinta;1978-05-15;1979-07-08
5.182.1;ASSOCIAÇÃO COMÉRCIO E INDÚSTRIAS DA PÓVOA DE VARZIM;COMERCIOINDUSTRIAS;recurso;ASSOCIAÇÃO DE EMPREGADORES;empregadores;Activa;1997-08-15;2009-07-22
5.345.1;ASSOCIAÇÃO DA HOTELARIA DE PORTUGAL (AHP);AHP;registo;ASSOCIAÇÃO DE EMPREGADORES;empregadores;Activa;2007-06-29;2025-07-08
5.590.0;ASSOCIAÇÃO DA HOTELARIA REGIONAL DO DISTRITO DE AVEIRO;AHRDA;registo;ASSOCIAÇÃO DE EMPREGADORES;empregadores;Extinta;2007-01-17;2024-11-15
5.508.1;ASSOCIAÇÃO DA HOTELARIA, RESTAURAÇÃO E SIMILARES DE PORTUGAL (AHRESP);AHRESP;registo;ASSOCIAÇÃO DE EMPREGADORES;empregadores;Activa;2009-02-22;2026-07-22
5.201.0;ASSOCIAÇÃO DA IMPRENSA DIÁRIA;IMPRENSADIARIA;recurso;ASSOCIAÇÃO DE EMPREGADORES;empregadores;Activa;1975-09-18;2020-09-15
5.201.1;ASSOCIAÇÃO DA IMPRENSA DIÁRIA E NÃO DIÁRIA DE PORTUGAL;AID;registo;ASSOCIAÇÃO DE EMPREGADORES;empregadores;Activa;2021-08-29;2021-08-29
5.139.0;ASSOCIAÇÃO DA IMPRENSA NÃO DIÁRIA;IMPRENSANAODIARIA;recurso;ASSOCIAÇÃO DE EMPREGADORES;empregadores;Activa;1977-07-08;1987-02-28
5.241.1;ASSOCIAÇÃO DA INDÚSTRIA ALIMENTAR PELO FRIO;ALIF;registo;ASSOCIAÇÃO DE EMPREGADORES;empregadores;Activa;2000-10-08;2019-06-08
5.453.0;ASSOCIAÇÃO DA INDÚSTRIA CERVEJEIRA PORTUGUESA;AICP;registo;ASSOCIAÇÃO DE EMPREGADORES;empregadores;Activa;1991-12-15;2011-03-15
5.379.0;ASSOCIAÇÃO DA INDÚSTRIA DE CERÂMICA DA REGIÃO DE AVEIRO;CIBAVE;registo;ASSOCIAÇÃO DE EMPREGADORES;empregadores;Extinta;1985-03-15;2012-07-08
5.478.0;ASSOCIAÇÃO DA INDÚSTRIA DE ROCHAS DO NORDESTE;INDUSTRIAROCHAS;recurso;ASSOCIAÇÃO DE EMPREGADORES;empregadores;Extinta;1994-08-30;2012-05-08
5.154.1;ASSOCIAÇÃO DA INDÚSTRIA E COMÉRCIO DE COLAS E SIMILARES;AICCS;registo;ASSOCIAÇÃO DE EMPREGADORES;empregadores;Activa;1993-08-30;2009-06-08
5.486.0;ASSOCIAÇÃO DA INDÚSTRIA E COMÉRCIO DE MORTÁGUA;AICM;registo;ASSOCIAÇÃO DE EMPREGADORES;empregadores;Extinta;1994-09-30;2012-07-08
5.241.2;ASSOCIAÇÃO DA INDÚSTRIA PELO FRIO E COMERCIO DE PRODUTOS ALIMENTARES;ALIF;registo;ASSOCIAÇÃO DE EMPREGADORES;empregadores;Activa;2021-02-26;2021-04-08
5.142.0;ASSOCIAÇÃO DA INDÚSTRIA VIDREIRA;INDUSTRIAVIDREIRA;recurso;ASSOCIAÇÃO DE EMPREGADORES;empregadores;Extinta;1975-09-22;2000-02-08
5.508.0;ASSOCIAÇÃO DA RESTAURAÇÃO E SIMILARES DE PORTUGAL;ARESP;registo;ASSOCIAÇÃO DE EMPREGADORES;empregadores;Activa;1996-11-15;2006-10-15
5.358.0;ASSOCIAÇÃO DAS ADEGAS DE COOPERATIVAS DO CENTRO E SUL DE PORTUGAL;ASCOOP;registo;ASSOCIAÇÃO DE EMPREGADORES;empregadores;Extinta;1983-01-30;2012-05-22
5.112.2;ASSOCIAÇÃO DAS CASAS DE PASTO E DE VINHOS DE PORTUGAL;ACPVP;registo;ASSOCIAÇÃO DE EMPREGADORES;empregadores;Extinta;1990-08-30;1997-01-30
5.112.1;ASSOCIAÇÃO DAS CASAS DE PASTO E DE VINHOS DO CENTRO/SUL DE PORTUGAL;CASASPASTOVINHOS;recurso;ASSOCIAÇÃO DE EMPREGADORES;empregadores;Extinta;1983-07-15;1983-07-15
5.112.0;ASSOCIAÇÃO DAS CASAS DE PASTO E DE VINHOS DO DISTRITO DE LISBOA;CASASPASTOVINHOS;recurso;ASSOCIAÇÃO DE EMPREGADORES;empregadores;Extinta;1975-12-26;1975-12-26
5.208.0;ASSOCIAÇÃO DAS CASAS DE PASTO E DE VINHOS DOS CONCELHOS DO PORTO, MATOSINHOS, MAIA, VALONGO, GONDOMAR E VILA NOVA DE GAIA;CASASPASTOVINHOS;recurso;ASSOCIAÇÃO DE EMPREGADORES;empregadores;Extinta;1979-10-08;1997-08-15
5.546.1;ASSOCIAÇÃO DAS COMPANHIAS AÉREAS EM PORTUGAL;RENA;registo;ASSOCIAÇÃO DE EMPREGADORES;empregadores;Activa;2017-09-29;2026-09-08
5.206.0;ASSOCIAÇÃO DAS CONFEITARIAS,PASTELARIAS E LEITARIAS DO NORTE;CONFEITARIAS;recurso;ASSOCIAÇÃO DE EMPREGADORES;empregadores;Extinta;1976-03-04;1980-01-08
5.552.0;ASSOCIAÇÃO DAS EMPRESAS DE DRAGAGENS DO NORTE;ADRAG;registo;ASSOCIAÇÃO DE EMPREGADORES;empregadores;Extinta;2003-07-29;2024-01-29
5.339.1;ASSOCIAÇÃO DAS EMPRESAS DE ESTIVA DO PORTO DE AVEIRO;EMPRESASESTIVAPORTO;recurso;ASSOCIAÇÃO DE EMPREGADORES;empregadores;Activa;1998-07-15;2026-07-29
5.275.0;ASSOCIAÇÃO DAS EMPRESAS DE PESCA DO ALGARVE;ADEPA;registo;ASSOCIAÇÃO DE EMPREGADORES;empregadores;Extinta;1976-06-26;2011-07-08
5.42.1;ASSOCIAÇÃO DAS EMPRESAS DE VINHO DO PORTO;AEVP;registo;ASSOCIAÇÃO DE EMPREGADORES;empregadores;Activa;1997-05-15;2023-02-08
5.387.0;ASSOCIAÇÃO DAS ESTETICISTAS DE PORTUGAL;ESTETICISTAS;recurso;ASSOCIAÇÃO DE EMPREGADORES;empregadores;Extinta;1985-08-15;2013-03-15
5.190.1;ASSOCIAÇÃO DAS INDÚSTRIAS DE MADEIRA E MOBILIÁRIO DE PORTUGAL;AIMMP;registo;ASSOCIAÇÃO DE EMPREGADORES;empregadores;Activa;1995-10-30;2026-03-15
5.270.0;ASSOCIAÇÃO DAS INDÚSTRIAS DE PAINEIS DE MADEIRA;INDUSTRIASPAINEIS;recurso;ASSOCIAÇÃO DE EMPREGADORES;empregadores;Extinta;1976-05-08;1983-03-30
5.270.1;ASSOCIAÇÃO DAS INDÚSTRIAS DE PAINÉIS DE MADEIRA;AIPM;registo;ASSOCIAÇÃO DE EMPREGADORES;empregadores;Extinta;1990-04-16;1997-05-15
5.3.1;ASSOCIAÇÃO DAS INDÚSTRIAS MARÍTIMAS;AIM;registo;ASSOCIAÇÃO DE EMPREGADORES;empregadores;Activa;1995-01-15;1996-11-05
5.3.0;ASSOCIAÇÃO DAS INDÚSTRIAS NAVAIS;AIN;registo;ASSOCIAÇÃO DE EMPREGADORES;empregadores;Activa;1975-09-11;1978-02-15
5.416.1;ASSOCIAÇÃO DAS MEDIADORAS IMOBILIÁRIAS DE PORTUGAL;AMIP;registo;ASSOCIAÇÃO DE EMPREGADORES;empregadores;Extinta;2000-12-14;2005-01-08
5.416.0;ASSOCIAÇÃO DAS MEDIADORAS IMOBILIÁRIAS DO NORTE;AMIN;registo;ASSOCIAÇÃO DE EMPREGADORES;empregadores;Extinta;1988-04-30;1988-04-30
5.206.1;ASSOCIAÇÃO DAS PASTELARIAS, CASAS DE CHÁ E SIMILARES DO NORTE DE PORTUGAL;PASTELARIASCASASCHA;recurso;ASSOCIAÇÃO DE EMPREGADORES;empregadores;Extinta;1996-12-30;2007-02-22
5.207.0;ASSOCIAÇÃO DAS PENSÕES DO NORTE;PENSOESNORTE;recurso;ASSOCIAÇÃO DE EMPREGADORES;empregadores;Extinta;1976-03-01;2007-11-22
5.604.0;ASSOCIAÇÃO DAS PEQUENAS E MÉDIAS EMPRESAS;LUSAPME;registo;ASSOCIAÇÃO DE EMPREGADORES;empregadores;Activa;2013-11-15;2019-07-29
5.513.0;ASSOCIAÇÃO DAS TERMAS DE PORTUGAL;TERMAS;recurso;ASSOCIAÇÃO DE EMPREGADORES;empregadores;Activa;1996-12-16;2025-02-15
5.601.0;ASSOCIAÇÃO DE ADEGAS COOPERATIVAS DE PORTUGAL;ADCP;registo;ASSOCIAÇÃO DE EMPREGADORES;empregadores;Activa;2011-09-20;2024-03-15
5.63.2;ASSOCIAÇÃO DE AGENTES DE NAVEGAÇÃO;APAN;registo;ASSOCIAÇÃO DE EMPREGADORES;empregadores;Extinta;1995-09-15;2006-01-22
5.376.0;ASSOCIAÇÃO DE AGRICULTORES AO SUL DO TEJO;AGRICULTORESSULTEJO;recurso;ASSOCIAÇÃO DE EMPREGADORES;empregadores;Extinta;1984-12-30;1986-11-30
5.404.0;ASSOCIAÇÃO DE AGRICULTORES AO SUL DO TEJO;AGRICULTORESSULTEJO;recurso;ASSOCIAÇÃO DE EMPREGADORES;empregadores;Extinta;1987-02-28;2021-05-08
5.372.0;ASSOCIAÇÃO DE AGRICULTORES DE VILA FRANCA DE XIRA;AGRICULTORESVILA;recurso;ASSOCIAÇÃO DE EMPREGADORES;empregadores;Activa;1984-07-15;2018-06-15
5.318.0;ASSOCIAÇÃO DE AGRICULTORES DO DISTRITO DE ÉVORA;AGRICULTORESDISTRITO;recurso;ASSOCIAÇÃO DE EMPREGADORES;empregadores;Extinta;1978-12-22;2012-01-08
5.536.0;ASSOCIAÇÃO DE APICULTORES DE SEIXAL, BARREIRO E ALMADA;ASBA;registo;ASSOCIAÇÃO DE EMPREGADORES;empregadores;Extinta;2000-12-08;2011-06-15
5.515.0;ASSOCIAÇÃO DE APOIO DOMICILIÁRIO, DE LARES E CASAS DE REPOUSO DE IDOSOS;ALI;registo;ASSOCIAÇÃO DE EMPREGADORES;empregadores;Activa;1997-08-30;2026-05-29
5.395.1;ASSOCIAÇÃO DE ARMADORES DE INCIDÊNCIA ARTESANAL;AAPSIA;registo;ASSOCIAÇÃO DE EMPREGADORES;empregadores;Extinta;1989-04-30;2013-03-22
5.469.0;ASSOCIAÇÃO DE ARMADORES DE PESCA DO SOTAVENTO DO ALGARVE;ADAPSA;registo;ASSOCIAÇÃO DE EMPREGADORES;empregadores;Extinta;1993-07-30;2013-12-15
5.490.0;ASSOCIAÇÃO DE AUTO-PRODUTORES DE ALIMENTOS COMPOSTOS PARA ANIMAIS;AUTOPRODUTORES;recurso;ASSOCIAÇÃO DE EMPREGADORES;empregadores;Extinta;1995-02-28;2014-08-08
5.150.0;ASSOCIAÇÃO DE COMERCIANTES ARMEIROS, BICICLETAS, ARTIGOS DE DESPORTO,DROGARIAS E PERFUMARIAS, PAPELARIA E ARTIGOS DE ESCRITÓRIO, QUINQUILHARIAS, BRINQUEDOS E ARTESANATO E TABACARIA DE LISBOA;COMERCIANTESARMEIROS;recurso;ASSOCIAÇÃO DE EMPREGADORES;empregadores;Activa;1975-09-03;2015-05-08
5.99.0;ASSOCIAÇÃO DE COMERCIANTES DE MATERIAIS DE CONSTRUÇÃO;COMERCIANTES;recurso;ASSOCIAÇÃO DE EMPREGADORES;empregadores;Activa;1975-09-02;1980-07-22
5.48.0;ASSOCIAÇÃO DE COMERCIANTES DO CONCELHO DE LOURES;COMERCIANTESCONCELHO;recurso;ASSOCIAÇÃO DE EMPREGADORES;empregadores;Activa;1975-09-24;1997-03-30
5.115.0;ASSOCIAÇÃO DE COMERCIANTES DO CONCELHO DE MAFRA;COMERCIANTESCONCELHO;recurso;ASSOCIAÇÃO DE EMPREGADORES;empregadores;Activa;1975-09-01;1996-04-30
5.192.0;ASSOCIAÇÃO DE COMERCIANTES DO DISTRITO DE VISEU (TAMBÉM ASSOCIAÇÃO COMERCIAL DE VISEU);COMERCIANTESDISTRITO;recurso;ASSOCIAÇÃO DE EMPREGADORES;empregadores;Activa;1977-07-08;1994-07-15
5.116.0;ASSOCIAÇÃO DE COMERCIANTES DOS CONCELHOS DE VILA FRANCA DE XIRA E ARRUDA DOS VINHOS;COMERCIANTES;recurso;ASSOCIAÇÃO DE EMPREGADORES;empregadores;Activa;1975-10-28;1976-06-01
5.214.0;ASSOCIAÇÃO DE COMERCIANTES E INDÚSTRIAS DOS CONCELHOS DE TOMAR, FERREIRA DO ZÊZERE E VILA NOVA DA BARQUINHA;COMERCIANTES;recurso;ASSOCIAÇÃO DE EMPREGADORES;empregadores;Activa;1977-05-03;1977-05-03
5.487.0;ASSOCIAÇÃO DE COMERCIANTES E INSTALADORES DE SISTEMAS DE TELECOMUNICAÇÕES;ACIST;registo;ASSOCIAÇÃO DE EMPREGADORES;empregadores;Activa;1994-11-15;2003-08-08
5.305.0;ASSOCIAÇÃO DE COMERCIANTES RETALH. DO CONCELHO DE ALCOBAÇA;COMERCIANTESRETALH;recurso;ASSOCIAÇÃO DE EMPREGADORES;empregadores;Activa;1977-11-22;1977-11-22
5.175.0;ASSOCIAÇÃO DE COMERCIANTES RETALHISTAS DO CONCELHO DE V.NOVA DE OUREM;ACRO;registo;ASSOCIAÇÃO DE EMPREGADORES;empregadores;Activa;1977-03-17;1977-10-29
5.240.0;ASSOCIAÇÃO DE COMERCIANTES RETALHISTAS DOS CONCELHOS DE SANTARÉM, ALPIARÇA, CHAMUSCA, ALMEIRIM E CARTAXO;COMERCIANTES;recurso;ASSOCIAÇÃO DE EMPREGADORES;empregadores;Activa;1977-02-24;1977-02-24
5.335.0;ASSOCIAÇÃO DE COMERCIO DA LOURINHÃ;COMERCIOLOURINHA;recurso;ASSOCIAÇÃO DE EMPREGADORES;empregadores;Extinta;1980-11-15;2015-05-29
5.483.0;ASSOCIAÇÃO DE COMÉRCIO, INDÚSTRIA E SERVIÇOS DA PAREDE;ACISP;registo;ASSOCIAÇÃO DE EMPREGADORES;empregadores;Activa;1994-09-30;1994-09-30
5.155.3;ASSOCIAÇÃO DE COMERCIO, INDÚSTRIA E SERVIÇOS DA REGIAO DE LEIRIA;ACILIS;registo;ASSOCIAÇÃO DE EMPREGADORES;empregadores;Activa;2016-06-29;2016-06-29
5.77.1;ASSOCIAÇÃO DE COMÉRCIO, INDÚSTRIA E SERVIÇOS DE ELVAS;COMERCIOINDUSTRIA;recurso;ASSOCIAÇÃO DE EMPREGADORES;empregadores;Extinta;1994-12-15;2016-08-08
5.155.4;ASSOCIAÇÃO DE COMÉRCIO, INDÚSTRIA SERVIÇOS E TURISMO DA REGIÃO DE LEIRIA;ACILIS;registo;ASSOCIAÇÃO DE EMPREGADORES;empregadores;Activa;2018-10-29;2025-01-29
5.243.2;ASSOCIAÇÃO DE COMÉRCIO, INDÚSTRIAS , SERVIÇOS E AGRICOLA DO ALTO TÂMEGA;ACISAT;registo;ASSOCIAÇÃO DE EMPREGADORES;empregadores;Activa;1993-02-15;1999-03-15
5.591.0;ASSOCIAÇÃO DE CRECHES E PEQUENOS ESTABELECIMENTOS DE ENSINO PARTICULAR;ACPEEP;registo;ASSOCIAÇÃO DE EMPREGADORES;empregadores;Activa;2007-09-03;2025-06-08
5.378.2;ASSOCIAÇÃO DE EMPRESAS DE CABELEIREIROS;EMPRESAS;recurso;ASSOCIAÇÃO DE EMPREGADORES;empregadores;Activa;1995-04-15;1997-08-15
5.176.1;ASSOCIAÇÃO DE EMPRESAS DE CONSTRUÇÃO E OBRAS PÚBLICAS;AECOPS;registo;ASSOCIAÇÃO DE EMPREGADORES;empregadores;Activa;1994-01-15;2008-04-08
5.176.0;ASSOCIAÇÃO DE EMPRESAS DE CONSTRUÇÃO E OBRAS PÚBLICAS DO SUL;EMPRESASCONSTRUCAO;recurso;ASSOCIAÇÃO DE EMPREGADORES;empregadores;Activa;1976-01-19;1996-03-15
5.176.2;ASSOCIAÇÃO DE EMPRESAS DE CONSTRUÇÃO E OBRAS PÚBLICAS E SERVIÇOS;AECOPS;registo;ASSOCIAÇÃO DE EMPREGADORES;empregadores;Activa;2007-07-29;2025-02-22
5.535.0;ASSOCIAÇÃO DE EMPRESAS DE GINÁSIOS E ACADEMIAS DE PORTUGAL;AGAP;registo;ASSOCIAÇÃO DE EMPREGADORES;empregadores;Activa;2002-11-15;2016-08-08
5.452.0;ASSOCIAÇÃO DE EMPRESAS DE PESCA DO SOTAVENTO DO ALGARVE;ADEPAOLHAO;registo;ASSOCIAÇÃO DE EMPREGADORES;empregadores;Extinta;1991-10-30;1995-01-15
5.274.0;ASSOCIAÇÃO DE EMPRESAS DE PRESTAÇÃO DE SERVIÇOS DE LIMPEZA E ACTIVIDADES SIMILARES;EMPRESASPRESTACAO;recurso;ASSOCIAÇÃO DE EMPREGADORES;empregadores;Activa;1976-10-08;2007-08-08
5.440.0;ASSOCIAÇÃO DE EMPRESAS DE SEGURANÇA;AES;registo;ASSOCIAÇÃO DE EMPREGADORES;empregadores;Activa;1990-07-30;2026-01-15
5.611.0;ASSOCIAÇÃO DE EMPRESAS DO SECTOR DE ACTIVIDADE DE PRESTAÇAO DE SERVIÇOS DE ASSISTENCIA EM ESCALA AO TRANSPORTE AEREO;AESH;registo;ASSOCIAÇÃO DE EMPREGADORES;empregadores;Extinta;2016-10-22;2016-11-29
5.611.1;ASSOCIAÇÃO DE EMPRESAS DO SECTOR DE HANDLING;AESH;registo;ASSOCIAÇÃO DE EMPREGADORES;empregadores;Extinta;2017-01-22;2026-01-08
5.547.0;ASSOCIAÇÃO DE EMPRESAS EXTRACTORAS DE INERTES DO RIO TEJO;AIRT;registo;ASSOCIAÇÃO DE EMPREGADORES;empregadores;Extinta;2002-07-22;2011-10-22
5.532.0;ASSOCIAÇÃO DE ESTABELECIMENTOS DE EDUCAÇÃO DE INFANCIA;AEEI;registo;ASSOCIAÇÃO DE EMPREGADORES;empregadores;Extinta;2000-08-15;2012-10-10
5.455.0;ASSOCIAÇÃO DE ESTETICISMO DO NORTE;AEN;registo;ASSOCIAÇÃO DE EMPREGADORES;empregadores;Extinta;1992-06-15;1992-06-15
5.455.1;ASSOCIAÇÃO DE ESTETICISMO NACIONAL;AEN;registo;ASSOCIAÇÃO DE EMPREGADORES;empregadores;Extinta;1995-11-05;2011-10-08
5.548.0;ASSOCIAÇÃO DE FABRICANTES DE COLCHÕES;AFAC;registo;ASSOCIAÇÃO DE EMPREGADORES;empregadores;Extinta;2002-11-08;2010-12-15
5.449.0;ASSOCIAÇÃO DE FARMÁCIAS DE PORTUGAL;AFP;registo;ASSOCIAÇÃO DE EMPREGADORES;empregadores;Activa;1991-04-15;2026-08-15
5.136.0;ASSOCIAÇÃO DE GROSSISTAS DE PRODUTOS QUIMICOS E FARMACÊUTICOS;GROQUIFAR;registo;ASSOCIAÇÃO DE EMPREGADORES;empregadores;Activa;1975-09-01;2025-01-08
5.610.0;ASSOCIAÇÃO DE HORTICULTORES DO SUDOESTE ALENTEJANO;AHSA;registo;ASSOCIAÇÃO DE EMPREGADORES;empregadores;Activa;2015-03-27;2015-08-15
5.610.1;ASSOCIAÇÃO DE HORTICULTORES DO SUDOESTE ALENTEJANO E COSTA VICENTINA;AHSACV;registo;ASSOCIAÇÃO DE EMPREGADORES;empregadores;Activa;2017-01-08;2018-05-08
5.610.2;ASSOCIAÇÃO DE HORTICULTORES, FRUTICULTORES E FLORICULTORES DOS CONCELHOS DE ODEMIRA E ALJEZUR;AHSA;registo;ASSOCIAÇÃO DE EMPREGADORES;empregadores;Activa;2018-01-26;2024-09-29
5.133.0;ASSOCIAÇÃO DE INDÚSTRIA EEXPORTADORES DE CORTIÇA (A.I.E.C.);AIEC;registo;ASSOCIAÇÃO DE EMPREGADORES;empregadores;Extinta;1975-10-28;2002-08-29
5.92.0;ASSOCIAÇÃO DE INDÚSTRIAIS DE MADEIRAS DO CENTRO;INDUSTRIAISMADEIRAS;recurso;ASSOCIAÇÃO DE EMPREGADORES;empregadores;Extinta;1975-09-03;2010-11-29
5.509.0;ASSOCIAÇÃO DE INDÚSTRIAIS DE VEÍCULOS LIGEIROS DE TURISMO DO SUL;AINTEL;registo;ASSOCIAÇÃO DE EMPREGADORES;empregadores;Extinta;1996-12-15;2019-08-08
5.154.0;ASSOCIAÇÃO DE INDÚSTRIAS DE COLAS, APRESTOS E PROD. SIMILARES;INDUSTRIASCOLAS;recurso;ASSOCIAÇÃO DE EMPREGADORES;empregadores;Activa;1975-10-14;1988-04-15
5.237.0;ASSOCIAÇÃO DE LAVRADORES DO DOURO E PRODUTORES DE VINHO DO PORTO;ALDPVP;registo;ASSOCIAÇÃO DE EMPREGADORES;empregadores;Extinta;1975-12-18;2024-05-15
5.346.0;ASSOCIAÇÃO DE MADEIREIROS DO CENTRO;MADEIREIROSCENTRO;recurso;ASSOCIAÇÃO DE EMPREGADORES;empregadores;Extinta;1981-12-15;2011-11-29
5.450.1;ASSOCIAÇÃO DE MATADOUROS E EMPRESAS DE CARNES DE PORTUGAL AMECAP;AMECAP;registo;ASSOCIAÇÃO DE EMPREGADORES;empregadores;Activa;2009-03-27;2023-10-15
5.390.0;ASSOCIAÇÃO DE MEDICINA NATURAL E BIOTERAPÊUTICA;AMENA;registo;ASSOCIAÇÃO DE EMPREGADORES;empregadores;Activa;1985-10-30;2019-10-22
5.470.0;ASSOCIAÇÃO DE MEDICINA PRIVADA;AMP;registo;ASSOCIAÇÃO DE EMPREGADORES;empregadores;Extinta;1993-08-15;1995-10-30
5.575.0;ASSOCIAÇÃO DE MICRO E PEQUENOS EMPRESÁRIOS DA CONSTRUÇÃO CIVIL E OBRAS PÚBLICAS DO ALGARVE;AMPECOPA;registo;ASSOCIAÇÃO DE EMPREGADORES;empregadores;Extinta;2005-12-29;2014-02-22
5.276.0;ASSOCIAÇÃO DE MICRO E PEQUENOS EMPRESARIOS DA REGIAO DE LISBOA E VALE DO TEJO;AMPERL;registo;ASSOCIAÇÃO DE EMPREGADORES;empregadores;Extinta;1999-10-08;2008-06-22
5.553.0;ASSOCIAÇÃO DE MICRO, PEQUENOS E MÉDIOS EMPRESÁRIOS DO ALENTEJO INTERIOR;AMPEAI;registo;ASSOCIAÇÃO DE EMPREGADORES;empregadores;Extinta;2004-01-08;2024-02-29
5.585.0;ASSOCIAÇÃO DE MICROS, PEQUENAS E MÉDIAS EMPRESAS DO DISTRITO DE LEIRIA;AMPEDLEI;registo;ASSOCIAÇÃO DE EMPREGADORES;empregadores;Extinta;2006-08-16;2014-04-22
5.73.1;ASSOCIAÇÃO DE OURIVESARIA E RELOJOARIA DE PORTUGAL;AORP;registo;ASSOCIAÇÃO DE EMPREGADORES;empregadores;Activa;2009-06-30;2024-07-22
5.300.0;ASSOCIAÇÃO DE PEQUENOS EMPRESÁRIOS DA REGIÃO DE SETÚBAL E ALENTEJO;APERSA;registo;ASSOCIAÇÃO DE EMPREGADORES;empregadores;Activa;1999-03-22;2014-06-08
5.81.0;ASSOCIAÇÃO DE PRODUTORES DE FILMES;PRODUTORESFILMES;recurso;ASSOCIAÇÃO DE EMPREGADORES;empregadores;Extinta;1975-12-10;2012-02-08
5.441.0;ASSOCIAÇÃO DE PUBLICIDADE EXTERIOR DE PORTUGAL;APEP;registo;ASSOCIAÇÃO DE EMPREGADORES;empregadores;Extinta;1990-08-15;2013-06-22
5.595.0;ASSOCIAÇÃO DE RÁDIOS DE INSPIRAÇÃO CRISTÃ;ARIC;registo;ASSOCIAÇÃO DE EMPREGADORES;empregadores;Activa;2008-08-22;2025-12-22
5.223.1;ASSOCIAÇÃO DE REPRESENTANTES DE ESTABELECIMENTOS DE ENSINO PARTICULAR E COOPERATIVO;AEEP;registo;ASSOCIAÇÃO DE EMPREGADORES;empregadores;Activa;1998-05-15;1998-05-15
5.223.0;ASSOCIAÇÃO DE REPRESENTANTES DE ESTABELECIMENTOS ENSINO PARTICULAR;AEEP;registo;ASSOCIAÇÃO DE EMPREGADORES;empregadores;Activa;1975-09-05;1978-11-15
5.35.0;ASSOCIAÇÃO DE RETALHISTAS DE PRODUTOS ALIMENTARES DO DISTRITO DE LISBOA;ARPA;registo;ASSOCIAÇÃO DE EMPREGADORES;empregadores;Extinta;1975-08-08;1997-07-15
5.294.0;ASSOCIAÇÃO DE SEGURADORES PRIVADOS EM PORTUGAL;ASEP;registo;ASSOCIAÇÃO DE EMPREGADORES;empregadores;Extinta;1977-05-26;1991-05-30
5.542.0;ASSOCIAÇÃO DE TRANSPORTADORES DE TERRAS, INERTES, MADEIRAS E AFINS;ATTIMA;registo;ASSOCIAÇÃO DE EMPREGADORES;empregadores;Extinta;2001-12-29;2001-12-29
5.348.0;ASSOCIAÇÃO DE TRANSPORTES DE MERCADORIAS;ATM;registo;ASSOCIAÇÃO DE EMPREGADORES;empregadores;Extinta;1982-01-30;2024-03-29
5.331.1;ASSOCIAÇÃO DE VINHOS E ESPIRITUOSAS DE PORTUGAL;ACIBEV;registo;ASSOCIAÇÃO DE EMPREGADORES;empregadores;Activa;2014-06-08;2026-04-08
5.290.0;ASSOCIAÇÃO DO CENTRO DOS ARMADORES DE PESCA;ACAPE;registo;ASSOCIAÇÃO DE EMPREGADORES;empregadores;Extinta;1977-04-14;1983-02-28
5.258.0;ASSOCIAÇÃO DO CENTRO DOS INDÚSTRIAIS DE PANIFICAÇÃO;ACIP;registo;ASSOCIAÇÃO DE EMPREGADORES;empregadores;Activa;1976-03-04;1998-03-15
5.258.1;ASSOCIAÇÃO DO CENTRO DOS INDÚSTRIAIS DE PANIFICAÇÃO E PASTELARIA;ACIP;registo;ASSOCIAÇÃO DE EMPREGADORES;empregadores;Activa;1991-11-15;2000-05-08
5.141.0;ASSOCIAÇÃO DO COMÉRCIO AUTOMÓVEL DE PORTUGAL;ACAP;registo;ASSOCIAÇÃO DE EMPREGADORES;empregadores;Activa;1975-09-01;2007-05-29
5.258.2;ASSOCIAÇÃO DO COMERCIO E DA INDÚSTRIA DE PANIFICAÇÃO, PASTELARIA E SIMILARES;ACIP;registo;ASSOCIAÇÃO DE EMPREGADORES;empregadores;Activa;2000-07-08;2025-02-15
5.334.2;ASSOCIAÇÃO DO COMÉRCIO E SERVIÇOS DA REGIÃO DO ALGARVE;ACRAL;registo;ASSOCIAÇÃO DE EMPREGADORES;empregadores;Activa;1998-02-28;2024-11-29
5.234.1;ASSOCIAÇÃO DO COMÉRCIO E SERVIÇOS DO BARREIRO E MOITA;COMERCIOSERVICOS;recurso;ASSOCIAÇÃO DE EMPREGADORES;empregadores;Activa;1990-12-31;2001-07-08
5.32.1;ASSOCIAÇÃO DO COMÉRCIO E SERVIÇOS DO DISTRITO DA GUARDA;ACG;registo;ASSOCIAÇÃO DE EMPREGADORES;empregadores;Activa;2000-10-22;2019-03-08
5.231.2;ASSOCIAÇÃO DO COMÉRCIO E SERVIÇOS DO DISTRITO DE SETÚBAL;COMERCIOSERVICOS;recurso;ASSOCIAÇÃO DE EMPREGADORES;empregadores;Activa;1990-03-30;2012-09-22
5.192.1;ASSOCIAÇÃO DO COMERCIO E SERVIÇOS DO DISTRITO DE VISEU;ACSDV;registo;ASSOCIAÇÃO DE EMPREGADORES;empregadores;Activa;1998-04-30;1998-04-30
5.175.1;ASSOCIAÇÃO DO COMÉRCIO INDÚSTRIA E SERVIÇOS DO CONCELHO DE OURÉM;ACISO;registo;ASSOCIAÇÃO DE EMPREGADORES;empregadores;Activa;1991-05-30;2002-02-08
5.234.2;ASSOCIAÇÃO DO COMÉRCIO, INDÚSTRIA E SERVIÇOS DO BARREIRO E MOITA(ACISBM);ACISBM;registo;ASSOCIAÇÃO DE EMPREGADORES;empregadores;Activa;2002-04-22;2025-12-29
5.115.2;ASSOCIAÇÃO DO COMÉRCIO, INDÚSTRIA E SERVIÇOS DO CONCELHO DE MAFRA (ACISM);ACISM;registo;ASSOCIAÇÃO DE EMPREGADORES;empregadores;Activa;2012-06-22;2026-06-15
5.115.1;ASSOCIAÇÃO DO COMÉRCIO, INDÚSTRIA ESERVIÇOS DO CONCELHO DE MAFRA;ACISM;registo;ASSOCIAÇÃO DE EMPREGADORES;empregadores;Activa;1993-06-15;2011-09-08
5.116.1;ASSOCIAÇÃO DO COMÉRCIO, INDÚSTRIA ESERVIÇOS DOS CONCELHOS DE VILA FRANCA DE XIRA E ARRUDA DOS VINHOS;COMERCIOINDUSTRIA;recurso;ASSOCIAÇÃO DE EMPREGADORES;empregadores;Activa;1990-01-30;2010-04-15
5.16.2;ASSOCIAÇÃO DO COMERCIO, INDÚSTRIA, SERVIÇOS E TURISMO DO DISTRITO DE BEJA;ACISTDB;registo;ASSOCIAÇÃO DE EMPREGADORES;empregadores;Activa;2026-01-29;2026-01-29
5.231.3;ASSOCIAÇÃO DO COMÉRCIO, INDÚSTRIA, SERVIÇOS E TURISMO DO DISTRITO DE SETUBAL;COMERCIOINDUSTRIA;recurso;ASSOCIAÇÃO DE EMPREGADORES;empregadores;Activa;2013-08-08;2024-05-29
5.16.1;ASSOCIAÇÃO DO COMERCIO,SERVIÇOS E TURISMO DO DISTRITO DE BEJA;COMERCIOSERVICOS;recurso;ASSOCIAÇÃO DE EMPREGADORES;empregadores;Activa;2021-09-17;2026-01-08
5.269.0;ASSOCIAÇÃO DO NORTE DOS ARMADORES DA PESCA DA SARDINHA;NORTEARMADORESPESCA;recurso;ASSOCIAÇÃO DE EMPREGADORES;empregadores;Extinta;1976-06-01;2013-04-29
5.313.2;ASSOCIAÇÃO DO NORTE DOS ARMADORES DE PESCA ARTESANAL;ANAPA;registo;ASSOCIAÇÃO DE EMPREGADORES;empregadores;Extinta;1981-07-30;2016-08-08
5.308.2;ASSOCIAÇÃO DO NORTE DOS COMERCI. INDÚSTRIAS PRODUT. ENGARRAF.VINIFICAD. E EXPORTUGUESA DE VINHOS E BEBIDAS ESPIRITUOSAS;ANCEVE;registo;ASSOCIAÇÃO DE EMPREGADORES;empregadores;Activa;1989-10-30;2010-09-22
5.308.0;ASSOCIAÇÃO DO NORTE DOS COMERCIANTES E ENGARRAF. DE VINHOS E BEBIDAS ESPIRITUOSAS;ANCEVE;registo;ASSOCIAÇÃO DE EMPREGADORES;empregadores;Activa;1978-02-08;1978-06-15
5.308.1;ASSOCIAÇÃO DO NORTE DOS COMERCIANTES INDUST. ENGARRAF.E EXPORTUGUESA DE VINHOS E BEBIDAS ESPIRITUOSAS;ANCEVE;registo;ASSOCIAÇÃO DE EMPREGADORES;empregadores;Activa;1983-02-15;1983-02-15
5.195.1;ASSOCIAÇÃO DO NORTE DOS IMP. ARMAZENISTAS DE PRODUTOS QUIMICOS E FARMACEUTICOS;NORQUIFAR;registo;ASSOCIAÇÃO DE EMPREGADORES;empregadores;Activa;1988-08-15;2006-05-08
5.195.0;ASSOCIAÇÃO DO NORTE DOS IMPORTADORES ARMAZENISTAS DE PROD.QUIMICOS E FARMACEUTICOS;NORTEIMPORTADORES;recurso;ASSOCIAÇÃO DE EMPREGADORES;empregadores;Activa;1975-11-24;1977-06-08
5.23.0;ASSOCIAÇÃO DO RAMO AUTOMÓVEL DO NORTE;ARAN;registo;ASSOCIAÇÃO DE EMPREGADORES;empregadores;Activa;1975-10-15;1976-03-19
5.114.0;ASSOCIAÇÃO DO SUL DOS DEPOSITÁRIOS, IMPORTADORES E EXPORTADORES DE TABACOS;SULDEPOSITARIOS;recurso;ASSOCIAÇÃO DE EMPREGADORES;empregadores;Activa;1975-09-03;2001-12-29
5.210.2;ASSOCIAÇÃO DOS AGENTES DE NAVEGAÇÃO;AGENOR;registo;ASSOCIAÇÃO DE EMPREGADORES;empregadores;Extinta;1992-03-15;2012-08-08
5.554.1;ASSOCIAÇÃO DOS AGENTES DE NAVEGAÇÃO DE PORTUGAL;AGEPOR;registo;ASSOCIAÇÃO DE EMPREGADORES;empregadores;Activa;2023-10-12;2024-05-29
5.63.0;ASSOCIAÇÃO DOS AGENTES DE NAVEGAÇÃO DO CENTRO DE PORTUGAL;AGENTESNAVEGACAO;recurso;ASSOCIAÇÃO DE EMPREGADORES;empregadores;Extinta;1975-12-26;1975-12-26
5.210.1;ASSOCIAÇÃO DOS AGENTES DE NAVEGAÇÃO DO NORTE DE PORTUGAL;AGENTESNAVEGACAO;recurso;ASSOCIAÇÃO DE EMPREGADORES;empregadores;Extinta;1980-10-30;2002-12-15
5.210.0;ASSOCIAÇÃO DOS AGENTES DE NAVEGAÇÃO DO PORTO E LEIXÕES;AGENTESNAVEGACAO;recurso;ASSOCIAÇÃO DE EMPREGADORES;empregadores;Extinta;1975-10-01;2002-12-15
5.328.0;ASSOCIAÇÃO DOS AGENTES DE NAVEGAÇÃO E EMPRESAS DE TRÁFEGO E ESTIVA DO SUL;ANESUL;registo;ASSOCIAÇÃO DE EMPREGADORES;empregadores;Activa;1980-07-15;1980-07-15
5.328.2;ASSOCIAÇÃO DOS AGENTES DE NAVEGAÇÃO E EMPRESAS OPERADORAS PORTUÁRIAS;ANESUL;registo;ASSOCIAÇÃO DE EMPREGADORES;empregadores;Activa;2002-10-29;2024-02-15
5.328.1;ASSOCIAÇÃO DOS AGENTES DE NAVEGAÇÃO E EMPRESAS OPERADORAS PORTUÁRIAS DO SUL;ANESUL;registo;ASSOCIAÇÃO DE EMPREGADORES;empregadores;Activa;1984-04-15;1989-08-15
5.184.0;ASSOCIAÇÃO DOS AGENTES DE TRÁFEGO DE MERCADORIAS NOS PORTOS DO DOURO E LEIXÕES;AGENTESTRAFEGO;recurso;ASSOCIAÇÃO DE EMPREGADORES;empregadores;Extinta;1975-11-20;1985-04-15
5.339.0;ASSOCIAÇÃO DOS AGENTES DE TRÁFEGO, ESTIVA E DESESTIVA DO PORTO DE AVEIRO;AGENTESTRAFEGOESTIVA;recurso;ASSOCIAÇÃO DE EMPREGADORES;empregadores;Activa;1981-09-30;1981-09-30
5.411.1;ASSOCIAÇÃO DOS AGENTES FUNERÁRIOS DA REGIÃO DO NORTE(AAFRN);AAFRN;registo;ASSOCIAÇÃO DE EMPREGADORES;empregadores;Activa;1998-10-15;1998-10-15
5.411.2;ASSOCIAÇÃO DOS AGENTES FUNERÁRIOS DE PORTUGAL;AAFRN;registo;ASSOCIAÇÃO DE EMPREGADORES;empregadores;Activa;2001-10-22;2020-04-22
5.304.0;ASSOCIAÇÃO DOS AGENTES FUNERÁRIOS DO DISTRITO DE FARO;AGENTESFUNERARIOS;recurso;ASSOCIAÇÃO DE EMPREGADORES;empregadores;Extinta;1977-10-08;2012-07-29
5.411.0;ASSOCIAÇÃO DOS AGENTES FUNERÁRIOS DO DISTRITO DO PORTO;AAFDP;registo;ASSOCIAÇÃO DE EMPREGADORES;empregadores;Activa;1988-01-30;1988-01-30
5.396.0;ASSOCIAÇÃO DOS AGRICULTORES DA LEZIRIA GRANDE DE VILA FRANCA DE XIRA;ALFRANXIRA;registo;ASSOCIAÇÃO DE EMPREGADORES;empregadores;Extinta;1986-04-30;1991-02-28
5.371.0;ASSOCIAÇÃO DOS AGRICULTORES DE CORUCHE E VALE DO SORRAIA;AGRICULTORESCORUCHE;recurso;ASSOCIAÇÃO DE EMPREGADORES;empregadores;Activa;1984-07-15;2023-11-22
5.391.0;ASSOCIAÇÃO DOS AGRICULTORES DE GRÂNDOLA;AGRICULTORESGRANDOLA;recurso;ASSOCIAÇÃO DE EMPREGADORES;empregadores;Activa;1985-11-15;2022-11-29
5.365.0;ASSOCIAÇÃO DOS AGRICULTORES DE MOURA;AGRICULTORESMOURA;recurso;ASSOCIAÇÃO DE EMPREGADORES;empregadores;Extinta;1984-02-15;2011-11-15
5.321.0;ASSOCIAÇÃO DOS AGRICULTORES DO BAIXO ALENTEJO;AGRICULTORESBAIXO;recurso;ASSOCIAÇÃO DE EMPREGADORES;empregadores;Activa;1979-01-22;2025-03-15
5.315.0;ASSOCIAÇÃO DOS AGRICULTORES DO CONCELHO DE AZAMBUJA;AGRICULTORESCONCELHO;recurso;ASSOCIAÇÃO DE EMPREGADORES;empregadores;Extinta;1978-08-29;2012-06-22
5.445.0;ASSOCIAÇÃO DOS AGRICULTORES DO CONCELHO DE MAFRA;AGRICULTORESCONCELHO;recurso;ASSOCIAÇÃO DE EMPREGADORES;empregadores;Activa;1990-11-15;2023-08-15
5.368.0;ASSOCIAÇÃO DOS AGRICULTORES DO CONCELHO DE SERPA;AGRICULTORESCONCELHO;recurso;ASSOCIAÇÃO DE EMPREGADORES;empregadores;Extinta;1984-04-30;2024-02-22
5.360.0;ASSOCIAÇÃO DOS AGRICULTORES DO CONCELHO DE VILA REAL;AGRICULTORESCONCELHO;recurso;ASSOCIAÇÃO DE EMPREGADORES;empregadores;Activa;1983-06-30;2025-03-29
5.435.0;ASSOCIAÇÃO DOS AGRICULTORES DO DISTRITO DE PORTALEGRE (AADP);AADP;registo;ASSOCIAÇÃO DE EMPREGADORES;empregadores;Activa;1990-03-15;2024-12-22
5.428.0;ASSOCIAÇÃO DOS AGRICULTORES DO DISTRITO DE SETÚBAL;AGRICULTORESDISTRITO;recurso;ASSOCIAÇÃO DE EMPREGADORES;empregadores;Activa;1989-07-30;2023-07-08
5.302.0;ASSOCIAÇÃO DOS AGRICULTORES DO RIBATEJO;AGRICULTORESRIBATEJO;recurso;ASSOCIAÇÃO DE EMPREGADORES;empregadores;Activa;1978-11-15;2007-12-08
5.302.1;ASSOCIAÇÃO DOS AGRICULTORES DO RIBATEJO - ORGANIZAÇÃO DE EMPREGADORES DOS DISTRITOS DE SANTARÉM, LISBOA E LEIRIA;AGRICULTORESRIBATEJO;recurso;ASSOCIAÇÃO DE EMPREGADORES;empregadores;Activa;2008-03-15;2025-05-08
5.406.0;ASSOCIAÇÃO DOS AGRICULTORES DOS CONCELHOS DE ABRANTES, CONSTÂNCIA, S.A.RDOAL E MAÇÃO;AGRICULTORES;recurso;ASSOCIAÇÃO DE EMPREGADORES;empregadores;Activa;1987-07-30;2010-08-08
5.406.1;ASSOCIAÇÃO DOS AGRICULTORES DOS CONCELHOS DE ABRANTES, CONSTÂNCIA, S.A.RDOAL E MAÇÃO;AGRICULTORES;recurso;ASSOCIAÇÃO DE EMPREGADORES;empregadores;Activa;2012-01-17;2025-03-29
5.375.0;ASSOCIAÇÃO DOS AGRICULTORES LIVRES DE ALJUSTREL;AGRICULTORESLIVRES;recurso;ASSOCIAÇÃO DE EMPREGADORES;empregadores;Extinta;1984-10-30;2012-03-08
5.394.1;ASSOCIAÇÃO DOS AGRICULTORES RENDEIROS DOS DISTRITO DE LISBOA E SANTAREM;AGRICULTORES;recurso;ASSOCIAÇÃO DE EMPREGADORES;empregadores;Extinta;1987-03-30;2016-08-29
5.394.0;ASSOCIAÇÃO DOS AGRICULTORES-RENDEIROS DOS CONCELHOS DE VILA FRANCA DE XIRA, BENAVENTE E SALVATERRA DE MAGOS;AGRICULTORES;recurso;ASSOCIAÇÃO DE EMPREGADORES;empregadores;Extinta;1986-03-15;1986-03-15
5.338.0;ASSOCIAÇÃO DOS ARMADORES DA PESCA DO GUADIANA;ARMADORESPESCA;recurso;ASSOCIAÇÃO DE EMPREGADORES;empregadores;Activa;1981-08-15;2010-03-08
5.1.0;ASSOCIAÇÃO DOS ARMADORES DA PESCA LONGÍNQUA;ADAPLA;registo;ASSOCIAÇÃO DE EMPREGADORES;empregadores;Extinta;1978-04-29;1994-07-15
5.414.0;ASSOCIAÇÃO DOS ARMADORES DA PESCA, LOCAL, COSTEIRA E LARGO DA ZONA OESTE;AAPLCLZO;registo;ASSOCIAÇÃO DE EMPREGADORES;empregadores;Activa;1988-03-15;2024-04-08
5.5.0;ASSOCIAÇÃO DOS ARMADORES DAS PESCAS INDÚSTRIAIS;ADAPI;registo;ASSOCIAÇÃO DE EMPREGADORES;empregadores;Activa;1975-08-27;2026-03-29
5.313.0;ASSOCIAÇÃO DOS ARMADORES DE PESCA ARTESANAL E DE PESCA INDUSTRIAL COM EMBARCAÇÕES NÃO AGREMIADAS DE VILA DO CONDE E POVOA DO VARZIM;ARMADORESPESCA;recurso;ASSOCIAÇÃO DE EMPREGADORES;empregadores;Extinta;1978-09-15;1978-09-15
5.395.0;ASSOCIAÇÃO DOS ARMADORES DE PESCA DE SESIMBRA;AAPSIA;registo;ASSOCIAÇÃO DE EMPREGADORES;empregadores;Extinta;1986-04-15;1986-10-30
5.4.0;ASSOCIAÇÃO DOS ARMADORES DE TRÁFEGO FLUVIAL;ARMADORESTRAFEGO;recurso;ASSOCIAÇÃO DE EMPREGADORES;empregadores;Activa;1976-12-21;2006-07-15
5.4.1;ASSOCIAÇÃO DOS ARMADORES DE TRÁFEGO FLUVIAL E LOCAL;ARMADORESTRAFEGO;recurso;ASSOCIAÇÃO DE EMPREGADORES;empregadores;Activa;2009-06-05;2023-01-15
5.104.0;ASSOCIAÇÃO DOS ARMAZENISTAS DE TABACOS DO NORTE;ARMAZENISTASTABACOS;recurso;ASSOCIAÇÃO DE EMPREGADORES;empregadores;Extinta;1975-09-03;2001-08-29
5.104.1;ASSOCIAÇÃO DOS ARMAZENISTAS DE TABACOS DO NORTE;ARMAZENISTASTABACOS;recurso;ASSOCIAÇÃO DE EMPREGADORES;empregadores;Extinta;2013-01-08;2013-01-08
5.283.0;ASSOCIAÇÃO DOS ARMAZENISTAS, EXPORTADORES E REFINADORES DE AZEITE;ARMAZENISTAS;recurso;ASSOCIAÇÃO DE EMPREGADORES;empregadores;Activa;1976-09-21;1976-09-21
5.421.0;ASSOCIAÇÃO DOS ARMEIROS DE PORTUGAL;ARMEIROS;recurso;ASSOCIAÇÃO DE EMPREGADORES;empregadores;Activa;1988-11-30;2020-07-22
5.216.0;ASSOCIAÇÃO DOS BARBEIROS E CABELEIREIROS DO DISTRITO DE BRAGA;BARBEIROS;recurso;ASSOCIAÇÃO DE EMPREGADORES;empregadores;Activa;1976-12-23;2012-02-22
5.198.0;ASSOCIAÇÃO DOS BARBEIROS E CABELEIREIROS DO NORTE;BARBEIROS;recurso;ASSOCIAÇÃO DE EMPREGADORES;empregadores;Activa;1976-01-22;1999-09-29
5.198.2;ASSOCIAÇÃO DOS CABELEIREIROS DE PORTUGAL;CABELEIREIROS;recurso;ASSOCIAÇÃO DE EMPREGADORES;empregadores;Activa;1999-03-08;2022-06-15
5.378.0;ASSOCIAÇÃO DOS CABELEIREIROS DO DISTRITO DE LEIRIA;CABELEIREIROS;recurso;ASSOCIAÇÃO DE EMPREGADORES;empregadores;Activa;1985-03-15;1985-03-15
5.198.1;ASSOCIAÇÃO DOS CABELEIREIROS DO NORTE;CABELEIREIROSNORTE;recurso;ASSOCIAÇÃO DE EMPREGADORES;empregadores;Activa;1998-11-15;1998-11-15
5.125.0;ASSOCIAÇÃO DOS CABELEIREIROS E BARBEARIAS DO SUL;CABELEIREIROS;recurso;ASSOCIAÇÃO DE EMPREGADORES;empregadores;Activa;1975-09-18;1988-04-30
5.334.1;ASSOCIAÇÃO DOS COMERCIANTES DA REGIÃO DO ALGARVE;ACRAL;registo;ASSOCIAÇÃO DE EMPREGADORES;empregadores;Activa;1987-12-15;1998-11-30
5.151.0;ASSOCIAÇÃO DOS COMERCIANTES DE ADORNOS E UTILIDADES DO DISTRITO DE LISBOA;COMERCIANTESADORNOS;recurso;ASSOCIAÇÃO DE EMPREGADORES;empregadores;Activa;1975-10-14;2024-07-22
5.147.0;ASSOCIAÇÃO DOS COMERCIANTES DE APRESTOS MARÍTIMOS, CORDOARIA E SACARIA DE LISBOA;COMERCIANTESAPRESTOS;recurso;ASSOCIAÇÃO DE EMPREGADORES;empregadores;Extinta;1975-09-15;2012-08-08
5.148.0;ASSOCIAÇÃO DOS COMERCIANTES DE ARTIGOS FUNERÁRIOS E RELIGIOSOS DO DISTRITO DE LISBOA;COMERCIANTESARTIGOS;recurso;ASSOCIAÇÃO DE EMPREGADORES;empregadores;Extinta;1975-09-22;2011-08-15
5.255.1;ASSOCIAÇÃO DOS COMERCIANTES DE CARNES DE PORTUGAL;ACCP;registo;ASSOCIAÇÃO DE EMPREGADORES;empregadores;Activa;2023-09-29;2023-09-29
5.255.0;ASSOCIAÇÃO DOS COMERCIANTES DE CARNES DO CONCELHO DE LISBOA E OUTROS;COMERCIANTESCARNES;recurso;ASSOCIAÇÃO DE EMPREGADORES;empregadores;Activa;1975-03-14;2022-04-15
5.130.0;ASSOCIAÇÃO DOS COMERCIANTES DE CARNES DO DISTRITO DE BRAGA;COMERCIANTESCARNES;recurso;ASSOCIAÇÃO DE EMPREGADORES;empregadores;Extinta;1977-07-08;2011-10-15
5.199.0;ASSOCIAÇÃO DOS COMERCIANTES DE CARNES DO DISTRITO DE LEIRIA;COMERCIANTESCARNES;recurso;ASSOCIAÇÃO DE EMPREGADORES;empregadores;Extinta;1977-07-08;2023-12-22
5.325.0;ASSOCIAÇÃO DOS COMERCIANTES DE CARNES DO DISTRITO DE SANTARÉM;COMERCIANTESCARNES;recurso;ASSOCIAÇÃO DE EMPREGADORES;empregadores;Activa;1979-09-08;2008-07-08
5.337.2;ASSOCIAÇÃO DOS COMERCIANTES DE CARNES DO NORTE DE PORTUGAL;COMERCIANTESCARNES;recurso;ASSOCIAÇÃO DE EMPREGADORES;empregadores;Activa;1994-05-30;2010-10-29
5.337.0;ASSOCIAÇÃO DOS COMERCIANTES DE CARNES DO PORTO;COMERCIANTESCARNES;recurso;ASSOCIAÇÃO DE EMPREGADORES;empregadores;Activa;1981-01-30;1981-02-07
5.337.1;ASSOCIAÇÃO DOS COMERCIANTES DE CARNES DO PORTO E OUTROS;COMERCIANTESCARNES;recurso;ASSOCIAÇÃO DE EMPREGADORES;empregadores;Activa;1981-10-30;1981-10-30
5.144.0;ASSOCIAÇÃO DOS COMERCIANTES DE COMBUSTÍVEIS DOMÉSTICOS DO DISTRITO DE LISBOA;COMERCIANTES;recurso;ASSOCIAÇÃO DE EMPREGADORES;empregadores;Extinta;1975-09-15;2011-04-22
5.107.0;ASSOCIAÇÃO DOS COMERCIANTES DE EQUIPAMENTOS CIENTÍFICOS DO DISTRITO DE LISBOA;COMERCIANTES;recurso;ASSOCIAÇÃO DE EMPREGADORES;empregadores;Extinta;1975-09-16;2000-04-22
5.143.0;ASSOCIAÇÃO DOS COMERCIANTES DE FERRO,FERRAGENS E METAIS DO DISTRITO DE LISBOA;COMERCIANTESFERRO;recurso;ASSOCIAÇÃO DE EMPREGADORES;empregadores;Activa;1975-09-15;2023-06-22
5.157.0;ASSOCIAÇÃO DOS COMERCIANTES DE MÁQUINAS E ACESSÓRIOS DO DISTRITO DE LISBOA;COMERCIANTESMAQUINAS;recurso;ASSOCIAÇÃO DE EMPREGADORES;empregadores;Activa;1975-09-02;2024-09-29
5.109.0;ASSOCIAÇÃO DOS COMERCIANTES DE MATERIAIS DE CONSTRUÇÃO DE LISBOA;COMERCIANTES;recurso;ASSOCIAÇÃO DE EMPREGADORES;empregadores;Extinta;1975-09-11;2012-02-22
5.54.0;ASSOCIAÇÃO DOS COMERCIANTES DE OURIVESARIA E RELOJOARIA DO SUL;COMERCIANTES;recurso;ASSOCIAÇÃO DE EMPREGADORES;empregadores;Activa;1975-12-16;2023-02-22
5.94.0;ASSOCIAÇÃO DOS COMERCIANTES DE PESCADO;ACOPE;registo;ASSOCIAÇÃO DE EMPREGADORES;empregadores;Extinta;1976-01-27;2013-05-15
5.49.0;ASSOCIAÇÃO DOS COMERCIANTES DE PRODUTOS ALIMENTARES DO NORTE;ACPAN;registo;ASSOCIAÇÃO DE EMPREGADORES;empregadores;Extinta;1975-10-28;2011-07-22
5.146.0;ASSOCIAÇÃO DOS COMERCIANTES DE PRODUTOS HORTÍCOLAS, FRUTAS, FLORES, SEMENTES, PLANTAS, PEIXE E CRIAÇÃO DO DISTRITO DE LISBOA;COMERCIANTESPRODUTOS;recurso;ASSOCIAÇÃO DE EMPREGADORES;empregadores;Activa;1975-10-15;2013-11-29
5.231.0;ASSOCIAÇÃO DOS COMERCIANTES DE SETÚBAL;COMERCIANTESSETUBAL;recurso;ASSOCIAÇÃO DE EMPREGADORES;empregadores;Activa;1977-06-22;2000-08-22
5.409.0;ASSOCIAÇÃO DOS COMERCIANTES DE SUINOS;ACS;registo;ASSOCIAÇÃO DE EMPREGADORES;empregadores;Extinta;1987-10-15;2014-12-08
5.233.0;ASSOCIAÇÃO DOS COMERCIANTES DE TORRES NOVAS, ENTRONCAMENTO E ALCANENA;COMERCIANTESTORRES;recurso;ASSOCIAÇÃO DE EMPREGADORES;empregadores;Extinta;1977-08-08;1977-09-08
5.149.0;ASSOCIAÇÃO DOS COMERCIANTES DE VESTUÁRIO, CALÇADO E ARTIGOS DE PELE DO DISTRITO DE LISBOA;COMERCIANTES;recurso;ASSOCIAÇÃO DE EMPREGADORES;empregadores;Activa;1975-09-15;2000-05-08
5.430.0;ASSOCIAÇÃO DOS COMERCIANTES DO CENTRO COMERCIAL CAMPO ALEGRE;COMERCIANTESCENTRO;recurso;ASSOCIAÇÃO DE EMPREGADORES;empregadores;Extinta;1989-10-16;2011-11-15
5.197.0;ASSOCIAÇÃO DOS COMERCIANTES DO CONCELHO DA MAIA;COMERCIANTESCONCELHO;recurso;ASSOCIAÇÃO DE EMPREGADORES;empregadores;Activa;1977-07-08;1977-07-08
5.232.0;ASSOCIAÇÃO DOS COMERCIANTES DO CONCELHO DE CORUCHE;COMERCIANTESCONCELHO;recurso;ASSOCIAÇÃO DE EMPREGADORES;empregadores;Activa;1977-06-15;1977-06-15
5.191.0;ASSOCIAÇÃO DOS COMERCIANTES DO CONCELHO DE LOULÉ;COMERCIANTESCONCELHO;recurso;ASSOCIAÇÃO DE EMPREGADORES;empregadores;Extinta;1977-08-22;1980-06-29
5.229.0;ASSOCIAÇÃO DOS COMERCIANTES DO CONCONCELHO DE MONTIJO E ALCOCHETE;COMERCIANTES;recurso;ASSOCIAÇÃO DE EMPREGADORES;empregadores;Extinta;1977-08-08;1979-07-08
5.334.0;ASSOCIAÇÃO DOS COMERCIANTES DO DISTRITO DE FARO;COMERCIANTESDISTRITO;recurso;ASSOCIAÇÃO DE EMPREGADORES;empregadores;Activa;1980-06-29;2006-08-08
5.231.1;ASSOCIAÇÃO DOS COMERCIANTES DO DISTRITO DE SETÚBAL;COMERCIANTESDISTRITO;recurso;ASSOCIAÇÃO DE EMPREGADORES;empregadores;Activa;1980-12-30;1980-12-30
5.180.0;ASSOCIAÇÃO DOS COMERCIANTES DO PORTO;COMERCIANTESPORTO;recurso;ASSOCIAÇÃO DE EMPREGADORES;empregadores;Activa;1977-08-08;2024-03-08
5.232.1;ASSOCIAÇÃO DOS COMERCIANTES DOS CONCELHOS DE CORUCHE E SALVATERRA DE MAGOS;COMERCIANTES;recurso;ASSOCIAÇÃO DE EMPREGADORES;empregadores;Activa;1985-05-30;2023-07-22
5.246.1;ASSOCIAÇÃO DOS COMERCIANTES E INDÚSTRIAIS DO CONCELHO DE MONCORVO;ACIM;registo;ASSOCIAÇÃO DE EMPREGADORES;empregadores;Activa;2011-10-26;2011-11-22
5.246.3;ASSOCIAÇÃO DOS COMERCIANTES E INDÚSTRIAIS DO CONCELHO DE MONCORVO;ACIM;registo;ASSOCIAÇÃO DE EMPREGADORES;empregadores;Activa;2014-10-10;2020-12-15
5.468.0;ASSOCIAÇÃO DOS COMERCIANTES E INDÚSTRIAIS DO CONCELHO DE SESIMBRA;COMERCIANTES;recurso;ASSOCIAÇÃO DE EMPREGADORES;empregadores;Extinta;1993-05-30;2024-11-22
5.246.2;ASSOCIAÇÃO DOS COMERCIANTES E INDÚSTRIAIS DO CONCELHO DE TORRE DE MONCORVO;ACIM;registo;ASSOCIAÇÃO DE EMPREGADORES;empregadores;Activa;2012-04-22;2012-04-22
5.331.0;ASSOCIAÇÃO DOS COMERCIANTES E INDÚSTRIAS DE BEBIDAS ESPIRITUOSAS E VINHOS;ACIBEV;registo;ASSOCIAÇÃO DE EMPREGADORES;empregadores;Activa;1981-09-30;2014-06-08
5.138.0;ASSOCIAÇÃO DOS COMERCIANTES E TRANSFORMADORES DE RAMAS TEXTEIS;COMERCIANTES;recurso;ASSOCIAÇÃO DE EMPREGADORES;empregadores;Extinta;1975-09-24;2013-07-29
5.108.0;ASSOCIAÇÃO DOS COMERCIANTES NOS MERCADOS DE LISBOA;COMERCIANTESMERCADOS;recurso;ASSOCIAÇÃO DE EMPREGADORES;empregadores;Activa;1975-09-03;2023-03-25
5.226.0;ASSOCIAÇÃO DOS COMERCIANTES RETALHISTAS DO CON. DA MARINHA GRANDE;COMERCIANTES;recurso;ASSOCIAÇÃO DE EMPREGADORES;empregadores;Activa;1977-08-08;1977-08-08
5.220.0;ASSOCIAÇÃO DOS COMERCIANTES RETALHISTAS DOS CONCELHOS DE FARO E SAO BRÁS DE ALPORTEL;COMERCIANTES;recurso;ASSOCIAÇÃO DE EMPREGADORES;empregadores;Extinta;1977-07-08;1980-06-29
5.233.1;ASSOCIAÇÃO DOS COMERCIANTES RETALHISTAS DOS CONCELHOS DE TORRES NOVAS, ENTRONCAMENTO, ALCANENA E GOLEGÃ;COMERCIANTES;recurso;ASSOCIAÇÃO DE EMPREGADORES;empregadores;Extinta;1979-12-29;1979-12-29
5.145.0;ASSOCIAÇÃO DOS COMERCIANTES REVENDEDORES DE LOTARIA DO DISTRITO DE LISBOA;COMERCIANTES;recurso;ASSOCIAÇÃO DE EMPREGADORES;empregadores;Activa;1975-09-03;2003-04-22
5.285.0;ASSOCIAÇÃO DOS CRIADORES DE COELHOS DE PORTUGAL;CRIADORESCOELHOS;recurso;ASSOCIAÇÃO DE EMPREGADORES;empregadores;Extinta;1976-10-15;1991-09-24
5.8.0;ASSOCIAÇÃO DOS DISTRIBUIDORES DE PRODUTOS ALIMENTARES;ADIPA;registo;ASSOCIAÇÃO DE EMPREGADORES;empregadores;Activa;1975-08-09;2024-01-29
5.454.0;ASSOCIAÇÃO DOS EMPRESÁRIOS DA REGIÃO DA ERICEIRA;EMPRESARIOSREGIAO;recurso;ASSOCIAÇÃO DE EMPREGADORES;empregadores;Extinta;1992-04-15;2013-04-29
5.223.2;ASSOCIAÇÃO DOS ESTABELECIMENTOS DE ENSINO PARTICULAR E COOPERATIVO;AEEP;registo;ASSOCIAÇÃO DE EMPREGADORES;empregadores;Activa;1998-06-30;2025-11-15
5.550.0;ASSOCIAÇÃO DOS ESTABELECIMENTOS DE HOSPEDAGEM DA COSTA D'OIRO;AEHCO;registo;ASSOCIAÇÃO DE EMPREGADORES;empregadores;Extinta;2003-08-08;2011-07-08
5.42.0;ASSOCIAÇÃO DOS EXPORTADORES DE VINHO DO PORTO;AEVP;registo;ASSOCIAÇÃO DE EMPREGADORES;empregadores;Activa;1975-01-22;1975-01-22
5.6.0;ASSOCIAÇÃO DOS FABRICANTES DE ANÚNCIOS LUMINOSOS;AFAL;registo;ASSOCIAÇÃO DE EMPREGADORES;empregadores;Extinta;1975-10-01;2012-03-15
5.18.0;ASSOCIAÇÃO DOS FABRICANTES DE ARMAÇÕES PARA ÓPTICA OCULAR;FABRICANTESARMACOES;recurso;ASSOCIAÇÃO DE EMPREGADORES;empregadores;Extinta;1976-05-03;2014-03-22
5.221.0;ASSOCIAÇÃO DOS FABRICANTES DE CANDEEIROS E ARTIGOS DE MENAGE DO NORTE;FABRICANTES;recurso;ASSOCIAÇÃO DE EMPREGADORES;empregadores;Extinta;1975-10-28;1976-04-20
5.282.0;ASSOCIAÇÃO DOS FABRICANTES DE PAPEL EM MESA PLANA E EQUIPARADOS;FAPEL;registo;ASSOCIAÇÃO DE EMPREGADORES;empregadores;Activa;1976-10-28;1976-10-28
5.353.0;ASSOCIAÇÃO DOS FABRICANTES DE PRODUTOS CÁRNEOS;AFABRICAR;registo;ASSOCIAÇÃO DE EMPREGADORES;empregadores;Extinta;1982-06-30;2008-05-15
5.56.0;ASSOCIAÇÃO DOS FABRICANTES PORTUGUESES DE FECHOS DE CORRER;FABRICANTESFECHOS;recurso;ASSOCIAÇÃO DE EMPREGADORES;empregadores;Extinta;1975-12-17;1977-01-27
5.345.0;ASSOCIAÇÃO DOS HOTEIS DE PORTUGAL;AHP;registo;ASSOCIAÇÃO DE EMPREGADORES;empregadores;Activa;1981-11-30;2007-01-29
5.134.0;ASSOCIAÇÃO DOS HOTEIS DO CENTRO/SUL DE PORTUGAL;HOTEISCENTROSUL;recurso;ASSOCIAÇÃO DE EMPREGADORES;empregadores;Extinta;1975-09-01;1976-02-27
5.205.0;ASSOCIAÇÃO DOS HOTEIS DO NORTE;HOTEISNORTE;recurso;ASSOCIAÇÃO DE EMPREGADORES;empregadores;Extinta;1976-02-28;1979-08-22
5.205.1;ASSOCIAÇÃO DOS HOTEIS DO NORTE DE PORTUGAL;HOTEISNORTE;recurso;ASSOCIAÇÃO DE EMPREGADORES;empregadores;Extinta;1980-12-30;2007-03-15
5.499.0;ASSOCIAÇÃO DOS HOTEIS E EMPREENDIMENTOS TURISTICOS DO ALGARVE;AHETA;registo;ASSOCIAÇÃO DE EMPREGADORES;empregadores;Activa;1995-10-30;2026-09-08
5.129.1;ASSOCIAÇÃO DOS INDÚSTRIAIS DA CONSTRUÇÃO CIVIL E OBRAS PÚBLICAS;AICCOPN;registo;ASSOCIAÇÃO DE EMPREGADORES;empregadores;Activa;1996-03-15;2023-05-29
5.129.0;ASSOCIAÇÃO DOS INDÚSTRIAIS DA CONSTRUÇÃO CIVIL E OBRAS PÚBLICAS DO NORTE;AICCOPN;registo;ASSOCIAÇÃO DE EMPREGADORES;empregadores;Activa;1975-09-18;2002-06-15
5.129.2;ASSOCIAÇÃO DOS INDÚSTRIAIS DA CONSTRUÇÃO CIVIL E OBRAS PÚBLICAS NACIONAL;AICCOPN;registo;ASSOCIAÇÃO DE EMPREGADORES;empregadores;Activa;2025-08-29;2026-06-22
5.251.0;ASSOCIAÇÃO DOS INDÚSTRIAIS DA CONSTRUÇÃO DE EDIFICIOS;AICE;registo;ASSOCIAÇÃO DE EMPREGADORES;empregadores;Activa;1976-02-16;2025-08-08
5.218.1;ASSOCIAÇÃO DOS INDÚSTRIAIS DA PEDRA DO NORTE;AIPGN;registo;ASSOCIAÇÃO DE EMPREGADORES;empregadores;Activa;1992-08-30;2005-08-29
5.45.0;ASSOCIAÇÃO DOS INDÚSTRIAIS DE ALUGUER DE AUTOMÓVEIS SEM CONDUTOR;ARAC;registo;ASSOCIAÇÃO DE EMPREGADORES;empregadores;Activa;1975-09-06;2021-10-22
5.53.0;ASSOCIAÇÃO DOS INDÚSTRIAIS DE ARAME E DE PRODUTOS DERIVADOS;INDUSTRIAISARAME;recurso;ASSOCIAÇÃO DE EMPREGADORES;empregadores;Extinta;1975-10-14;2013-03-15
5.140.1;ASSOCIAÇÃO DOS INDÚSTRIAIS DE AUTOMOVEIS;INDUSTRIAIS;recurso;ASSOCIAÇÃO DE EMPREGADORES;empregadores;Extinta;2003-12-22;2008-06-08
5.484.0;ASSOCIAÇÃO DOS INDÚSTRIAIS DE BOLACHAS E AFINS;AIBA;registo;ASSOCIAÇÃO DE EMPREGADORES;empregadores;Extinta;1988-12-30;2020-04-22
5.28.0;ASSOCIAÇÃO DOS INDÚSTRIAIS DE CARTONAGENS E CORRELATIVOS DO NORTE;INDUSTRIAIS;recurso;ASSOCIAÇÃO DE EMPREGADORES;empregadores;Extinta;1977-09-15;2016-01-26
5.332.0;ASSOCIAÇÃO DOS INDÚSTRIAIS DE CHAPELARIA;INDUSTRIAIS;recurso;ASSOCIAÇÃO DE EMPREGADORES;empregadores;Extinta;1980-06-22;2021-05-29
5.485.0;ASSOCIAÇÃO DOS INDÚSTRIAIS DE CHOCOLATE E AFINS;ACHOC;registo;ASSOCIAÇÃO DE EMPREGADORES;empregadores;Extinta;1988-12-30;1988-12-30
5.485.1;ASSOCIAÇÃO DOS INDÚSTRIAIS DE CHOCOLATES E CONFEITARIA;ACHOC;registo;ASSOCIAÇÃO DE EMPREGADORES;empregadores;Extinta;1993-08-15;2018-01-29
5.306.0;ASSOCIAÇÃO DOS INDÚSTRIAIS DE CONSERVAS DE PEIXE DO NORTE;INDUSTRIAISCONSERVAS;recurso;ASSOCIAÇÃO DE EMPREGADORES;empregadores;Activa;1977-11-29;2000-10-22
5.280.0;ASSOCIAÇÃO DOS INDÚSTRIAIS DE CONSERVAS DE PEIXE DO SUL DE PORTUGAL;INDUSTRIAISCONSERVAS;recurso;ASSOCIAÇÃO DE EMPREGADORES;empregadores;Extinta;1978-08-29;2010-05-08
5.29.0;ASSOCIAÇÃO DOS INDÚSTRIAIS DE CORDOARIA E REDES;INDUSTRIAISCORDOARIA;recurso;ASSOCIAÇÃO DE EMPREGADORES;empregadores;Activa;1975-09-02;2025-07-08
5.167.0;ASSOCIAÇÃO DOS INDÚSTRIAIS DE CORTIÇA DO NORTE;INDUSTRIAISCORTICA;recurso;ASSOCIAÇÃO DE EMPREGADORES;empregadores;Activa;1975-10-28;1975-10-28
5.38.0;ASSOCIAÇÃO DOS INDÚSTRIAIS DE COSMÉTICA;INDUSTRIAISCOSMETICA;recurso;ASSOCIAÇÃO DE EMPREGADORES;empregadores;Activa;1975-08-22;1975-08-22
5.38.1;ASSOCIAÇÃO DOS INDÚSTRIAIS DE COSMÉTICA, PERFUMARIA E HIGIENE CORPORAL E DE ÓLEOS ESSENCIAIS;INDUSTRIAISCOSMETICA;recurso;ASSOCIAÇÃO DE EMPREGADORES;empregadores;Activa;1986-05-30;1987-01-30
5.61.0;ASSOCIAÇÃO DOS INDÚSTRIAIS DE GUARDA-SÓIS E ACESSÓRIOS;SOISEACESSORIOS;derivada;ASSOCIAÇÃO DE EMPREGADORES;empregadores;Extinta;1975-10-28;2011-06-29
5.123.1;ASSOCIAÇÃO DOS INDÚSTRIAIS DE HOSPEDAGEM DE PORTUGAL;AIHP;registo;ASSOCIAÇÃO DE EMPREGADORES;empregadores;Extinta;1990-10-30;2009-03-29
5.123.3;ASSOCIAÇÃO DOS INDÚSTRIAIS DE HOSPEDAGEM DE PORTUGAL;AIHP;registo;ASSOCIAÇÃO DE EMPREGADORES;empregadores;Extinta;;
5.123.0;ASSOCIAÇÃO DOS INDÚSTRIAIS DE HOSPEDAGEM DO CENTRO E SUL DE PORTUGAL;INDUSTRIAIS;recurso;ASSOCIAÇÃO DE EMPREGADORES;empregadores;Extinta;1975-09-01;1976-09-13
5.123.2;ASSOCIAÇÃO DOS INDÚSTRIAIS DE HOTELARIA DE PORTUGAL;AIHP;registo;ASSOCIAÇÃO DE EMPREGADORES;empregadores;Extinta;2006-12-22;2010-05-12
5.260.2;ASSOCIAÇÃO DOS INDÚSTRIAIS DE HOTELARIA E RESTAURAÇÃO DO CENTRO;HRCENTRO;registo;ASSOCIAÇÃO DE EMPREGADORES;empregadores;Extinta;2012-02-08;2013-02-08
5.260.0;ASSOCIAÇÃO DOS INDÚSTRIAIS DE HOTELARIA, RESTAURANTES E SIMILARES DO CENTRO;INDUSTRIAISHOTELARIA;recurso;ASSOCIAÇÃO DE EMPREGADORES;empregadores;Extinta;1976-04-14;2001-12-08
5.44.0;ASSOCIAÇÃO DOS INDÚSTRIAIS DE LACTICÍNIOS;INDUSTRIAIS;recurso;ASSOCIAÇÃO DE EMPREGADORES;empregadores;Activa;1975-09-16;1975-09-16
5.74.0;ASSOCIAÇÃO DOS INDÚSTRIAIS DE LIMPEZA DE CHAMINÉS DO DISTRITO DE LISBOA;INDUSTRIAISLIMPEZA;recurso;ASSOCIAÇÃO DE EMPREGADORES;empregadores;Extinta;1975-09-10;2011-07-08
5.426.0;ASSOCIAÇÃO DOS INDÚSTRIAIS DE MARGARINAS E GORDURAS ALIMENTARES;AIMGA;registo;ASSOCIAÇÃO DE EMPREGADORES;empregadores;Extinta;1989-06-15;1989-06-15
5.39.0;ASSOCIAÇÃO DOS INDÚSTRIAIS DE MARGARINAS E ÓLEOS VEGETAIS;INDUSTRIAIS;recurso;ASSOCIAÇÃO DE EMPREGADORES;empregadores;Extinta;1975-08-26;1987-01-30
5.9.0;ASSOCIAÇÃO DOS INDÚSTRIAIS DE MASSAS ALIMENTÍCIAS, BOLACHAS E CHOCOLATES;INDUSTRIAISMASSAS;recurso;ASSOCIAÇÃO DE EMPREGADORES;empregadores;Extinta;1976-01-02;1988-12-30
5.329.0;ASSOCIAÇÃO DOS INDÚSTRIAIS DE MOAGEM;AIM;registo;ASSOCIAÇÃO DE EMPREGADORES;empregadores;Extinta;1980-07-15;2013-01-22
5.263.0;ASSOCIAÇÃO DOS INDÚSTRIAIS DE MOAGEM DO SUL;INDUSTRIAISMOAGEMSUL;recurso;ASSOCIAÇÃO DE EMPREGADORES;empregadores;Extinta;1976-03-15;2012-03-08
5.140.0;ASSOCIAÇÃO DOS INDÚSTRIAIS DE MONTAGEM DE AUTOMÓVEIS;INDUSTRIAISMONTAGEM;recurso;ASSOCIAÇÃO DE EMPREGADORES;empregadores;Extinta;1975-09-24;1987-09-30
5.41.0;ASSOCIAÇÃO DOS INDÚSTRIAIS DE ÓLEOS ESSENCIAIS;INDUSTRIAISOLEOS;recurso;ASSOCIAÇÃO DE EMPREGADORES;empregadores;Extinta;1975-08-22;1986-05-30
5.64.0;ASSOCIAÇÃO DOS INDÚSTRIAIS DE OURIVESARIA DO SUL;INDUSTRIAIS;recurso;ASSOCIAÇÃO DE EMPREGADORES;empregadores;Activa;1975-10-16;2007-05-29
5.73.0;ASSOCIAÇÃO DOS INDÚSTRIAIS DE OURIVESARIA E RELOJOARIA DO NORTE;INDUSTRIAIS;recurso;ASSOCIAÇÃO DE EMPREGADORES;empregadores;Activa;1975-09-11;2007-08-29
5.257.1;ASSOCIAÇÃO DOS INDÚSTRIAIS DE PANIFICAÇÃO ,PASTELARIA E SIMILARES DO NORTE;AIPAN;registo;ASSOCIAÇÃO DE EMPREGADORES;empregadores;Activa;2001-08-15;2023-07-29
5.256.0;ASSOCIAÇÃO DOS INDÚSTRIAIS DE PANIFICAÇÃO DE LISBOA;INDUSTRIAIS;recurso;ASSOCIAÇÃO DE EMPREGADORES;empregadores;Activa;1976-01-15;2014-03-15
5.330.0;ASSOCIAÇÃO DOS INDÚSTRIAIS DE PANIFICAÇÃO DO ALTO ALENTEJO;ASIMPALA;registo;ASSOCIAÇÃO DE EMPREGADORES;empregadores;Extinta;1980-07-15;2024-05-22
5.257.0;ASSOCIAÇÃO DOS INDÚSTRIAIS DE PANIFICAÇÃO DO NORTE;AIPAN;registo;ASSOCIAÇÃO DE EMPREGADORES;empregadores;Activa;1976-03-08;1998-10-15
5.256.1;ASSOCIAÇÃO DOS INDÚSTRIAIS DE PANIFICAÇÃO, PASTELARIA E SIMILARES DE LISBOA;AIPL;registo;ASSOCIAÇÃO DE EMPREGADORES;empregadores;Activa;2013-08-29;2019-02-15
5.218.0;ASSOCIAÇÃO DOS INDÚSTRIAIS DE PEDREIRAS DE GRANITO DO NORTE;AIPGN;registo;ASSOCIAÇÃO DE EMPREGADORES;empregadores;Activa;1976-01-08;1988-08-15
5.43.0;ASSOCIAÇÃO DOS INDÚSTRIAIS DE PRODUTOS DE CONSERVAÇÃO DE LIMPEZA;INDUSTRIAISPRODUTOS;recurso;ASSOCIAÇÃO DE EMPREGADORES;empregadores;Extinta;1975-08-22;1978-11-15
5.178.1;ASSOCIAÇÃO DOS INDÚSTRIAIS DE PRÓTESE;AIP;registo;ASSOCIAÇÃO DE EMPREGADORES;empregadores;Extinta;1996-07-15;1996-07-15
5.178.2;ASSOCIAÇÃO DOS INDÚSTRIAIS DE PRÓTESE;INDUSTRIAISPROTESE;recurso;ASSOCIAÇÃO DE EMPREGADORES;empregadores;Extinta;2001-11-22;2003-02-28
5.178.0;ASSOCIAÇÃO DOS INDÚSTRIAIS DE PRÓTESE DENTÁRIA;INDUSTRIAISPROTESE;recurso;ASSOCIAÇÃO DE EMPREGADORES;empregadores;Extinta;1975-09-20;2003-06-22
5.178.3;ASSOCIAÇÃO DOS INDÚSTRIAIS DE PRÓTESE DENTÁRIA;INDUSTRIAISPROTESE;recurso;ASSOCIAÇÃO DE EMPREGADORES;empregadores;Extinta;2005-11-29;2024-10-08
5.40.0;ASSOCIAÇÃO DOS INDÚSTRIAIS DE SABÕES E DETERGENTES;INDUSTRIAISSABOES;recurso;ASSOCIAÇÃO DE EMPREGADORES;empregadores;Activa;1975-08-26;1975-08-26
5.40.1;ASSOCIAÇÃO DOS INDÚSTRIAIS DE SABÕES, DETERGENTES E PRODUTOS DE CONSERVAÇÃO E LIMPEZA;AISDPCL;registo;ASSOCIAÇÃO DE EMPREGADORES;empregadores;Activa;1978-11-15;2024-12-15
5.13.0;ASSOCIAÇÃO DOS INDÚSTRIAIS DE SUB-EMPREITEIROS DA CONSTRUÇÃO CIVIL;ASEC;registo;ASSOCIAÇÃO DE EMPREGADORES;empregadores;Extinta;1975-08-22;2013-08-08
5.113.0;ASSOCIAÇÃO DOS INDÚSTRIAIS DE TANOARIA DO NORTE;INDUSTRIAISTANOARIA;recurso;ASSOCIAÇÃO DE EMPREGADORES;empregadores;Extinta;1975-09-22;1992-01-30
5.202.0;ASSOCIAÇÃO DOS INDÚSTRIAIS DE TANOARIA DO SUL;INDUSTRIAISTANOARIA;recurso;ASSOCIAÇÃO DE EMPREGADORES;empregadores;Extinta;1976-10-19;1978-11-07
5.27.0;ASSOCIAÇÃO DOS INDÚSTRIAIS DE TERRAPLANAGENS DO BAIXO ALENTEJO;AIT;registo;ASSOCIAÇÃO DE EMPREGADORES;empregadores;Extinta;1975-09-20;2014-03-29
5.55.1;ASSOCIAÇÃO DOS INDÚSTRIAIS DE TOMATE;AIT;registo;ASSOCIAÇÃO DE EMPREGADORES;empregadores;Extinta;1991-06-15;2020-06-08
5.619.0;ASSOCIAÇÃO DOS INDÚSTRIAIS DE TOMATE;AIT;registo;ASSOCIAÇÃO DE EMPREGADORES;empregadores;Activa;2021-01-11;2021-01-29
5.37.0;ASSOCIAÇÃO DOS INDÚSTRIAIS DE VESTUÁRIO DO SUL;INDUSTRIAISVESTUARIO;recurso;ASSOCIAÇÃO DE EMPREGADORES;empregadores;Extinta;1975-09-04;2000-02-15
5.142.1;ASSOCIAÇÃO DOS INDÚSTRIAIS DE VIDRO DE EMBALAGEM;AIVE;registo;ASSOCIAÇÃO DE EMPREGADORES;empregadores;Extinta;1976-11-23;2006-11-22
5.286.0;ASSOCIAÇÃO DOS INDÚSTRIAIS DE VIDRO DOMÉSTICO E AFINS;INDUSTRIAISVIDRO;recurso;ASSOCIAÇÃO DE EMPREGADORES;empregadores;Extinta;1976-10-13;1984-07-15
5.219.0;ASSOCIAÇÃO DOS INDÚSTRIAIS DO BACALHAU;INDUSTRIAISBACALHAU;recurso;ASSOCIAÇÃO DE EMPREGADORES;empregadores;Activa;1999-05-22;2024-11-22
5.476.1;ASSOCIAÇÃO DOS INDÚSTRIAIS DO ENSINO DA CONDUÇÃO AUTOMÓVEL DE PORTUGAL;ANORECA;registo;ASSOCIAÇÃO DE EMPREGADORES;empregadores;Activa;2008-02-22;2024-06-29
5.476.0;ASSOCIAÇÃO DOS INDÚSTRIAIS DO ENSINO DE CONDUÇÃO AUTOMÓVEL DO NORTE;ANORECA;registo;ASSOCIAÇÃO DE EMPREGADORES;empregadores;Activa;1994-07-15;2006-09-15
5.133.1;ASSOCIAÇÃO DOS INDÚSTRIAIS E EXPORTADORES DE CORTIÇA (A.I.E.C.);AIEC;registo;ASSOCIAÇÃO DE EMPREGADORES;empregadores;Extinta;1999-02-08;2023-05-29
5.167.1;ASSOCIAÇÃO DOS INDÚSTRIAIS E EXPORTADORES DE CORTIÇA DO NORTE;AIECN;registo;ASSOCIAÇÃO DE EMPREGADORES;empregadores;Activa;1978-02-08;1994-05-30
5.85.0;ASSOCIAÇÃO DOS INDÚSTRIAIS E EXPORTADORES DE PRODUTOS RESINOSOS;AIEPR;registo;ASSOCIAÇÃO DE EMPREGADORES;empregadores;Extinta;1975-09-02;2000-10-29
5.211.0;ASSOCIAÇÃO DOS INDÚSTRIAIS HOTELEIROS E SIMILARES DO ALGARVE;INDUSTRIAIS;recurso;ASSOCIAÇÃO DE EMPREGADORES;empregadores;Activa;1975-11-25;1975-11-25
5.211.1;ASSOCIAÇÃO DOS INDÚSTRIAIS HOTELEIROS E SIMILARES DO ALGARVE;AIHSA;registo;ASSOCIAÇÃO DE EMPREGADORES;empregadores;Activa;1982-08-14;2022-02-28
5.156.0;ASSOCIAÇÃO DOS INDÚSTRIAIS METALÚRGICOS E METALOMECÂNICOS DO NORTE;INDUSTRIAIS;recurso;ASSOCIAÇÃO DE EMPREGADORES;empregadores;Activa;1975-09-24;2002-02-22
5.156.1;ASSOCIAÇÃO DOS INDÚSTRIAIS METALÚRGICOS E METALOMECÂNICOS DO NORTE;AIMMN;registo;ASSOCIAÇÃO DE EMPREGADORES;empregadores;Activa;1987-07-15;1998-11-30
5.22.0;ASSOCIAÇÃO DOS INDÚSTRIAIS METALÚRGICOS E METALOMECÂNICOS DO SUL;AIMMS;registo;ASSOCIAÇÃO DE EMPREGADORES;empregadores;Activa;1975-08-09;1994-08-30
5.156.2;ASSOCIAÇÃO DOS INDÚSTRIAIS METALÚRGICOS METALOMECÂNICOS E AFINS DE PORTUGAL;AIMMAP;registo;ASSOCIAÇÃO DE EMPREGADORES;empregadores;Activa;1995-06-21;2025-05-29
5.39.1;ASSOCIAÇÃO DOS INDÚSTRIAIS REFINADORES E EXTRACTORES DE GIRASSOL;AIREG;registo;ASSOCIAÇÃO DE EMPREGADORES;empregadores;Extinta;1990-03-30;2004-05-22
5.408.0;ASSOCIAÇÃO DOS INDÚSTRIAIS REFINADORES E EXTRACTORES DE SOJA;AIRES;registo;ASSOCIAÇÃO DE EMPREGADORES;empregadores;Extinta;1987-09-15;2011-12-29
5.261.1;ASSOCIAÇÃO DOS INDÚSTRIAIS TRANSFORMADORES DE VIDRO PLANO DE PORTUGAL;INDUSTRIAIS;recurso;ASSOCIAÇÃO DE EMPREGADORES;empregadores;Activa;1982-04-30;2018-03-08
5.261.0;ASSOCIAÇÃO DOS INDÚSTRIAIS TRANSFORMADORES DE VIDRO PLANO DO NORTE DE PORTUGAL;INDUSTRIAIS;recurso;ASSOCIAÇÃO DE EMPREGADORES;empregadores;Activa;1976-05-13;1976-05-13
5.480.0;ASSOCIAÇÃO DOS INDÚSTRIAS DE OLARIA DE CORVAL;INDUSTRIASOLARIA;recurso;ASSOCIAÇÃO DE EMPREGADORES;empregadores;Extinta;1994-09-15;2011-08-29
5.58.0;ASSOCIAÇÃO DOS INDUSTRUIAIS DE VESTUÁRIO DO NORTE;INDUSTRUIAIS;recurso;ASSOCIAÇÃO DE EMPREGADORES;empregadores;Activa;1975-08-20;1977-05-26
5.38.2;ASSOCIAÇÃO DOS INDUTRIAIS DE COSMÉTICA, PERFUMARIA E HIGIENE CORPORAL (AIC);AIC;registo;ASSOCIAÇÃO DE EMPREGADORES;empregadores;Activa;1993-02-28;2024-12-15
5.599.0;ASSOCIAÇÃO DOS INSTALADORES DE PORTUGAL;AIPOR;registo;ASSOCIAÇÃO DE EMPREGADORES;empregadores;Activa;2008-05-30;2025-02-28
5.464.0;ASSOCIAÇÃO DOS JOVENS AGRICULTORES DO VALE DO SOUSA;AJAVS;registo;ASSOCIAÇÃO DE EMPREGADORES;empregadores;Extinta;1993-04-15;2024-05-29
5.436.0;ASSOCIAÇÃO DOS JOVENS EMPRESÁRIOS DO VALE DO SOUSA;AJEVS;registo;ASSOCIAÇÃO DE EMPREGADORES;empregadores;Extinta;1990-04-16;1990-04-16
5.436.1;ASSOCIAÇÃO DOS JOVENS EMPRESÁRIOS DO VALE DO SOUSA E TÂMEGA;AJEVST;registo;ASSOCIAÇÃO DE EMPREGADORES;empregadores;Extinta;1990-09-30;2015-01-29
5.311.0;ASSOCIAÇÃO DOS LOJISTAS DO CENTRO COMERCIAL DE IMAVIZ;LOJISTASCENTRO;recurso;ASSOCIAÇÃO DE EMPREGADORES;empregadores;Extinta;1978-02-28;1980-03-06
5.433.0;ASSOCIAÇÃO DOS MEDIADORES DO ALGARVE;AMA;registo;ASSOCIAÇÃO DE EMPREGADORES;empregadores;Extinta;1989-11-15;2013-11-22
5.230.0;ASSOCIAÇÃO DOS MÉDICOS ANALISTAS PROPRIETÁRIOS DE LABORATÓRIOS DE ANÁLISES CLÍNICAS;APOMEPA;registo;ASSOCIAÇÃO DE EMPREGADORES;empregadores;Extinta;1976-05-24;1976-08-18
5.289.0;ASSOCIAÇÃO DOS MÉDICOS RADIOLOGISTAS PROPRIETÁRIOS DE CONSULTÓRIOS DE RADIOLOGIA;MEDICOSRADIOLOGISTAS;recurso;ASSOCIAÇÃO DE EMPREGADORES;empregadores;Extinta;1976-11-26;1976-11-26
5.505.0;ASSOCIAÇÃO DOS MÉDIOS E PEQUENOS EMPRESÁRIOS PORTUGUESES;MEDIOSPEQUENOS;recurso;ASSOCIAÇÃO DE EMPREGADORES;empregadores;Extinta;1996-07-15;2012-04-22
5.313.1;ASSOCIAÇÃO DOS MESTRES PROPRIETÁRIOS DE PESCA ARTESANAL DA ZONA NORTE;MESTRESPROPRIETARIOS;recurso;ASSOCIAÇÃO DE EMPREGADORES;empregadores;Extinta;1978-09-22;1978-09-22
5.417.0;ASSOCIAÇÃO DOS OPERADORES DO PORTO DE LISBOA;AOPL;registo;ASSOCIAÇÃO DE EMPREGADORES;empregadores;Extinta;1988-05-30;2024-05-22
5.397.0;ASSOCIAÇÃO DOS OPERADORES PORTUÁRIOS DO PORTO DE VIANA DO CASTELO;OPERADORESPORTUARIOS;recurso;ASSOCIAÇÃO DE EMPREGADORES;empregadores;Extinta;1986-04-30;2013-08-15
5.466.0;ASSOCIAÇÃO DOS OPERADORES PORTUÁRIOS DO SUL;AOPS;registo;ASSOCIAÇÃO DE EMPREGADORES;empregadores;Activa;1993-04-30;2003-06-08
5.459.0;ASSOCIAÇÃO DOS OPERADORES PORTUÁRIOS DOS PORTOS DO DOURO E LEIXÕES;OPERADORESPORTUARIOS;recurso;ASSOCIAÇÃO DE EMPREGADORES;empregadores;Activa;1992-11-30;2022-05-29
5.539.0;ASSOCIAÇÃO DOS OPERDORES DE FRUTAS DO MERCADO ABASTECEDOR DA REGIÃO DE LISBOA;ASSOMARL;registo;ASSOCIAÇÃO DE EMPREGADORES;empregadores;Activa;2001-02-08;2010-03-15
5.234.0;ASSOCIAÇÃO DOS PEQUENOS E MÉDIOS COMERCIANTES DOS CONCELHOS DO BARREIRO E MOITA;PEQUENOSMEDIOS;recurso;ASSOCIAÇÃO DE EMPREGADORES;empregadores;Activa;1977-07-08;1978-01-29
5.399.0;ASSOCIAÇÃO DOS PRODUTORES DE FILMES PUBLICITÁRIOS;PRODUTORESFILMES;recurso;ASSOCIAÇÃO DE EMPREGADORES;empregadores;Extinta;1986-07-15;1986-07-15
5.405.0;ASSOCIAÇÃO DOS PRODUTORES DE UVA DE MESA DA REGIÃO DO CARREGADO;PRODUTORESUVAMESA;recurso;ASSOCIAÇÃO DE EMPREGADORES;empregadores;Extinta;1987-03-30;2015-05-29
5.399.1;ASSOCIAÇÃO DOS PRODUTORES/REALIZADORES DE FILMES PUBLICITÁRIOS;APRFP;registo;ASSOCIAÇÃO DE EMPREGADORES;empregadores;Extinta;1988-07-15;2013-11-08
5.540.0;ASSOCIAÇÃO DOS PROFISSIONAIS ESPECIALISTAS EM MEDICINA TRADICIONAL;ASPEMT;registo;ASSOCIAÇÃO DE EMPREGADORES;empregadores;Extinta;2001-07-15;2011-11-22
5.299.0;ASSOCIAÇÃO DOS QUIMICO-FARMACÊUTICOS ANALISTAS PROPRIETÁRIOS DE LABORATÓRIOS DE ANÁLISES CLINICAS;QUIMICOFARMACEUTICOS;recurso;ASSOCIAÇÃO DE EMPREGADORES;empregadores;Activa;1977-06-15;1997-04-30
5.626.0;ASSOCIAÇÃO DOS RECAUCHUTADORES DE PORTUGAL;ARP;registo;ASSOCIAÇÃO DE EMPREGADORES;empregadores;Activa;2025-06-15;2026-01-05
5.83.0;ASSOCIAÇÃO DOS REPARADORES DE AUTOMÓVEIS DO SUL;REPARADORES;recurso;ASSOCIAÇÃO DE EMPREGADORES;empregadores;Activa;1975-10-15;1982-07-30
5.583.0;ASSOCIAÇÃO DOS RESORTS DO ALENTEJO LITORAL;AREAL;registo;ASSOCIAÇÃO DE EMPREGADORES;empregadores;Extinta;2006-05-29;2026-05-15
5.204.0;ASSOCIAÇÃO DOS RESTAURANTES E CAFÉS DO NORTE;RESTAURANTESCAFES;recurso;ASSOCIAÇÃO DE EMPREGADORES;empregadores;Extinta;1976-03-02;1992-01-15
5.135.1;ASSOCIAÇÃO DOS RESTAURANTES E SIMILARES DE PORTUGAL;ARESP;registo;ASSOCIAÇÃO DE EMPREGADORES;empregadores;Extinta;1990-02-28;1997-01-30
5.135.0;ASSOCIAÇÃO DOS RESTAURANTES E SIMILARES DO CENTRO/SUL DE PORTUGAL;RESTAURANTES;recurso;ASSOCIAÇÃO DE EMPREGADORES;empregadores;Extinta;1975-09-01;1983-04-30
5.204.1;ASSOCIAÇÃO DOS RESTAURANTES, CAFÉS E SIMILARES DO NORTE DE PORTUGAL;RESTAURANTESCAFES;recurso;ASSOCIAÇÃO DE EMPREGADORES;empregadores;Extinta;1996-02-15;2007-07-15
5.432.0;ASSOCIAÇÃO DOS RETALHISTAS DE CARNES DO DISTRITO DO PORTO (A.R.C.D.P.);ARCDP;registo;ASSOCIAÇÃO DE EMPREGADORES;empregadores;Extinta;1989-11-15;2020-08-15
5.343.0;ASSOCIAÇÃO DOS SHIPCHANDLERS DE PORTUGAL;SHIPCHANDLERS;recurso;ASSOCIAÇÃO DE EMPREGADORES;empregadores;Extinta;1981-12-15;2014-07-08
5.57.1;ASSOCIAÇÃO DOS TRANSITÁRIOS DE PORTUGAL;APAT;registo;ASSOCIAÇÃO DE EMPREGADORES;empregadores;Activa;1994-10-15;2026-08-31
5.555.0;ASSOCIAÇÃO DOS TRANSPORTADORES DE DOENTES EM AMBULÂNCIA;ATDA;registo;ASSOCIAÇÃO DE EMPREGADORES;empregadores;Extinta;2004-04-08;2011-02-22
5.412.0;ASSOCIAÇÃO DOS TREFILADORES DE PORTUGAL;TREFILADORES;recurso;ASSOCIAÇÃO DE EMPREGADORES;empregadores;Activa;1988-02-15;2026-04-29
5.422.0;ASSOCIAÇÃO DOS VIVEIRISTAS DE BIVALVES DA LAGOA DE ALBUFEIRA;VIVEIRISTASBIVALVES;recurso;ASSOCIAÇÃO DE EMPREGADORES;empregadores;Extinta;1988-12-15;2013-05-29
5.570.1;ASSOCIAÇÃO EMPRESARIAL BEIRA ALTA;ACIS;registo;ASSOCIAÇÃO DE EMPREGADORES;empregadores;Activa;2021-05-08;2023-07-26
5.235.3;ASSOCIAÇÃO EMPRESARIAL DA BEIRA BAIXA;ACICB;registo;ASSOCIAÇÃO DE EMPREGADORES;empregadores;Activa;2014-06-08;2015-04-29
5.228.1;ASSOCIAÇÃO EMPRESARIAL DA COVILHÃ, BELMONTE E PENAMACOR;AECBP;registo;ASSOCIAÇÃO DE EMPREGADORES;empregadores;Activa;2001-07-15;2025-08-22
5.197.2;ASSOCIAÇÃO EMPRESARIAL DA MAIA;AEMAIA;registo;ASSOCIAÇÃO DE EMPREGADORES;empregadores;Activa;2002-09-08;2022-05-22
5.182.2;ASSOCIAÇÃO EMPRESARIAL DA PÓVOA DE VARZIM;EMPRESARIALPOVOA;recurso;ASSOCIAÇÃO DE EMPREGADORES;empregadores;Activa;2010-03-22;2024-07-22
5.460.1;ASSOCIAÇÃO EMPRESARIAL DA REGIÃO TÂMEGA;EMPRESARIALREGIAO;recurso;ASSOCIAÇÃO DE EMPREGADORES;empregadores;Extinta;2008-06-08;2012-02-08
5.497.2;ASSOCIAÇÃO EMPRESARIAL DA SERRA DA ESTRELA (AESE);AESE;registo;ASSOCIAÇÃO DE EMPREGADORES;empregadores;Activa;2008-03-18;2023-05-22
5.131.2;ASSOCIAÇÃO EMPRESARIAL DAS CALDAS DA RAINHA E OESTE;ACCCRO;registo;ASSOCIAÇÃO DE EMPREGADORES;empregadores;Activa;2017-08-15;2022-09-22
5.279.1;ASSOCIAÇÃO EMPRESARIAL DE ÁGUEDA;EMPRESARIALAGUEDA;recurso;ASSOCIAÇÃO DE EMPREGADORES;empregadores;Activa;2007-07-08;2011-02-22
5.279.2;ASSOCIAÇÃO EMPRESARIAL DE ÁGUEDA;EMPRESARIALAGUEDA;recurso;ASSOCIAÇÃO DE EMPREGADORES;empregadores;Activa;;
5.279.3;ASSOCIAÇÃO EMPRESARIAL DE ÁGUEDA;EMPRESARIALAGUEDA;recurso;ASSOCIAÇÃO DE EMPREGADORES;empregadores;Activa;2014-01-30;2023-05-29
5.194.2;ASSOCIAÇÃO EMPRESARIAL DE AMARANTE;EMPRESARIALAMARANTE;recurso;ASSOCIAÇÃO DE EMPREGADORES;empregadores;Activa;2007-11-08;2026-01-15
5.564.0;ASSOCIAÇÃO EMPRESARIAL DE ANSIÃO;AEDA;registo;ASSOCIAÇÃO DE EMPREGADORES;empregadores;Activa;2005-01-15;2025-10-08
5.357.1;ASSOCIAÇÃO EMPRESARIAL DE BAIÃO;AEB;registo;ASSOCIAÇÃO DE EMPREGADORES;empregadores;Activa;2008-07-15;2026-03-22
5.217.3;ASSOCIAÇÃO EMPRESARIAL DE BRAGA;AEBRAGA;registo;ASSOCIAÇÃO DE EMPREGADORES;empregadores;Activa;2018-05-07;2022-08-15
5.48.1;ASSOCIAÇÃO EMPRESARIAL DE COMÉRCIO E SERVIÇOS DOS CONCELHOS DE LOURES E ODIVELAS;EMPRESARIALCOMERCIO;recurso;ASSOCIAÇÃO DE EMPREGADORES;empregadores;Activa;1999-07-15;2025-02-22
5.487.2;ASSOCIAÇÃO EMPRESARIAL DE COMUNICAÇÕES DE PORTUGAL;ACIST;registo;ASSOCIAÇÃO DE EMPREGADORES;empregadores;Activa;2007-03-22;2025-07-22
5.613.0;ASSOCIAÇÃO EMPRESARIAL DE ESCOLAS DE CONDUÇAO E FORMAÇAO;CONDUFORMA;registo;ASSOCIAÇÃO DE EMPREGADORES;empregadores;Activa;2017-11-23;2017-12-29
5.160.2;ASSOCIAÇÃO EMPRESARIAL DE FAFE, CABECEIRAS DE BASTO E CELORICO DE BASTO;EMPRESARIALFAFE;recurso;ASSOCIAÇÃO DE EMPREGADORES;empregadores;Activa;2001-12-22;2025-09-08
5.209.2;ASSOCIAÇÃO EMPRESARIAL DE FELGUEIRAS;EMPRESARIAL;recurso;ASSOCIAÇÃO DE EMPREGADORES;empregadores;Activa;2007-12-08;2025-02-08
5.181.3;ASSOCIAÇÃO EMPRESARIAL DE LAMEGO;EMPRESARIALLAMEGO;recurso;ASSOCIAÇÃO DE EMPREGADORES;empregadores;Extinta;2007-09-22;2012-02-08
5.625.0;ASSOCIAÇÃO EMPRESARIAL DE LOUSADA;AEL;registo;ASSOCIAÇÃO DE EMPREGADORES;empregadores;Activa;2022-07-25;2022-12-08
5.598.0;ASSOCIAÇÃO EMPRESARIAL DE PAÇOS DE FERREIRA;AEPF;registo;ASSOCIAÇÃO DE EMPREGADORES;empregadores;Activa;2008-01-03;2025-04-29
5.185.2;ASSOCIAÇÃO EMPRESARIAL DE PAREDES;EMPRESARIALPAREDES;recurso;ASSOCIAÇÃO DE EMPREGADORES;empregadores;Extinta;2007-12-22;2023-08-22
5.187.2;ASSOCIAÇÃO EMPRESARIAL DE PENAFIEL;AEP;registo;ASSOCIAÇÃO DE EMPREGADORES;empregadores;Activa;1999-07-29;2020-05-08
5.169.1;ASSOCIAÇÃO EMPRESARIAL DE PONTE DE LIMA;EMPRESARIALPONTELIMA;recurso;ASSOCIAÇÃO DE EMPREGADORES;empregadores;Activa;1994-05-30;2020-08-22
5.565.0;ASSOCIAÇÃO EMPRESARIAL DE SINES;AES;registo;ASSOCIAÇÃO DE EMPREGADORES;empregadores;Activa;2005-02-08;2023-12-22
5.565.1;ASSOCIAÇÃO EMPRESARIAL DE SINES;AES;registo;ASSOCIAÇÃO DE EMPREGADORES;empregadores;Activa;2024-02-29;2024-02-29
5.487.1;ASSOCIAÇÃO EMPRESARIAL DE TELECOMUNICAÇÕES;ACISTAET;registo;ASSOCIAÇÃO DE EMPREGADORES;empregadores;Activa;2005-06-22;2005-06-22
5.233.3;ASSOCIAÇÃO EMPRESARIAL DE TORRES NOVAS, ENTRONCAMENTO, ALCANENA E GOLEGÃ;ACIS;registo;ASSOCIAÇÃO DE EMPREGADORES;empregadores;Extinta;2004-01-08;2024-02-08
5.562.0;ASSOCIAÇÃO EMPRESARIAL DE VALONGO;EMPRESARIALVALONGO;recurso;ASSOCIAÇÃO DE EMPREGADORES;empregadores;Extinta;2004-10-29;2014-03-22
5.162.1;ASSOCIAÇÃO EMPRESARIAL DE VIANA DO CASTELO;EMPRESARIALVIANA;recurso;ASSOCIAÇÃO DE EMPREGADORES;empregadores;Activa;1994-10-30;2023-09-29
5.243.3;ASSOCIAÇÃO EMPRESARIAL DO ALTO TÂMEGA;ACISAT;registo;ASSOCIAÇÃO DE EMPREGADORES;empregadores;Activa;2001-06-08;2022-05-08
5.70.1;ASSOCIAÇÃO EMPRESARIAL DO CONCELHO DE CASCAIS;AECC;registo;ASSOCIAÇÃO DE EMPREGADORES;empregadores;Activa;2004-06-15;2026-08-08
5.193.1;ASSOCIAÇÃO EMPRESARIAL DO CONCELHO DE MATOSINHOS;EMPRESARIALCONCELHO;recurso;ASSOCIAÇÃO DE EMPREGADORES;empregadores;Activa;2007-01-25;2025-01-29
5.317.2;ASSOCIAÇÃO EMPRESARIAL DO CONCELHO DE RIO MAIOR(AECRM);AECRM;registo;ASSOCIAÇÃO DE EMPREGADORES;empregadores;Activa;2000-05-22;2025-04-08
5.481.1;ASSOCIAÇÃO EMPRESARIAL DO CONCELHO DE SANTA MARIA DA FEIRA(AEF);AEF;registo;ASSOCIAÇÃO DE EMPREGADORES;empregadores;Activa;2000-06-08;2025-08-22
5.90.2;ASSOCIAÇÃO EMPRESARIAL DO CONCELHO DE SINTRA;AESINTRA;registo;ASSOCIAÇÃO DE EMPREGADORES;empregadores;Activa;2006-03-31;2026-08-22
5.162.2;ASSOCIAÇÃO EMPRESARIAL DO DISTRITO DE VIANA DO CASTELO;AEDVC;registo;ASSOCIAÇÃO DE EMPREGADORES;empregadores;Activa;2023-11-08;2026-09-08
5.212.2;ASSOCIAÇÃO EMPRESARIAL DO MARCO DE CANAVESES;AEMARCO;registo;ASSOCIAÇÃO DE EMPREGADORES;empregadores;Activa;2002-10-15;2012-02-29
5.212.3;ASSOCIAÇÃO EMPRESARIAL DO MARCO DE CANAVESES;AEMARCO;registo;ASSOCIAÇÃO DE EMPREGADORES;empregadores;Activa;2003-02-15;2019-03-15
5.607.0;ASSOCIAÇÃO EMPRESARIAL DO MERGULHO PROFISSIONAL;AEMP;registo;ASSOCIAÇÃO DE EMPREGADORES;empregadores;Activa;2014-07-15;2014-08-22
5.494.2;ASSOCIAÇÃO EMPRESARIAL DO NORDESTE DA BEIRA;AENEBEIRA;registo;ASSOCIAÇÃO DE EMPREGADORES;empregadores;Activa;2006-10-22;2023-04-17
5.116.2;ASSOCIAÇÃO EMPRESARIAL DOS CONCELHOS DE VILA FRANCA DE XIRA E ARRUDA DOS VINHOS(ACIS);ACISVFXAV;registo;ASSOCIAÇÃO DE EMPREGADORES;empregadores;Activa;2012-01-31;2021-12-15
5.574.0;ASSOCIAÇÃO EMPRESARIAL DOS PROFISSIONAIS INDEPENDENTES;AEPI;registo;ASSOCIAÇÃO DE EMPREGADORES;empregadores;Extinta;2005-12-08;2005-12-08
5.574.1;ASSOCIAÇÃO EMPRESARIAL DOS PROFISSIONAIS INDEPENDENTES;ANEPI;registo;ASSOCIAÇÃO DE EMPREGADORES;empregadores;Extinta;2007-06-29;2024-05-08
5.50.3;ASSOCIAÇÃO EMPRESARIAL DOS SECTORES ELÉCTRICO, ELECTRODOMÉSTICO, FOTOGRÁFICO E ELECTRÓNICO;AGEFE;registo;ASSOCIAÇÃO DE EMPREGADORES;empregadores;Activa;2004-01-29;2019-07-08
5.50.4;ASSOCIAÇÃO EMPRESARIAL DOS SETORES ELÉTRICO, ELETRODOMÉSTICO, ELETRÓNICO, E DAS TECNOLOGIAS DA INFORMAÇÃO E COMUNICAÇÃO (TIC);AGEFE;registo;ASSOCIAÇÃO DE EMPREGADORES;empregadores;Activa;2021-09-23;2025-01-22
5.175.2;ASSOCIAÇÃO EMPRESARIAL OURÉM-FÁTIMA;ACISO;registo;ASSOCIAÇÃO DE EMPREGADORES;empregadores;Activa;2002-05-29;2025-08-22
5.526.0;ASSOCIAÇÃO EMPRESARIAL PENEDO DO GRANADA;EMPRESARIALPENEDO;recurso;ASSOCIAÇÃO DE EMPREGADORES;empregadores;Activa;2000-05-22;2026-08-08
5.363.0;ASSOCIAÇÃO GROSSISTAS DE OVOS DE LISBOA;AGOVO;registo;ASSOCIAÇÃO DE EMPREGADORES;empregadores;Extinta;1983-11-30;2013-03-08
5.473.0;ASSOCIAÇÃO INDUSTRIAL DE CRISTALARIA;AIC;registo;ASSOCIAÇÃO DE EMPREGADORES;empregadores;Extinta;1994-05-15;2024-08-29
5.407.0;ASSOCIAÇÃO INDUSTRIAL DE LOUSADA;AIL;registo;ASSOCIAÇÃO DE EMPREGADORES;empregadores;Extinta;1987-08-30;2023-11-22
5.78.0;ASSOCIAÇÃO INDUSTRIAL DO MINHO;AIM;registo;ASSOCIAÇÃO DE EMPREGADORES;empregadores;Activa;1977-02-08;2008-11-22
5.78.2;ASSOCIAÇÃO INDUSTRIAL DO MINHO;AIM;registo;ASSOCIAÇÃO DE EMPREGADORES;empregadores;Activa;2011-07-29;2014-07-08
5.78.1;ASSOCIAÇÃO INDUSTRIAL DO MINHO - ASSOCIAÇÃO EMPRESARIAL AIM;AIM;registo;ASSOCIAÇÃO DE EMPREGADORES;empregadores;Activa;2009-08-15;2011-07-08
5.560.0;ASSOCIAÇÃO INDUSTRIAL E COMERCIAL DE PINHEL;INDUSTRIALCOMERCIAL;recurso;ASSOCIAÇÃO DE EMPREGADORES;empregadores;Activa;2004-12-15;2023-08-15
5.62.1;ASSOCIAÇÃO INDUSTRIAL E COMERCIAL DO CAFÉ;AICC;registo;ASSOCIAÇÃO DE EMPREGADORES;empregadores;Activa;2002-01-29;2023-09-21
5.559.0;ASSOCIAÇÃO INDUSTRIAL PORTUGUESA DOS PRODUTORES DE ARGAMASSAS;AIPPA;registo;ASSOCIAÇÃO DE EMPREGADORES;empregadores;Extinta;2004-08-09;2025-01-22
5.279.0;ASSOCIAÇÃO INDÚSTRIAS DE ÁGUEDA;INDUSTRIASAGUEDA;recurso;ASSOCIAÇÃO DE EMPREGADORES;empregadores;Activa;1976-10-22;2005-12-29
6.18.0;ASSOCIAÇÃO INETRNACIONAL CORTICEIRA;AINCOR;registo;FEDERAÇÃO DE EMPREGADORES;empregadores;Extinta;1995-03-15;1995-03-15
5.322.0;ASSOCIAÇÃO LIVRE DE SUINICULTORES;ALIS;registo;ASSOCIAÇÃO DE EMPREGADORES;empregadores;Activa;1979-01-15;2011-12-08
5.89.0;ASSOCIAÇÃO LIVRE DOS COMERCIANTES DO CONCELHO DE SALVATERRA DE MAGOS;LIVRECOMERCIANTES;recurso;ASSOCIAÇÃO DE EMPREGADORES;empregadores;Extinta;1977-05-02;1978-03-10
5.90.0;ASSOCIAÇÃO LIVRE DOS COMERCIANTES DO CONCELHO DE SINTRA;LIVRECOMERCIANTES;recurso;ASSOCIAÇÃO DE EMPREGADORES;empregadores;Activa;1975-09-01;1976-06-14
5.297.0;ASSOCIAÇÃO LIVRE DOS INDÚSTRIAIS DE GESSOS E CALES;LIVREINDUSTRIAIS;recurso;ASSOCIAÇÃO DE EMPREGADORES;empregadores;Activa;1977-10-22;2023-10-22
5.30.0;ASSOCIAÇÃO LIVRE DOS INDÚSTRIAIS DE MOAGEM DO NORTE E CENTRO;LIVREINDUSTRIAIS;recurso;ASSOCIAÇÃO DE EMPREGADORES;empregadores;Extinta;1975-09-22;1983-01-30
5.241.0;ASSOCIAÇÃO LIVRE DOS INDÚSTRIAIS PELO FRIO;LIVREINDUSTRIAISPELO;recurso;ASSOCIAÇÃO DE EMPREGADORES;empregadores;Activa;1975-11-12;1978-01-29
5.322.1;ASSOCIAÇÃO LIVRE DOS SUINICULTORES PORTUGUESES;ALISP;registo;ASSOCIAÇÃO DE EMPREGADORES;empregadores;Activa;2014-10-21;2023-07-22
5.466.2;ASSOCIAÇÃO MARÍTIMA E PORTUÁRIA;AOP;registo;ASSOCIAÇÃO DE EMPREGADORES;empregadores;Activa;2005-07-08;2018-05-29
5.466.1;ASSOCIAÇÃO MARÍTIMA E PORTUÁRIA DO SUL;AOPS;registo;ASSOCIAÇÃO DE EMPREGADORES;empregadores;Activa;1996-11-30;2006-01-29
5.466.3;ASSOCIAÇÃO MARITIMA E PORTUARIA NACIONAL;AOP;registo;ASSOCIAÇÃO DE EMPREGADORES;empregadores;Activa;2020-11-22;2024-07-29
5.356.0;ASSOCIAÇÃO MÚTUA FINANCEIRA LIVRE DOS ARMADORES DA PESCA GERAL;CENTRO;registo;ASSOCIAÇÃO DE EMPREGADORES;empregadores;Activa;1982-09-15;1982-09-15
5.356.1;ASSOCIAÇÃO MÚTUA FINANCEIRA LIVRE DOS ARMADORES DA PESCA GERAL-CENTRO (AMAP);AMAP;registo;ASSOCIAÇÃO DE EMPREGADORES;empregadores;Activa;2024-03-27;2024-11-08
5.68.0;ASSOCIAÇÃO NAC DOS INDÚSTRIAIS DE MATERIAL ELÉCTRICO E ELECTRÓNICO;ANIMEE;registo;ASSOCIAÇÃO DE EMPREGADORES;empregadores;Activa;1975-09-06;1997-08-15
5.62.0;ASSOCIAÇÃO NAC DOS TORREFACTORES;NACTORREFACTORES;recurso;ASSOCIAÇÃO DE EMPREGADORES;empregadores;Activa;1975-12-16;1999-07-29
5.88.0;ASSOCIAÇÃO NACIONAL DA HOSPITALIZAÇÃO PRIVADA;HOSPITALIZACAO;recurso;ASSOCIAÇÃO DE EMPREGADORES;empregadores;Activa;1975-09-22;2001-11-15
5.398.2;ASSOCIAÇÃO NACIONAL DA INDÚSTRIA DE ALIMENTAÇÃO INFANTIL E NUTRIÇÃO ENTÉRICA E PARENTÉRICA;ANID;registo;ASSOCIAÇÃO DE EMPREGADORES;empregadores;Activa;2020-02-29;2026-08-15
5.398.1;ASSOCIAÇÃO NACIONAL DA INDÚSTRIA DE ALIMENTAÇÃO INFANTIL E NUTRIÇÃO ESPECIAL;ANID;registo;ASSOCIAÇÃO DE EMPREGADORES;empregadores;Activa;2012-08-22;2019-03-22
5.398.0;ASSOCIAÇÃO NACIONAL DA INDÚSTRIA DIETÉTICA;ANID;registo;ASSOCIAÇÃO DE EMPREGADORES;empregadores;Activa;1986-05-30;2011-02-08
5.154.2;ASSOCIAÇÃO NACIONAL DA INDÚSTRIA E COMÉRCIO DE COLAS E SIMILARES;AICCS;registo;ASSOCIAÇÃO DE EMPREGADORES;empregadores;Activa;2014-03-08;2019-11-08
5.218.3;ASSOCIAÇÃO NACIONAL DA INDÚSTRIA EXTRACTIVA E TRANSFORMADORA;ANIET;registo;ASSOCIAÇÃO DE EMPREGADORES;empregadores;Activa;2005-12-22;2025-08-29
5.461.0;ASSOCIAÇÃO NACIONAL DA INDÚSTRIA PARA A PROTECÇÃO DAS PLANTAS;ANIPLA;registo;ASSOCIAÇÃO DE EMPREGADORES;empregadores;Activa;1993-01-15;2022-05-22
5.241.3;ASSOCIAÇÃO NACIONAL DA INDÚSTRIA PELO FRIO E COMERCIO DE PRODUTOS ALIMENTARES;ALIF;registo;ASSOCIAÇÃO DE EMPREGADORES;empregadores;Activa;2022-07-22;2025-06-22
5.571.0;ASSOCIAÇÃO NACIONAL DAS ACTIVIDADES DE ORTOPROTESE;ANAO;registo;ASSOCIAÇÃO DE EMPREGADORES;empregadores;Extinta;2005-08-29;2011-08-15
5.381.0;ASSOCIAÇÃO NACIONAL DAS AGÊNCIAS DE INFORMAÇÃO AUTOMOBILISTICA;ANAIA;registo;ASSOCIAÇÃO DE EMPREGADORES;empregadores;Extinta;1985-05-15;2011-06-22
5.126.0;ASSOCIAÇÃO NACIONAL DAS CASAS DE CÂMBIO;CASASCAMBIO;recurso;ASSOCIAÇÃO DE EMPREGADORES;empregadores;Extinta;1975-09-02;1977-02-16
5.83.1;ASSOCIAÇÃO NACIONAL DAS EMPRESAS DE COMÉRCIO E DA REPARAÇÃO AUTOMÓVEL;ANECRA;registo;ASSOCIAÇÃO DE EMPREGADORES;empregadores;Activa;1984-08-15;2025-05-22
5.309.0;ASSOCIAÇÃO NACIONAL DAS EMPRESAS DE ESTIVA;EMPRESASESTIVA;recurso;ASSOCIAÇÃO DE EMPREGADORES;empregadores;Extinta;1978-02-28;1983-02-15
5.624.0;ASSOCIAÇÃO NACIONAL DAS EMPRESAS DE MEDICINA DENTÁRIA E ESTOMATOLOGIA;ANEMEDE;registo;ASSOCIAÇÃO DE EMPREGADORES;empregadores;Activa;2022-06-22;2022-07-29
5.586.0;ASSOCIAÇÃO NACIONAL DAS EMPRESAS DE RECURSOS HUMANOS;ANERH;registo;ASSOCIAÇÃO DE EMPREGADORES;empregadores;Activa;2006-11-29;2013-05-22
5.439.1;ASSOCIAÇÃO NACIONAL DAS EMPRESAS DE SEGURANÇA;AESIRF;registo;ASSOCIAÇÃO DE EMPREGADORES;empregadores;Activa;2010-04-25;2021-04-08
5.439.0;ASSOCIAÇÃO NACIONAL DAS EMPRESAS DE SEGURANÇA, ROUBO E FOGO;AESIRF;registo;ASSOCIAÇÃO DE EMPREGADORES;empregadores;Activa;1990-07-30;1991-10-30
5.439.2;ASSOCIAÇÃO NACIONAL DAS EMPRESAS DE SEGURANÇA, ROUBO E FOGO;AESIRF;registo;ASSOCIAÇÃO DE EMPREGADORES;empregadores;Activa;2021-05-22;2026-04-15
5.549.0;ASSOCIAÇÃO NACIONAL DAS EMPRESAS DE SERVIÇO DE MERCHANDISING;ANESM;registo;ASSOCIAÇÃO DE EMPREGADORES;empregadores;Extinta;2003-02-08;2019-03-15
5.447.0;ASSOCIAÇÃO NACIONAL DAS EMPRESAS LUTUOSAS;ANEL;registo;ASSOCIAÇÃO DE EMPREGADORES;empregadores;Activa;1991-01-15;2026-02-08
5.22.2;ASSOCIAÇÃO NACIONAL DAS EMPRESAS METALURGICAS E ELECTROMECANICAS;ANEMM;registo;ASSOCIAÇÃO DE EMPREGADORES;empregadores;Activa;2000-03-08;2015-05-22
5.22.3;ASSOCIAÇÃO NACIONAL DAS EMPRESAS METALURGICAS E ELECTROMECANICAS;ANEME;registo;ASSOCIAÇÃO DE EMPREGADORES;empregadores;Activa;2012-04-29;2012-04-29
5.22.4;ASSOCIAÇÃO NACIONAL DAS EMPRESAS METALURGICAS E ELECTROMECANICAS;ANEME;registo;ASSOCIAÇÃO DE EMPREGADORES;empregadores;Activa;2012-11-08;2025-03-15
5.22.1;ASSOCIAÇÃO NACIONAL DAS EMPRESAS METALÚRGICAS E METALOMECÂNICAS;ANEMM;registo;ASSOCIAÇÃO DE EMPREGADORES;empregadores;Activa;1995-12-30;1998-05-15
5.309.1;ASSOCIAÇÃO NACIONAL DAS EMPRESAS OPERADORAS PORTUÁRIAS;ANEE;registo;ASSOCIAÇÃO DE EMPREGADORES;empregadores;Extinta;1983-05-30;1996-01-30
5.100.0;ASSOCIAÇÃO NACIONAL DAS FARMÁCIAS;FARMACIAS;recurso;ASSOCIAÇÃO DE EMPREGADORES;empregadores;Activa;1975-10-15;2001-05-22
5.100.1;ASSOCIAÇÃO NACIONAL DAS FARMÁCIAS;ANF;registo;ASSOCIAÇÃO DE EMPREGADORES;empregadores;Activa;2004-01-22;2024-06-15
5.242.3;ASSOCIAÇÃO NACIONAL DAS INDÚSTRIAS DE DUAS RODAS, FERRAGENS, MOBILIÁRIO E ACTIVIDADES COMPLEMENTARES DOS SETORES REPRESENTADOS;ABIMOTA;registo;ASSOCIAÇÃO DE EMPREGADORES;empregadores;Activa;2024-05-08;2024-05-08
5.242.1;ASSOCIAÇÃO NACIONAL DAS INDÚSTRIAS DE DUAS RODAS, FERRAGENS, MOBILIÁRIO E AFINS;INDUSTRIASDUASRODAS;recurso;ASSOCIAÇÃO DE EMPREGADORES;empregadores;Activa;2003-04-08;2019-01-22
5.242.2;ASSOCIAÇÃO NACIONAL DAS INDÚSTRIAS DE DUAS RODAS, FERRAGENS, MOBILIÁRIO E AFINS;ABIMOTA;registo;ASSOCIAÇÃO DE EMPREGADORES;empregadores;Activa;2019-08-08;2023-04-29
5.291.0;ASSOCIAÇÃO NACIONAL DAS INDÚSTRIAS DE EMBALAGENS METÁLICAS;INDUSTRIASEMBALAGENS;recurso;ASSOCIAÇÃO DE EMPREGADORES;empregadores;Extinta;1977-04-21;2012-05-29
5.190.0;ASSOCIAÇÃO NACIONAL DAS INDÚSTRIAS DE MADEIRA;INDUSTRIASMADEIRA;recurso;ASSOCIAÇÃO DE EMPREGADORES;empregadores;Activa;1975-12-15;1991-03-15
5.362.1;ASSOCIAÇÃO NACIONAL DAS INDÚSTRIAS DE TECELAGEM E TEXTEIS-LAR;ANITTLAR;registo;ASSOCIAÇÃO DE EMPREGADORES;empregadores;Activa;1984-04-15;1999-06-29
5.362.2;ASSOCIAÇÃO NACIONAL DAS INDÚSTRIAS DE TÊXTEIS-LAR;ANITLAR;registo;ASSOCIAÇÃO DE EMPREGADORES;empregadores;Activa;2002-06-08;2026-01-22
5.58.1;ASSOCIAÇÃO NACIONAL DAS INDÚSTRIAS DE VESTUÁRIO E CONFECÇÃO;ANIVEC;registo;ASSOCIAÇÃO DE EMPREGADORES;empregadores;Activa;1981-03-28;2002-02-22
5.58.2;ASSOCIAÇÃO NACIONAL DAS INDÚSTRIAS DE VESTUÁRIO E CONFECÇÃO (ANIVEC/APIV);ANIVECAPIV;registo;ASSOCIAÇÃO DE EMPREGADORES;empregadores;Activa;2003-02-28;2009-05-08
5.58.4;ASSOCIAÇÃO NACIONAL DAS INDÚSTRIAS DE VESTUÁRIO E CONFECÇÃO E MODA;ANIVECAPIV;registo;ASSOCIAÇÃO DE EMPREGADORES;empregadores;Activa;2015-04-29;2025-12-22
5.58.3;ASSOCIAÇÃO NACIONAL DAS INDÚSTRIAS DE VESTUÁRIO E CONFECÇÃO E MODA (ANIVEC/APIV);ANIVECAPIV;registo;ASSOCIAÇÃO DE EMPREGADORES;empregadores;Activa;2015-03-11;2022-01-15
5.161.0;ASSOCIAÇÃO NACIONAL DAS INDÚSTRIAS TÊXTEIS ALGODOEIRAS E FIBRAS;INDUSTRIASTEXTEIS;recurso;ASSOCIAÇÃO DE EMPREGADORES;empregadores;Extinta;1975-11-12;1994-07-15
5.362.0;ASSOCIAÇÃO NACIONAL DAS INDÚSTRIAS TEXTEIS DE TECELAGEM;ANITT;registo;ASSOCIAÇÃO DE EMPREGADORES;empregadores;Activa;1983-10-30;2002-06-08
5.177.0;ASSOCIAÇÃO NACIONAL DAS ORGANIZAÇÕES DE PRODUTORES DE FRUTAS E HORTÍCOLAS;ANOP;registo;ASSOCIAÇÃO DE EMPREGADORES;empregadores;Activa;1999-03-22;1999-03-22
5.177.2;ASSOCIAÇÃO NACIONAL DAS ORGANIZAÇÕES DE PRODUTORES DE FRUTAS E HORTÍCOLAS;FNOP;registo;ASSOCIAÇÃO DE EMPREGADORES;empregadores;Activa;2024-08-29;2025-11-29
5.531.0;ASSOCIAÇÃO NACIONAL DAS PEQUENAS E MÉDIAS EMPRESAS;ASSINACIONAL;registo;ASSOCIAÇÃO DE EMPREGADORES;empregadores;Activa;2000-10-29;2001-12-15
5.531.1;ASSOCIAÇÃO NACIONAL DAS PEQUENAS E MÉDIAS EMPRESAS;ANPME;registo;ASSOCIAÇÃO DE EMPREGADORES;empregadores;Activa;2005-09-27;2025-04-15
5.596.0;ASSOCIAÇÃO NACIONAL DAS TRANSPORTADORAS PORTUGUESAS;ANTP;registo;ASSOCIAÇÃO DE EMPREGADORES;empregadores;Activa;2008-07-12;2024-01-22
5.273.3;ASSOCIAÇÃO NACIONAL DE AGENTES E CORRETORES DE SEGUROS;APROSE;registo;ASSOCIAÇÃO DE EMPREGADORES;empregadores;Activa;2015-08-08;2025-08-08
5.477.0;ASSOCIAÇÃO NACIONAL DE AGENTES E CORRETORES DE SEGUROS;ANACS;registo;ASSOCIAÇÃO DE EMPREGADORES;empregadores;Extinta;1994-08-15;2015-08-08
5.350.0;ASSOCIAÇÃO NACIONAL DE ARMAZENISTAS E IMPORTADORES DE BANANAS;ANIB;registo;ASSOCIAÇÃO DE EMPREGADORES;empregadores;Extinta;1982-03-15;2012-01-08
5.389.0;ASSOCIAÇÃO NACIONAL DE ARMAZENISTAS,COMERCIANTES E IMPORTADORES DE CEREAIS E OLEAGINOSAS;ACICO;registo;ASSOCIAÇÃO DE EMPREGADORES;empregadores;Activa;1985-10-30;2024-03-08
5.523.0;ASSOCIAÇÃO NACIONAL DE CARDIOLOGISTAS;ANACARD;registo;ASSOCIAÇÃO DE EMPREGADORES;empregadores;Activa;1998-09-30;2026-07-15
5.385.0;ASSOCIAÇÃO NACIONAL DE CENTROS DE DIÁLISE;ANADIAL;registo;ASSOCIAÇÃO DE EMPREGADORES;empregadores;Activa;1985-06-30;2026-06-15
5.558.0;ASSOCIAÇÃO NACIONAL DE CENTROS DE INSPECÇÃO AUTOMÓVEL (ANCIA);ANCIA;registo;ASSOCIAÇÃO DE EMPREGADORES;empregadores;Activa;2004-09-08;2023-06-08
5.545.0;ASSOCIAÇÃO NACIONAL DE COLÉGIOS COM CONTRATO DE ASSOCIAÇÃO;ACCA;registo;ASSOCIAÇÃO DE EMPREGADORES;empregadores;Extinta;2002-08-22;2012-02-15
5.491.0;ASSOCIAÇÃO NACIONAL DE COMERCIANTES DE PRODUTOS ALIMENTARES;ANCPA;registo;ASSOCIAÇÃO DE EMPREGADORES;empregadores;Extinta;1995-02-28;1999-06-08
5.491.1;ASSOCIAÇÃO NACIONAL DE COMERCIANTES DE PRODUTOS ALIMENTARES;ANACPA;registo;ASSOCIAÇÃO DE EMPREGADORES;empregadores;Extinta;1996-02-15;2023-03-15
5.146.1;ASSOCIAÇÃO NACIONAL DE COMERCIANTES DOS PRODUTOS DA TERRA, FAUNA E FLORA;ANCPT;registo;ASSOCIAÇÃO DE EMPREGADORES;empregadores;Activa;2014-06-08;2024-03-08
5.12.0;ASSOCIAÇÃO NACIONAL DE COMERCIANTES E INDÚSTRIAIS DE PRODUTOS ALIMENTARES;ANCIPA;registo;ASSOCIAÇÃO DE EMPREGADORES;empregadores;Activa;1975-09-20;2025-08-22
5.145.1;ASSOCIAÇÃO NACIONAL DE COMERCIANTES REVENDEDORES DE LOTARIA;COMERCIANTES;recurso;ASSOCIAÇÃO DE EMPREGADORES;empregadores;Activa;2004-07-15;2005-12-29
5.2.0;ASSOCIAÇÃO NACIONAL DE EMPREITEIROS DE OBRAS PÚBLICAS(ANEOP);ANEOP;registo;ASSOCIAÇÃO DE EMPREGADORES;empregadores;Extinta;1975-01-08;2012-02-22
5.425.0;ASSOCIAÇÃO NACIONAL DE EMPREITEIROS FLORESTAIS E AGRÍCOLAS;ANEFA;registo;ASSOCIAÇÃO DE EMPREGADORES;empregadores;Activa;1989-01-30;1997-10-15
5.517.2;ASSOCIAÇÃO NACIONAL DE EMPRESAS DE LAVANDARIA, ARRANJOS DE COSTURA, CONSERTOS DE SAPATOS E CHAVES;ANASEL;registo;ASSOCIAÇÃO DE EMPREGADORES;empregadores;Activa;2012-04-08;2021-07-29
5.145.2;ASSOCIAÇÃO NACIONAL DE EMPRESAS DE LOTARIA E OUTROS JOGOS;EMPRESASLOTARIA;recurso;ASSOCIAÇÃO DE EMPREGADORES;empregadores;Activa;2013-07-15;2013-10-29
5.577.0;ASSOCIAÇÃO NACIONAL DE EMPRESAS DE PRODUTOS EXPLOSIVOS;ANEPE;registo;ASSOCIAÇÃO DE EMPREGADORES;empregadores;Activa;2006-02-15;2024-01-22
5.572.0;ASSOCIAÇÃO NACIONAL DE EMPRESAS DE PROTECÇÃO INCÊNDIO;ANEPI;registo;ASSOCIAÇÃO DE EMPREGADORES;empregadores;Activa;2005-09-15;2005-09-15
5.551.0;ASSOCIAÇÃO NACIONAL DE EMPRESAS DE SEGURANÇA ALIMENTAR;ANESA;registo;ASSOCIAÇÃO DE EMPREGADORES;empregadores;Activa;2003-07-08;2019-08-08
5.519.0;ASSOCIAÇÃO NACIONAL DE EMPRESAS DE SEGURANÇA ELECTRÓNICA;ANESEL;registo;ASSOCIAÇÃO DE EMPREGADORES;empregadores;Extinta;1998-02-15;2006-03-29
5.425.1;ASSOCIAÇÃO NACIONAL DE EMPRESAS FLORESTAIS, AGRICOLAS E DO AMBIENTE;ANEFA;registo;ASSOCIAÇÃO DE EMPREGADORES;empregadores;Activa;1997-11-15;2026-02-15
5.67.1;ASSOCIAÇÃO NACIONAL DE EMPRESAS TÊXTEIS;ANET;registo;ASSOCIAÇÃO DE EMPREGADORES;empregadores;Extinta;2000-06-08;2005-06-22
5.593.0;ASSOCIAÇÃO NACIONAL DE ENTIDADES FORMADORAS;ANEF;registo;ASSOCIAÇÃO DE EMPREGADORES;empregadores;Activa;2008-01-15;2026-04-29
5.541.1;ASSOCIAÇÃO NACIONAL DE ESCOLAS PROFISSIONAIS;ANESPO;registo;ASSOCIAÇÃO DE EMPREGADORES;empregadores;Activa;2009-04-07;2025-04-15
5.393.0;ASSOCIAÇÃO NACIONAL DE EXIBIDORES;ANEX;registo;ASSOCIAÇÃO DE EMPREGADORES;empregadores;Extinta;1986-01-30;2011-10-29
5.573.0;ASSOCIAÇÃO NACIONAL DE LABORATÓRIOS CLÍNICOS;ANL;registo;ASSOCIAÇÃO DE EMPREGADORES;empregadores;Activa;2005-09-22;2024-08-15
5.620.0;ASSOCIAÇÃO NACIONAL DE MARCAS DE RETALHO E RESTAURAÇAO;AMRR;registo;ASSOCIAÇÃO DE EMPREGADORES;empregadores;Activa;2022-03-11;2026-07-22
5.594.0;ASSOCIAÇÃO NACIONAL DE MICROEMPRESAS DE CRECHES E DE JARDINS DE INFANCIA;ANJIC;registo;ASSOCIAÇÃO DE EMPREGADORES;empregadores;Extinta;2008-03-29;2013-03-29
5.516.0;ASSOCIAÇÃO NACIONAL DE OPERADORES DE MÁQUINAS RECREATIVAS;ANOMAR;registo;ASSOCIAÇÃO DE EMPREGADORES;empregadores;Extinta;1997-11-15;2012-07-08
5.496.0;ASSOCIAÇÃO NACIONAL DE OSTEOPATAS;ANO;registo;ASSOCIAÇÃO DE EMPREGADORES;empregadores;Extinta;1995-06-30;1995-06-30
5.402.0;ASSOCIAÇÃO NACIONAL DE PRODUTORES DE TAPETES DE ARRAIOLOS;PRODUTORESTAPETES;recurso;ASSOCIAÇÃO DE EMPREGADORES;empregadores;Extinta;1986-08-30;2012-06-29
5.293.0;ASSOCIAÇÃO NACIONAL DE REVENDEDORES DE COMBUSTÍVEIS;ANAREC;registo;ASSOCIAÇÃO DE EMPREGADORES;empregadores;Activa;1977-05-11;2023-05-29
5.293.1;ASSOCIAÇÃO NACIONAL DE REVENDEDORES DE COMBUSTÍVEIS, ESTAÇÕES DE SERVIÇO, ESTACIONAMENTOS E LAVAGENS AUTOMÓVEIS;ANAREC;registo;ASSOCIAÇÃO DE EMPREGADORES;empregadores;Activa;2023-11-29;2026-05-22
5.517.0;ASSOCIAÇÃO NACIONAL DE SERVIÇOS DE LIMPEZA A SECO, LAVANDARIA E TINTURARIA;ANASE;registo;ASSOCIAÇÃO DE EMPREGADORES;empregadores;Activa;1997-11-03;2005-12-08
5.517.1;ASSOCIAÇÃO NACIONAL DE SERVIÇOS DE LIMPEZA A SECO, LAVANDARIA E TINTURARIA;ANASEL;registo;ASSOCIAÇÃO DE EMPREGADORES;empregadores;Activa;2007-05-08;2012-01-08
5.347.0;ASSOCIAÇÃO NACIONAL DE SUPERMERCADOS;ANS;registo;ASSOCIAÇÃO DE EMPREGADORES;empregadores;Activa;1981-12-30;1992-08-30
5.496.1;ASSOCIAÇÃO NACIONAL DE TERAPEUTAS MANIPULATIVOS;ANO;registo;ASSOCIAÇÃO DE EMPREGADORES;empregadores;Extinta;2005-12-19;2014-08-08
5.15.0;ASSOCIAÇÃO NACIONAL DE TRANSPORTADORES PÚBLICOS RODOVIÁRIOS DE MERCADORIAS;ANTRAM;registo;ASSOCIAÇÃO DE EMPREGADORES;empregadores;Activa;1975-08-26;2026-01-29
5.203.1;ASSOCIAÇÃO NACIONAL DE TRANSPORTADORES RODOVIÁRIOS DE PESADOS DE PASSAGEIROS;ANTROP;registo;ASSOCIAÇÃO DE EMPREGADORES;empregadores;Activa;1977-10-08;2017-03-29
5.203.2;ASSOCIAÇÃO NACIONAL DE TRANSPORTES DE PASSAGEIROS;ANTROP;registo;ASSOCIAÇÃO DE EMPREGADORES;empregadores;Activa;2018-07-15;2026-02-22
5.507.0;ASSOCIAÇÃO NACIONAL DE UNIDADES DE DIAGNÓSTICO PELA IMAGEM;ANAUDI;registo;ASSOCIAÇÃO DE EMPREGADORES;empregadores;Activa;1996-10-15;1996-10-15
5.507.1;ASSOCIAÇÃO NACIONAL DE UNIDADES DE DIAGNÓSTICO POR IMAGEM;ANAUDI;registo;ASSOCIAÇÃO DE EMPREGADORES;empregadores;Activa;1997-02-28;2026-07-15
5.627.0;ASSOCIAÇÃO NACIONAL DE UNIDADES DE GASTRENTEROLOGIA;ANUG;registo;ASSOCIAÇÃO DE EMPREGADORES;empregadores;Activa;2025-12-04;2026-06-22
5.410.0;ASSOCIAÇÃO NACIONAL DE UTENTES PRIVATIVOS DE CAIS CONCESSIONADOS OU LICENCIADOS;ANUC;registo;ASSOCIAÇÃO DE EMPREGADORES;empregadores;Activa;1987-12-15;2024-01-22
5.410.1;ASSOCIAÇÃO NACIONAL DE UTENTES PRIVATIVOS E DE CONCESSIONÁRIOS DE SERVIÇO PÚBLICO DE ÁREAS PORTUÁRIAS;ANUC;registo;ASSOCIAÇÃO DE EMPREGADORES;empregadores;Activa;1995-11-15;2021-01-22
5.378.4;ASSOCIAÇÃO NACIONAL DO CORPO E DO CABELO;CORPOCABELO;recurso;ASSOCIAÇÃO DE EMPREGADORES;empregadores;Activa;2016-08-08;2024-07-08
5.541.0;ASSOCIAÇÃO NACIONAL DO ENSINO PROFISSIONAL;ANESPO;registo;ASSOCIAÇÃO DE EMPREGADORES;empregadores;Activa;2002-05-08;2002-05-08
5.320.0;ASSOCIAÇÃO NACIONAL DO ESTETICISMO PROFISSIONAL;ANEP;registo;ASSOCIAÇÃO DE EMPREGADORES;empregadores;Activa;1979-01-15;2013-11-29
5.320.1;ASSOCIAÇÃO NACIONAL DO ESTETICISMO PROFISSIONAL, INSTITUTOS DE BELEZA E FORMAÇÃO PROFISSIONAL;ANEP;registo;ASSOCIAÇÃO DE EMPREGADORES;empregadores;Activa;2016-05-30;2022-05-22
5.23.1;ASSOCIAÇÃO NACIONAL DO RAMO AUTOMÓVEL;ARAN;registo;ASSOCIAÇÃO DE EMPREGADORES;empregadores;Activa;1984-11-15;2025-07-22
5.378.3;ASSOCIAÇÃO NACIONAL DO SECTOR DE COMERCIO E SERVIÇOS DE CUIDADOS CORPORAIS;SECTORCOMERCIO;recurso;ASSOCIAÇÃO DE EMPREGADORES;empregadores;Activa;1999-10-22;2018-07-22
5.203.0;ASSOCIAÇÃO NACIONAL DO TRANSPORTE RODOVIÁRIO PESADO DE PASSAGEIROS;ANTROP;registo;ASSOCIAÇÃO DE EMPREGADORES;empregadores;Activa;1975-09-24;1999-08-15
5.137.0;ASSOCIAÇÃO NACIONAL DOS ARMAZENISTAS DE PAPEL;ARMAZENISTASPAPEL;recurso;ASSOCIAÇÃO DE EMPREGADORES;empregadores;Extinta;1975-09-04;2007-06-08
5.31.0;ASSOCIAÇÃO NACIONAL DOS ARMAZENISTAS, IMPORTADORES E EXPORTADORES DE FRUTAS E PRODUTOS HORTÍCOLAS;ANAIEF;registo;ASSOCIAÇÃO DE EMPREGADORES;empregadores;Activa;1975-08-14;2000-01-15
5.278.0;ASSOCIAÇÃO NACIONAL DOS CENTROS DE ABATE DE AVES;ANCAVE;registo;ASSOCIAÇÃO DE EMPREGADORES;empregadores;Activa;1976-08-17;2002-06-08
5.278.1;ASSOCIAÇÃO NACIONAL DOS CENTROS DE ABATE E INDÚSTRIAS TRANSFORMADORAS DE CARNE DE AVES;ANCAVE;registo;ASSOCIAÇÃO DE EMPREGADORES;empregadores;Activa;1984-12-15;2024-07-15
5.107.1;ASSOCIAÇÃO NACIONAL DOS COMERCIANTES DE EQUIPAMENTOS CIENTÍFICOS, S.A.ÚDE E IMAGEM;COMERCIANTES;recurso;ASSOCIAÇÃO DE EMPREGADORES;empregadores;Extinta;1997-02-28;2024-09-22
5.52.0;ASSOCIAÇÃO NACIONAL DOS COMERCIANTES DE VEÍCULOS DE DUAS RODAS;ANCVDR;registo;ASSOCIAÇÃO DE EMPREGADORES;empregadores;Extinta;1975-11-22;2008-01-22
5.308.3;ASSOCIAÇÃO NACIONAL DOS COMERCIANTES E EXPORTADORES DE VINHOS E BEBIDAS ESPIRITUOSAS;ANCEVE;registo;ASSOCIAÇÃO DE EMPREGADORES;empregadores;Activa;1998-08-15;2020-03-08
5.354.0;ASSOCIAÇÃO NACIONAL DOS CONCESSIONÁRIOS DE ESTABELECIMENTOS DE PRAIAS DE BANHOS E SERVIÇOS AFINS;CONCESSIONARIOS;recurso;ASSOCIAÇÃO DE EMPREGADORES;empregadores;Extinta;1982-08-30;2016-07-22
5.401.0;ASSOCIAÇÃO NACIONAL DOS CORRETORES DE SEGUROS;ANCOSE;registo;ASSOCIAÇÃO DE EMPREGADORES;empregadores;Extinta;1986-08-15;1999-06-15
5.292.0;ASSOCIAÇÃO NACIONAL DOS DISTRIBUIDORES DE ÁGUAS, REFRIGERANTES E CERVEJAS;ANDARC;registo;ASSOCIAÇÃO DE EMPREGADORES;empregadores;Extinta;1984-04-15;2012-06-08
5.17.0;ASSOCIAÇÃO NACIONAL DOS EMPRESÁRIOS DE LIMPEZA;ANEL;registo;ASSOCIAÇÃO DE EMPREGADORES;empregadores;Extinta;1998-10-15;1998-11-15
5.17.1;ASSOCIAÇÃO NACIONAL DOS EMPRESÁRIOS DE LIMPEZA;ANEL;registo;ASSOCIAÇÃO DE EMPREGADORES;empregadores;Extinta;2011-06-08;2011-06-08
5.587.0;ASSOCIAÇÃO NACIONAL DOS ESTABELECIMENTOS DE EDUCAÇÃO PRIVADOS;ANEEP;registo;ASSOCIAÇÃO DE EMPREGADORES;empregadores;Extinta;2007-02-08;2008-12-22
5.307.0;ASSOCIAÇÃO NACIONAL DOS ESTABELECIMENTOS PRIVADOS DE SAÚDE;ESTABELECIMENTOS;recurso;ASSOCIAÇÃO DE EMPREGADORES;empregadores;Extinta;1977-12-29;2011-11-29
5.114.1;ASSOCIAÇÃO NACIONAL DOS GROSSISTAS DE TABACOS;GROSSISTASTABACOS;recurso;ASSOCIAÇÃO DE EMPREGADORES;empregadores;Activa;2005-11-08;2009-10-15
5.364.0;ASSOCIAÇÃO NACIONAL DOS GROSSISTAS TRANSFORMADORES DE CARNES;ANATCA;registo;ASSOCIAÇÃO DE EMPREGADORES;empregadores;Extinta;1984-02-29;2013-03-08
5.195.2;ASSOCIAÇÃO NACIONAL DOS IMPORTADORES /ARMAZENISTAS E RETALHISTAS DE PRODUTOS QUIMICOS E FARMACÊUTICOS;NORQUIFAR;registo;ASSOCIAÇÃO DE EMPREGADORES;empregadores;Activa;2006-08-08;2024-04-29
5.218.2;ASSOCIAÇÃO NACIONAL DOS INDÚSTRIAIS DA PEDRA;ANIP;registo;ASSOCIAÇÃO DE EMPREGADORES;empregadores;Activa;2005-05-22;2005-05-22
5.119.0;ASSOCIAÇÃO NACIONAL DOS INDÚSTRIAIS DE ÁGUAS MINEROMEDICINAIS E DE MESA;ANIAMM;registo;ASSOCIAÇÃO DE EMPREGADORES;empregadores;Activa;1975-09-03;1985-05-15
5.11.0;ASSOCIAÇÃO NACIONAL DOS INDÚSTRIAIS DE ARROZ;ANIA;registo;ASSOCIAÇÃO DE EMPREGADORES;empregadores;Activa;1976-01-08;2026-07-03
5.267.0;ASSOCIAÇÃO NACIONAL DOS INDÚSTRIAIS DE BARRO VERMELHO;ANIBAVE;registo;ASSOCIAÇÃO DE EMPREGADORES;empregadores;Extinta;1976-04-28;2013-11-15
5.242.0;ASSOCIAÇÃO NACIONAL DOS INDÚSTRIAIS DE BICICLETAS, CICLOMOTORES, MOTOCICLOS E ACESSÓRIOS;INDUSTRIAIS;recurso;ASSOCIAÇÃO DE EMPREGADORES;empregadores;Activa;1976-12-07;2000-05-15
5.333.0;ASSOCIAÇÃO NACIONAL DOS INDÚSTRIAIS DE BOTÕES;INDUSTRIAISBOTOES;recurso;ASSOCIAÇÃO DE EMPREGADORES;empregadores;Activa;1980-06-29;2022-07-08
5.333.1;ASSOCIAÇÃO NACIONAL DOS INDÚSTRIAIS DE BOTÕES E ACESSÓRIOS TÊXTEIS (ANIB);ANIB;registo;ASSOCIAÇÃO DE EMPREGADORES;empregadores;Activa;2025-09-24;2025-12-08
5.14.0;ASSOCIAÇÃO NACIONAL DOS INDÚSTRIAIS DE CARNES;ANIC;registo;ASSOCIAÇÃO DE EMPREGADORES;empregadores;Activa;1975-08-22;2004-11-29
5.306.1;ASSOCIAÇÃO NACIONAL DOS INDÚSTRIAIS DE CONSERVAS DE PEIXE;INDUSTRIAISCONSERVAS;recurso;ASSOCIAÇÃO DE EMPREGADORES;empregadores;Activa;1982-08-14;1986-09-30
5.306.2;ASSOCIAÇÃO NACIONAL DOS INDÚSTRIAIS DE CONSERVAS DE PEIXE(ANICP);ANICP;registo;ASSOCIAÇÃO DE EMPREGADORES;empregadores;Activa;1991-06-15;2021-03-15
5.33.0;ASSOCIAÇÃO NACIONAL DOS INDÚSTRIAIS DE CUTELARIAS;INDUSTRIAIS;recurso;ASSOCIAÇÃO DE EMPREGADORES;empregadores;Extinta;1975-10-28;2011-03-22
5.34.0;ASSOCIAÇÃO NACIONAL DOS INDÚSTRIAIS DE ENSINO DE CONDUÇÃO AUTOMÓVEL;ANIECA;registo;ASSOCIAÇÃO DE EMPREGADORES;empregadores;Activa;1975-08-22;2026-06-29
5.97.0;ASSOCIAÇÃO NACIONAL DOS INDÚSTRIAIS DE FOTOGRAFIA;ANIF;registo;ASSOCIAÇÃO DE EMPREGADORES;empregadores;Activa;1975-09-11;2013-10-22
5.518.0;ASSOCIAÇÃO NACIONAL DOS INDÚSTRIAIS DE GELADOS ALIMENTARES;INDUSTRIAISGELADOS;recurso;ASSOCIAÇÃO DE EMPREGADORES;empregadores;Activa;1997-12-30;2003-04-22
5.518.1;ASSOCIAÇÃO NACIONAL DOS INDÚSTRIAIS DE GELADOS ALIMENTARES, OLEOS, MARGARINAS E DERIVADOS;ANIGOM;registo;ASSOCIAÇÃO DE EMPREGADORES;empregadores;Activa;2010-09-08;2026-01-22
5.44.1;ASSOCIAÇÃO NACIONAL DOS INDÚSTRIAIS DE LACTICÍNIOS;INDUSTRIAIS;recurso;ASSOCIAÇÃO DE EMPREGADORES;empregadores;Activa;1981-02-28;2003-10-29
5.44.2;ASSOCIAÇÃO NACIONAL DOS INDÚSTRIAIS DE LACTICÍNIOS (ANIL);ANIL;registo;ASSOCIAÇÃO DE EMPREGADORES;empregadores;Activa;1996-11-15;2025-07-15
5.324.0;ASSOCIAÇÃO NACIONAL DOS INDÚSTRIAIS DE LANIFÍCIOS;ANIL;registo;ASSOCIAÇÃO DE EMPREGADORES;empregadores;Activa;1979-04-22;1979-04-22
5.324.1;ASSOCIAÇÃO NACIONAL DOS INDÚSTRIAIS DE LANIFÍCIOS(ANIL);ANIL;registo;ASSOCIAÇÃO DE EMPREGADORES;empregadores;Activa;1981-08-15;2023-12-29
5.69.0;ASSOCIAÇÃO NACIONAL DOS INDÚSTRIAIS DE LAVANDARIA E TINTURARIA;ANILT;registo;ASSOCIAÇÃO DE EMPREGADORES;empregadores;Extinta;1975-10-16;2012-11-29
5.272.0;ASSOCIAÇÃO NACIONAL DOS INDÚSTRIAIS DE LICORES E BEBIDAS ESPIRITUOSAS(NÃO VINICAS);ANILEBE;registo;ASSOCIAÇÃO DE EMPREGADORES;empregadores;Extinta;1976-11-04;2012-11-15
5.609.0;ASSOCIAÇÃO NACIONAL DOS INDÚSTRIAIS DE MASSAS CONGELADAS;ANIMAC;registo;ASSOCIAÇÃO DE EMPREGADORES;empregadores;Activa;2014-12-15;2026-01-15
5.106.0;ASSOCIAÇÃO NACIONAL DOS INDÚSTRIAIS DE MOAGEM DE RAMAS E ESPOADAS DE MILHO E CENTEIO;INDUSTRIAISMOAGEM;recurso;ASSOCIAÇÃO DE EMPREGADORES;empregadores;Activa;1975-09-20;1997-04-30
5.106.1;ASSOCIAÇÃO NACIONAL DOS INDÚSTRIAIS DE MOAGEM DE TRIGO, MILHO E CENTEIO;INDUSTRIAISMOAGEM;recurso;ASSOCIAÇÃO DE EMPREGADORES;empregadores;Activa;1994-12-30;2019-02-08
5.106.2;ASSOCIAÇÃO NACIONAL DOS INDÚSTRIAIS DE MOAGEM, PRODUÇÃO E COMÉRCIO DE CEREAIS, LEGUMINOSAS, MASSAS E DERIVADOS;ANIM;registo;ASSOCIAÇÃO DE EMPREGADORES;empregadores;Activa;2019-08-15;2019-08-15
5.342.0;ASSOCIAÇÃO NACIONAL DOS INDÚSTRIAIS DE MOSAICOS HIDRÁULICOS;ANIMO;registo;ASSOCIAÇÃO DE EMPREGADORES;empregadores;Extinta;1981-10-30;2011-05-29
5.277.0;ASSOCIAÇÃO NACIONAL DOS INDÚSTRIAIS DE PAPEL E CARTÃO;ANIPC;registo;ASSOCIAÇÃO DE EMPREGADORES;empregadores;Activa;1976-09-04;2000-02-15
5.277.1;ASSOCIAÇÃO NACIONAL DOS INDÚSTRIAIS DE PAPEL E CARTÃO;ANIPC;registo;ASSOCIAÇÃO DE EMPREGADORES;empregadores;Activa;1995-12-15;2025-03-15
5.373.0;ASSOCIAÇÃO NACIONAL DOS INDÚSTRIAIS DE PIMENTÃO;ANIP;registo;ASSOCIAÇÃO DE EMPREGADORES;empregadores;Extinta;1984-06-15;2011-05-22
5.95.1;ASSOCIAÇÃO NACIONAL DOS INDÚSTRIAIS DE PREFABRICAÇÃO EM BETÃO;ANIPB;registo;ASSOCIAÇÃO DE EMPREGADORES;empregadores;Activa;2007-05-15;2026-05-08
5.95.0;ASSOCIAÇÃO NACIONAL DOS INDÚSTRIAIS DE PRODUTOS DE CIMENTO;ANIPC;registo;ASSOCIAÇÃO DE EMPREGADORES;empregadores;Activa;1975-10-16;2005-12-29
5.24.0;ASSOCIAÇÃO NACIONAL DOS INDÚSTRIAIS DE RECAUCHUTAGEM DE PNEUS;ANIRP;registo;ASSOCIAÇÃO DE EMPREGADORES;empregadores;Extinta;1975-09-10;2024-02-29
5.118.0;ASSOCIAÇÃO NACIONAL DOS INDÚSTRIAIS DE REFRIGERANTES E SUMOS DE FRUTOS;ANIRSF;registo;ASSOCIAÇÃO DE EMPREGADORES;empregadores;Activa;1975-09-24;2009-07-22
5.361.0;ASSOCIAÇÃO NACIONAL DOS INDÚSTRIAIS DE SUB-PRODUTOS ANIMAIS;ANISA;registo;ASSOCIAÇÃO DE EMPREGADORES;empregadores;Extinta;1983-08-15;1994-06-15
5.55.0;ASSOCIAÇÃO NACIONAL DOS INDÚSTRIAIS DE TOMATE;ANIT;registo;ASSOCIAÇÃO DE EMPREGADORES;empregadores;Extinta;1975-08-27;1975-08-27
5.167.2;ASSOCIAÇÃO NACIONAL DOS INDÚSTRIAIS E EXPORTADORES DE CORTIÇA;ANIEC;registo;ASSOCIAÇÃO DE EMPREGADORES;empregadores;Activa;1994-06-30;1998-05-15
5.25.0;ASSOCIAÇÃO NACIONAL DOS INDÚSTRIAIS TRANSFORMADORES DE VIDRO;INDUSTRIAIS;recurso;ASSOCIAÇÃO DE EMPREGADORES;empregadores;Extinta;1977-04-01;2011-03-22
5.45.1;ASSOCIAÇÃO NACIONAL DOS LOCADORES DE VEÍCULOS;ARAC;registo;ASSOCIAÇÃO DE EMPREGADORES;empregadores;Activa;2022-05-08;2024-11-08
5.500.0;ASSOCIAÇÃO NACIONAL DOS MÉDICOS DE EEG/NEUROFISIOLOGIA CLINICA;AMNEC;registo;ASSOCIAÇÃO DE EMPREGADORES;empregadores;Extinta;1995-12-30;2011-05-08
5.456.0;ASSOCIAÇÃO NACIONAL DOS MÉDICOS DE ENDOSCOPIA DIGESTIVA;ASSOMED;registo;ASSOCIAÇÃO DE EMPREGADORES;empregadores;Activa;1992-06-30;2011-09-22
5.128.0;ASSOCIAÇÃO NACIONAL DOS ÓPTICOS;OPTICOS;recurso;ASSOCIAÇÃO DE EMPREGADORES;empregadores;Activa;1975-10-16;2025-09-04
5.111.0;ASSOCIAÇÃO NACIONAL DOS PROMOTORES IMOBILIÁRIOS;PROMOTORES;recurso;ASSOCIAÇÃO DE EMPREGADORES;empregadores;Extinta;1975-09-11;1976-12-20
5.296.0;ASSOCIAÇÃO NACIONAL DOS SUB-EMPREITEIROS DA CONSTRUÇÃO CIVIL;SUBEMPREITEIROS;recurso;ASSOCIAÇÃO DE EMPREGADORES;empregadores;Extinta;1977-08-15;2013-06-15
5.592.0;ASSOCIAÇÃO NACIONAL DOS TECNICOS EM TERAPEUTICA NAO CONVENCIONAIS;TECNICOSTERAPEUTICA;recurso;ASSOCIAÇÃO DE EMPREGADORES;empregadores;Extinta;2008-02-08;2010-05-08
5.378.1;ASSOCIAÇÃO NACIONAL DOS TÉCNICOS PROFISSIONAIS DE PENTEADO ARTE E BELEZA;TECNICOSPENTEADOARTE;recurso;ASSOCIAÇÃO DE EMPREGADORES;empregadores;Activa;1988-04-15;1988-04-15
5.7.0;ASSOCIAÇÃO NACIONAL DOS TRANSPORTADORES RODOVIÁRIOS EM AUTOMÓVEIS LIGEIROS;ANTRAL;registo;ASSOCIAÇÃO DE EMPREGADORES;empregadores;Activa;1975-04-22;2025-12-15
5.287.0;ASSOCIAÇÃO NACIONAL DOS VENDEDORES DE JORNAIS E LOTARIAS;VENDEDORESJORNAIS;recurso;ASSOCIAÇÃO DE EMPREGADORES;empregadores;Extinta;1976-12-31;2011-06-08
5.622.0;ASSOCIAÇÃO NACIONAL INSTALADORES E REPARADORES DE TACÓGRAFOS E TAXÍMETROS;TACTAX;registo;ASSOCIAÇÃO DE EMPREGADORES;empregadores;Activa;2022-02-12;2022-03-08
5.400.0;ASSOCIAÇÃO NORDESTE AGRÁRIA;ANA;registo;ASSOCIAÇÃO DE EMPREGADORES;empregadores;Extinta;1986-07-15;2012-08-15
5.608.0;ASSOCIAÇÃO PARA A DEFESA, PROMOÇAO E INOVAÇAO DOS RESTAURANTES DE PORTUGAL;PROVAR;registo;ASSOCIAÇÃO DE EMPREGADORES;empregadores;Activa;2014-11-05;2015-01-08
5.91.0;ASSOCIAÇÃO PATRONAL DOS COMERCIANTES DOS CONCELHOS DE TAVIRA, VILA REAL DE SANTO ANTÓNIO, CASTRO MARIM E ALCOUTIM;PATRONALCOMERCIANTES;recurso;ASSOCIAÇÃO DE EMPREGADORES;empregadores;Extinta;1977-07-08;1980-06-29
5.566.0;ASSOCIAÇÃO PORTUGESA DOS EMPRESARIOS DOS ESTABELECIMENTOS DE BEBIDAS COM DIVERSAO NOCTURNA;APEBN;registo;ASSOCIAÇÃO DE EMPREGADORES;empregadores;Extinta;2005-03-08;2011-07-22
5.88.1;ASSOCIAÇÃO PORTUGUESA DA HOSPITALIZAÇÃO PRIVADA;APHP;registo;ASSOCIAÇÃO DE EMPREGADORES;empregadores;Activa;1981-07-30;2026-06-15
5.511.0;ASSOCIAÇÃO PORTUGUESA DA INDÚSTRIA DE CERÂMICA;APICER;registo;ASSOCIAÇÃO DE EMPREGADORES;empregadores;Activa;1997-02-15;2013-06-15
5.511.2;ASSOCIAÇÃO PORTUGUESA DA INDÚSTRIA DE CERÃMICA;APICER;registo;ASSOCIAÇÃO DE EMPREGADORES;empregadores;Activa;2023-05-22;2023-12-29
5.351.0;ASSOCIAÇÃO PORTUGUESA DA INDÚSTRIA DE FOTOGRAMETRIA, CARTOGRAFIA E TOPOGRAFIA;AFOCARTO;registo;ASSOCIAÇÃO DE EMPREGADORES;empregadores;Extinta;1982-04-30;2012-04-22
5.446.0;ASSOCIAÇÃO PORTUGUESA DA INDÚSTRIA DE MOAGEM;APIM;registo;ASSOCIAÇÃO DE EMPREGADORES;empregadores;Activa;1990-11-30;1998-08-15
5.446.1;ASSOCIAÇÃO PORTUGUESA DA INDÚSTRIA DE MOAGEM E MASSAS;APIM;registo;ASSOCIAÇÃO DE EMPREGADORES;empregadores;Activa;1999-07-29;2017-06-08
5.446.2;ASSOCIAÇÃO PORTUGUESA DA INDÚSTRIA DE MOAGEM, MASSAS, BOLACHAS E CEREAIS DE PEQUENO-ALMOÇO - APIM;APIM;registo;ASSOCIAÇÃO DE EMPREGADORES;empregadores;Activa;2017-06-23;2026-07-22
5.64.1;ASSOCIAÇÃO PORTUGUESA DA INDÚSTRIA DE OURIVESARIA;APIO;registo;ASSOCIAÇÃO DE EMPREGADORES;empregadores;Activa;2009-05-29;2024-05-08
5.72.0;ASSOCIAÇÃO PORTUGUESA DA INDÚSTRIA DE PLÁSTICOS;APIP;registo;ASSOCIAÇÃO DE EMPREGADORES;empregadores;Activa;1975-09-10;2025-05-08
5.10.1;ASSOCIAÇÃO PORTUGUESA DA INDÚSTRIA DE REFRIGERAÇÃO E AR CONDICIONADO;APIRAC;registo;ASSOCIAÇÃO DE EMPREGADORES;empregadores;Activa;1991-08-30;2014-05-22
5.124.1;ASSOCIAÇÃO PORTUGUESA DA INDÚSTRIA DOS RECURSOS MINERAIS (ASSIMAGRA);ASSIMAGRA;registo;ASSOCIAÇÃO DE EMPREGADORES;empregadores;Activa;2020-07-27;2024-03-15
5.444.0;ASSOCIAÇÃO PORTUGUESA DA INDÚSTRIA E DO COMERCIO DOS PRODUTOS IRRECUPERÁVEIS DE USO CLINICO NÃO FARMACÊUTICOS;APORMED;registo;ASSOCIAÇÃO DE EMPREGADORES;empregadores;Activa;1990-11-15;1990-11-15
5.50.5;ASSOCIAÇÃO PORTUGUESA DA INDÚSTRIA ELETRODIGITAL;AGEFE;registo;ASSOCIAÇÃO DE EMPREGADORES;empregadores;Activa;2025-10-08;2025-10-08
5.76.0;ASSOCIAÇÃO PORTUGUESA DA INDÚSTRIA FARMACÊUTICA;INDUSTRIA;recurso;ASSOCIAÇÃO DE EMPREGADORES;empregadores;Activa;1975-09-11;2015-02-28
5.76.1;ASSOCIAÇÃO PORTUGUESA DA INDÚSTRIA FARMACÊUTICA (APIFARMA);APIFARMA;registo;ASSOCIAÇÃO DE EMPREGADORES;empregadores;Activa;2001-04-19;2025-12-29
5.616.0;ASSOCIAÇÃO PORTUGUESA DA INDÚSTRIA FARMACEUTICA DE MEDICAMENTOS VETERINARIOS;APIFVET;registo;ASSOCIAÇÃO DE EMPREGADORES;empregadores;Activa;2018-05-29;2024-04-08
5.51.1;ASSOCIAÇÃO PORTUGUESA DA INDÚSTRIA MINERAL;APIMINERAL;registo;ASSOCIAÇÃO DE EMPREGADORES;empregadores;Extinta;1991-03-15;2005-12-08
5.273.2;ASSOCIAÇÃO PORTUGUESA DA MEDIAÇAO PROFISSIONAL DE SEGUROS;APROSE;registo;ASSOCIAÇÃO DE EMPREGADORES;empregadores;Activa;2014-03-15;2015-04-15
5.86.2;ASSOCIAÇÃO PORTUGUESA DA QUIMICA PETROQUIMICA E REFINAÇAO;APQUIMICA;registo;ASSOCIAÇÃO DE EMPREGADORES;empregadores;Activa;2018-05-29;2026-04-15
5.153.0;ASSOCIAÇÃO PORTUGUESA DAS ACTIVIDADES PUBLICITÁRIAS;ACTIVIDADES;recurso;ASSOCIAÇÃO DE EMPREGADORES;empregadores;Activa;1975-09-24;2000-05-29
5.522.0;ASSOCIAÇÃO PORTUGUESA DAS AGÊNCIAS DE LEILÕES;APAL;registo;ASSOCIAÇÃO DE EMPREGADORES;empregadores;Extinta;1998-04-15;2018-10-29
5.153.1;ASSOCIAÇÃO PORTUGUESA DAS AGENCIAS DE PUBLICIDADE;APAP;registo;ASSOCIAÇÃO DE EMPREGADORES;empregadores;Activa;1977-12-08;1983-04-30
5.153.3;ASSOCIAÇÃO PORTUGUESA DAS AGÊNCIAS DE PUBLICIDADE, COMUNICAÇÃO E MARKETING;APAP;registo;ASSOCIAÇÃO DE EMPREGADORES;empregadores;Activa;2010-05-22;2025-01-08
5.132.0;ASSOCIAÇÃO PORTUGUESA DAS AGÊNCIAS DE VIAGENS E TURISMO;APAVT;registo;ASSOCIAÇÃO DE EMPREGADORES;empregadores;Activa;1975-10-01;2026-06-15
5.118.1;ASSOCIAÇÃO PORTUGUESA DAS BEBIDAS REFRESCANTES NÃO ALCOÓLICAS;PROBEB;registo;ASSOCIAÇÃO DE EMPREGADORES;empregadores;Activa;2011-06-29;2025-09-15
5.493.0;ASSOCIAÇÃO PORTUGUESA DAS DISTRIBUIDORAS DE PUBLICAÇÕES;DISTRIBUIDORAS;recurso;ASSOCIAÇÃO DE EMPREGADORES;empregadores;Extinta;1996-09-30;2012-05-22
5.110.0;ASSOCIAÇÃO PORTUGUESA DAS EMPRESAS CINEMATOGRÁFICAS;EMPRESAS;recurso;ASSOCIAÇÃO DE EMPREGADORES;empregadores;Activa;1975-09-20;2024-04-29
5.316.0;ASSOCIAÇÃO PORTUGUESA DAS EMPRESAS CONCESSIONÁRIAS DAS ZONAS DE JOGO;EMPRESAS;recurso;ASSOCIAÇÃO DE EMPREGADORES;empregadores;Activa;1978-12-15;1999-07-29
5.434.0;ASSOCIAÇÃO PORTUGUESA DAS EMPRESAS CONSTRUTORAS DE STANDS;APECS;registo;ASSOCIAÇÃO DE EMPREGADORES;empregadores;Extinta;1989-11-30;1989-11-30
5.392.0;ASSOCIAÇÃO PORTUGUESA DAS EMPRESAS DE BETÃO PRONTO;APEB;registo;ASSOCIAÇÃO DE EMPREGADORES;empregadores;Activa;1986-01-30;2023-03-22
5.597.1;ASSOCIAÇÃO PORTUGUESA DAS EMPRESAS DE CHAVES E SISTEMAS DE SEGURANÇA;APECSS;registo;ASSOCIAÇÃO DE EMPREGADORES;empregadores;Activa;2009-03-08;2010-03-29
5.597.2;ASSOCIAÇÃO PORTUGUESA DAS EMPRESAS DE CHAVES E SISTEMAS DE SEGURANÇA;APECSS;registo;ASSOCIAÇÃO DE EMPREGADORES;empregadores;Activa;2010-02-06;2018-03-22
5.419.0;ASSOCIAÇÃO PORTUGUESA DAS EMPRESAS DE CONTABILIDADE E ADMINISTRAÇAO;APECA;registo;ASSOCIAÇÃO DE EMPREGADORES;empregadores;Activa;1988-08-15;2000-01-15
5.419.2;ASSOCIAÇÃO PORTUGUESA DAS EMPRESAS DE CONTABILIDADE E ADMINISTRAÇÃO;APECA;registo;ASSOCIAÇÃO DE EMPREGADORES;empregadores;Activa;2005-06-29;2024-01-22
5.419.1;ASSOCIAÇÃO PORTUGUESA DAS EMPRESAS DE CONTABILIDADE, AUDITORIA E ADMINISTRAÇÃO;APECA;registo;ASSOCIAÇÃO DE EMPREGADORES;empregadores;Activa;1994-12-30;2003-11-15
5.444.1;ASSOCIAÇÃO PORTUGUESA DAS EMPRESAS DE DISPOSITIVOS MÉDICOS;APORMED;registo;ASSOCIAÇÃO DE EMPREGADORES;empregadores;Activa;2006-07-08;2023-07-15
5.429.0;ASSOCIAÇÃO PORTUGUESA DAS EMPRESAS DE FACTORING;EMPRESASFACTORING;recurso;ASSOCIAÇÃO DE EMPREGADORES;empregadores;Extinta;1989-09-30;2005-09-22
5.314.0;ASSOCIAÇÃO PORTUGUESA DAS EMPRESAS DE MEDIAÇÃO IMOBILIÁRIA;APEMI;registo;ASSOCIAÇÃO DE EMPREGADORES;empregadores;Activa;1978-06-29;2003-01-08
5.326.0;ASSOCIAÇÃO PORTUGUESA DAS EMPRESAS DE PREFABRICAÇÃO;EMPRESAS;recurso;ASSOCIAÇÃO DE EMPREGADORES;empregadores;Extinta;1979-09-15;2012-11-15
5.153.2;ASSOCIAÇÃO PORTUGUESA DAS EMPRESAS DE PUBLICIDADE E COMUNICAÇÃO;APAP;registo;ASSOCIAÇÃO DE EMPREGADORES;empregadores;Activa;1991-04-30;2009-06-08
5.377.0;ASSOCIAÇÃO PORTUGUESA DAS EMPRESAS DE PUBLICIDADE EXTERIOR;APEPE;registo;ASSOCIAÇÃO DE EMPREGADORES;empregadores;Activa;1985-01-30;2024-05-22
5.462.1;ASSOCIAÇÃO PORTUGUESA DAS EMPRESAS DE TECNOLOGIAS DE INFORMAÇÃO E COMUNICAÇÕES;APESI;registo;ASSOCIAÇÃO DE EMPREGADORES;empregadores;Extinta;1996-05-15;2014-04-22
5.413.0;ASSOCIAÇÃO PORTUGUESA DAS EMPRESAS DE TRABALHO TEMPORÁRIO;APETT;registo;ASSOCIAÇÃO DE EMPREGADORES;empregadores;Activa;1988-03-15;2006-07-22
5.68.1;ASSOCIAÇÃO PORTUGUESA DAS EMPRESAS DO SECTOR ELÉCTRICO E ELECTRÓNICO;EMPRESASSECTOR;recurso;ASSOCIAÇÃO DE EMPREGADORES;empregadores;Activa;2002-12-18;2025-12-20
5.413.1;ASSOCIAÇÃO PORTUGUESA DAS EMPRESAS DO SECTOR PRIVADO DE EMPREGO;APESPE;registo;ASSOCIAÇÃO DE EMPREGADORES;empregadores;Activa;2006-04-08;2014-08-08
5.413.2;ASSOCIAÇÃO PORTUGUESA DAS EMPRESAS DO SETOR PRIVADO DE EMPREGO E DOS RECURSOS HUMANOS - APESPE-RH;APESPE;registo;ASSOCIAÇÃO DE EMPREGADORES;empregadores;Activa;2015-07-29;2026-05-15
5.10.2;ASSOCIAÇÃO PORTUGUESA DAS EMPRESAS DOS SECTORES TERMICO, ENERGETICO, ELECTRONICO E DO AMBIENTE;APIRAC;registo;ASSOCIAÇÃO DE EMPREGADORES;empregadores;Activa;2014-08-29;2023-05-15
5.605.0;ASSOCIAÇÃO PORTUGUESA DAS EMPRESAS GESTORAS DE INVESTIMENTO PUBLICITÁRIOS;APEIP;registo;ASSOCIAÇÃO DE EMPREGADORES;empregadores;Activa;2013-10-08;2014-06-22
5.86.1;ASSOCIAÇÃO PORTUGUESA DAS EMPRESAS QUIMICAS;APEQ;registo;ASSOCIAÇÃO DE EMPREGADORES;empregadores;Activa;1994-07-30;2017-07-08
5.511.1;ASSOCIAÇÃO PORTUGUESA DAS INDÚSTRIAS DE CERÃMICA E DE CRISTALARIA;APICER;registo;ASSOCIAÇÃO DE EMPREGADORES;empregadores;Activa;2013-11-29;2022-10-29
5.511.3;ASSOCIAÇÃO PORTUGUESA DAS INDÚSTRIAS DE CERÃMICA E DE CRISTALARIA;APICER;registo;ASSOCIAÇÃO DE EMPREGADORES;empregadores;Activa;2023-12-29;2025-08-08
5.102.0;ASSOCIAÇÃO PORTUGUESA DAS INDÚSTRIAS DE MALHA;INDUSTRIASMALHA;recurso;ASSOCIAÇÃO DE EMPREGADORES;empregadores;Activa;1975-09-02;1990-08-15
5.102.1;ASSOCIAÇÃO PORTUGUESA DAS INDÚSTRIAS DE MALHA E CONFECÇÃO;INDUSTRIASMALHA;recurso;ASSOCIAÇÃO DE EMPREGADORES;empregadores;Activa;1993-08-30;2001-10-29
5.388.0;ASSOCIAÇÃO PORTUGUESA DAS INDÚSTRIAS DE MOBILIÁRIO E AFINS;APIMA;registo;ASSOCIAÇÃO DE EMPREGADORES;empregadores;Activa;1985-08-30;2025-03-08
5.117.0;ASSOCIAÇÃO PORTUGUESA DAS INDÚSTRIAS GRÁFICAS E TRANSFORMADORAS DO PAPEL;APIGTP;registo;ASSOCIAÇÃO DE EMPREGADORES;empregadores;Activa;1975-08-27;2001-04-15
5.117.1;ASSOCIAÇÃO PORTUGUESA DAS INDÚSTRIAS GRÁFICAS, DE COMUNICAÇÃO VISUAL E TRANSFORMADORAS DO PAPEL;APIGRAF;registo;ASSOCIAÇÃO DE EMPREGADORES;empregadores;Activa;2001-06-15;2014-09-08
5.117.3;ASSOCIAÇÃO PORTUGUESA DAS INDÚSTRIAS GRÁFICAS, DE EMBALAGEM E DE COMUNICAÇÃO DIGITAL;APIGRAF;registo;ASSOCIAÇÃO DE EMPREGADORES;empregadores;Activa;2024-06-08;2026-03-22
5.117.2;ASSOCIAÇÃO PORTUGUESA DAS INDÚSTRIAS GRÁFICAS, E TRANSFORMADORAS DO PAPEL;APIGRAF;registo;ASSOCIAÇÃO DE EMPREGADORES;empregadores;Activa;2015-01-21;2019-11-29
5.51.0;ASSOCIAÇÃO PORTUGUESA DAS INDÚSTRIAS MINEIRAS;INDUSTRIASMINEIRAS;recurso;ASSOCIAÇÃO DE EMPREGADORES;empregadores;Extinta;1975-08-27;1990-08-30
5.489.0;ASSOCIAÇÃO PORTUGUESA DE ACUPUNCTURA SU JOK;ACUPUNCTURASUJOK;recurso;ASSOCIAÇÃO DE EMPREGADORES;empregadores;Extinta;1994-12-15;2012-02-08
5.380.0;ASSOCIAÇÃO PORTUGUESA DE ADMINISTRADORES DE CONSÓRCIOS DE COMPRA EM GRUPO (EXTINTA);EXTINTA;derivada;ASSOCIAÇÃO DE EMPREGADORES;empregadores;Extinta;1985-03-30;1997-04-15
5.600.0;ASSOCIAÇÃO PORTUGUESA DE AGENCIAS DE MEIOS;APAME;registo;ASSOCIAÇÃO DE EMPREGADORES;empregadores;Activa;2010-05-18;2026-08-15
5.533.0;ASSOCIAÇÃO PORTUGUESA DE AGENTES E REPRESENTANTES DE AUTOMÓVEIS DA UNIÃO EUROPEIA;LOSANGO;registo;ASSOCIAÇÃO DE EMPREGADORES;empregadores;Extinta;2000-06-17;2012-04-08
5.403.0;ASSOCIAÇÃO PORTUGUESA DE ALIMENTAÇÃO RACIONAL E DIETÉTICA;APARD;registo;ASSOCIAÇÃO DE EMPREGADORES;empregadores;Activa;1986-10-30;2007-11-29
5.299.1;ASSOCIAÇÃO PORTUGUESA DE ANALISTAS CLINICOS;APAC;registo;ASSOCIAÇÃO DE EMPREGADORES;empregadores;Activa;1983-03-30;2023-04-29
5.582.0;ASSOCIAÇÃO PORTUGUESA DE ARMAZENISTAS DE TABACOS;ARMAZENISTASTABACOS;recurso;ASSOCIAÇÃO DE EMPREGADORES;empregadores;Activa;2006-05-22;2008-01-22
5.384.0;ASSOCIAÇÃO PORTUGUESA DE BANCOS;BANCOS;recurso;ASSOCIAÇÃO DE EMPREGADORES;empregadores;Extinta;1985-06-30;2020-11-15
5.125.1;ASSOCIAÇÃO PORTUGUESA DE BARBEARIAS, CABELEIREIROS E INSTITUTOS DE BELEZA;BARBEARIAS;recurso;ASSOCIAÇÃO DE EMPREGADORES;empregadores;Activa;1988-11-30;2024-06-08
5.495.0;ASSOCIAÇÃO PORTUGUESA DE BIOTECNOLOGIA;BIOTECNOLOGIA;recurso;ASSOCIAÇÃO DE EMPREGADORES;empregadores;Extinta;1995-06-30;2021-03-08
5.216.1;ASSOCIAÇÃO PORTUGUESA DE CABELEIREIRO E ESTÉTICA DE BRAGA;CABELEIREIROESTETICA;recurso;ASSOCIAÇÃO DE EMPREGADORES;empregadores;Activa;2012-09-08;2023-09-29
5.316.1;ASSOCIAÇÃO PORTUGUESA DE CASINOS;CASINOS;recurso;ASSOCIAÇÃO DE EMPREGADORES;empregadores;Activa;1997-04-03;2023-02-22
5.59.0;ASSOCIAÇÃO PORTUGUESA DE CERÂMICA;APC;registo;ASSOCIAÇÃO DE EMPREGADORES;empregadores;Extinta;1975-12-13;2011-06-29
5.465.0;ASSOCIAÇÃO PORTUGUESA DE CLINICAS PRIVADAS DE HEMODIÁLISE;CLINICASPRIVADAS;recurso;ASSOCIAÇÃO DE EMPREGADORES;empregadores;Extinta;1993-04-15;1996-08-30
5.154.3;ASSOCIAÇÃO PORTUGUESA DE COLAS, ADESIVOS E SELANTES;APCAS;registo;ASSOCIAÇÃO DE EMPREGADORES;empregadores;Activa;2019-11-08;2025-04-29
5.19.0;ASSOCIAÇÃO PORTUGUESA DE COMÉRCIO E INDÚSTRIA DE MADEIRAS;APCIM;registo;ASSOCIAÇÃO DE EMPREGADORES;empregadores;Extinta;1975-08-09;1997-05-15
5.424.0;ASSOCIAÇÃO PORTUGUESA DE COMÉRCIO INTERNACIONAL;APCI;registo;ASSOCIAÇÃO DE EMPREGADORES;empregadores;Extinta;1989-01-15;1994-08-30
5.310.0;ASSOCIAÇÃO PORTUGUESA DE CONSTRUTORES DE ALUMINIO;CONSTRUTORESALUMINIO;recurso;ASSOCIAÇÃO DE EMPREGADORES;empregadores;Extinta;1978-02-28;2012-12-29
5.568.0;ASSOCIAÇÃO PORTUGUESA DE CONTACT CENTERS;APCC;registo;ASSOCIAÇÃO DE EMPREGADORES;empregadores;Extinta;2005-05-08;2021-08-08
5.167.3;ASSOCIAÇÃO PORTUGUESA DE CORTIÇA;APCOR;registo;ASSOCIAÇÃO DE EMPREGADORES;empregadores;Activa;1999-05-15;2026-09-22
5.438.0;ASSOCIAÇÃO PORTUGUESA DE COURIERS;APOC;registo;ASSOCIAÇÃO DE EMPREGADORES;empregadores;Extinta;1990-05-15;2013-03-08
5.127.0;ASSOCIAÇÃO PORTUGUESA DE EDITORES E LIVREIROS;EDITORESLIVREIROS;recurso;ASSOCIAÇÃO DE EMPREGADORES;empregadores;Activa;1975-09-18;2022-10-29
5.415.0;ASSOCIAÇÃO PORTUGUESA DE ELECTROENCEFALOGRAFIA E NEUROFISIOLOGIA CLINICA;ELECTROENCEFALOGRAFI;recurso;ASSOCIAÇÃO DE EMPREGADORES;empregadores;Activa;1988-04-15;2021-08-22
5.529.0;ASSOCIAÇÃO PORTUGUESA DE EMPREITEIROS DE ACABAMENTOS DE INTERIORES;EMPREITEIROS;recurso;ASSOCIAÇÃO DE EMPREGADORES;empregadores;Extinta;2000-07-08;2013-02-22
5.82.0;ASSOCIAÇÃO PORTUGUESA DE EMPRESÁRIOS DE ESPECTÁCULOS;EMPRESARIOS;recurso;ASSOCIAÇÃO DE EMPREGADORES;empregadores;Extinta;1975-11-29;2011-11-22
5.614.0;ASSOCIAÇÃO PORTUGUESA DE EMPRESAS DE AMBULANCIA;APEA;registo;ASSOCIAÇÃO DE EMPREGADORES;empregadores;Extinta;2017-11-27;2020-07-15
5.524.0;ASSOCIAÇÃO PORTUGUESA DE EMPRESAS DE ANIMAÇÃO CULTURAL E TURISMO DE NATUREZA E AVENTURA;PACTA;registo;ASSOCIAÇÃO DE EMPREGADORES;empregadores;Extinta;1998-07-30;2009-06-08
5.347.1;ASSOCIAÇÃO PORTUGUESA DE EMPRESAS DE DISTRIBUIÇÃO;APED;registo;ASSOCIAÇÃO DE EMPREGADORES;empregadores;Activa;1994-07-15;2024-05-15
5.96.0;ASSOCIAÇÃO PORTUGUESA DE EMPRESAS DE DIVERSÕES;EMPRESASDIVERSOES;recurso;ASSOCIAÇÃO DE EMPREGADORES;empregadores;Activa;1975-10-01;2026-06-08
5.467.0;ASSOCIAÇÃO PORTUGUESA DE EMPRESAS DE ESTUDOS DE MERCADO E OPINIÃO;APODEMO;registo;ASSOCIAÇÃO DE EMPREGADORES;empregadores;Activa;1993-05-15;2021-07-29
5.556.0;ASSOCIAÇÃO PORTUGUESA DE EMPRESAS DE GESTÃO E RECUPERAÇÃO DE CRÉDITOS;APERC;registo;ASSOCIAÇÃO DE EMPREGADORES;empregadores;Activa;2004-02-15;2023-09-22
5.472.0;ASSOCIAÇÃO PORTUGUESA DE EMPRESAS DE INFORMAÇÃO DE NEGÓCIOS;APEIN;registo;ASSOCIAÇÃO DE EMPREGADORES;empregadores;Extinta;1994-02-15;2011-06-08
5.474.1;ASSOCIAÇÃO PORTUGUESA DE EMPRESAS DE INVESTIMENTO;APC;registo;ASSOCIAÇÃO DE EMPREGADORES;empregadores;Extinta;2006-07-15;2019-07-15
5.462.0;ASSOCIAÇÃO PORTUGUESA DE EMPRESAS DE SERVIÇOS DE INFORMÁTICA;APESI;registo;ASSOCIAÇÃO DE EMPREGADORES;empregadores;Extinta;1993-01-15;1993-01-15
5.434.1;ASSOCIAÇÃO PORTUGUESA DE EMPRESAS DE SERVIÇOS PARA FEIRAS E EXPOSIÇÕES;APECS;registo;ASSOCIAÇÃO DE EMPREGADORES;empregadores;Extinta;1993-12-15;2012-02-22
5.451.0;ASSOCIAÇÃO PORTUGUESA DE EMPRESAS DE TECNOLOGIAS AMBIENTAIS;APEMETA;registo;ASSOCIAÇÃO DE EMPREGADORES;empregadores;Activa;1991-04-30;2026-07-08
5.86.0;ASSOCIAÇÃO PORTUGUESA DE EMPRESAS INDÚSTRIAIS DE PRODUTOS QUIMICOS;EMPRESASINDUSTRIAIS;recurso;ASSOCIAÇÃO DE EMPREGADORES;empregadores;Activa;1975-09-11;1986-03-15
5.420.0;ASSOCIAÇÃO PORTUGUESA DE EMPRESAS PARA A FORMAÇÃO E APERFEIÇOAMENTO EM GESTÃO, EM NOVAS TECNOLOGIAS E NOUTRAS TÉCNICAS PROFISSIONAIS DOS SECTORES DE PLÁSTICOS, MADEIRAS E MOBILIÁRIOS, CERÂMICAS, ROCHAS ORNAMENTAIS E SERVIÇOS DOS DISTRITOS DE LEIRIA, COIMBRA E SANTARÉM;FORMAPE;registo;ASSOCIAÇÃO DE EMPREGADORES;empregadores;Activa;1988-07-15;1988-07-15
5.431.0;ASSOCIAÇÃO PORTUGUESA DE ESCOLAS DE CABELEIREIRO, ESTÉTICA E MASSAGEM;APECEM;registo;ASSOCIAÇÃO DE EMPREGADORES;empregadores;Extinta;1989-11-15;2014-01-08
5.463.0;ASSOCIAÇÃO PORTUGUESA DE ESCOLAS DE CONDUÇÃO;APEC;registo;ASSOCIAÇÃO DE EMPREGADORES;empregadores;Activa;1993-02-28;2026-09-08
5.382.0;ASSOCIAÇÃO PORTUGUESA DE ESTÉTICA APLICADA E PROFISSÕES AFINS;APEP;registo;ASSOCIAÇÃO DE EMPREGADORES;empregadores;Extinta;1985-07-30;2013-05-08
5.282.1;ASSOCIAÇÃO PORTUGUESA DE FABRICANTES DE PAPEL E CARTÃO;FAPEL;registo;ASSOCIAÇÃO DE EMPREGADORES;empregadores;Activa;1979-09-15;2023-04-08
5.274.1;ASSOCIAÇÃO PORTUGUESA DE FACILITY SERVICES;APFS;registo;ASSOCIAÇÃO DE EMPREGADORES;empregadores;Activa;2008-01-15;2025-02-28
5.67.0;ASSOCIAÇÃO PORTUGUESA DE GROSSISTAS TÊXTEIS;GROSSISTASTEXTEIS;recurso;ASSOCIAÇÃO DE EMPREGADORES;empregadores;Extinta;1975-09-01;1995-08-15
5.374.0;ASSOCIAÇÃO PORTUGUESA DE HOMEOPATIA;APH;registo;ASSOCIAÇÃO DE EMPREGADORES;empregadores;Activa;1984-08-15;2023-02-22
5.134.1;ASSOCIAÇÃO PORTUGUESA DE HOTEIS;APH;registo;ASSOCIAÇÃO DE EMPREGADORES;empregadores;Extinta;1990-08-30;2002-01-08
5.578.1;ASSOCIAÇÃO PORTUGUESA DE HOTELARIA, RESTAURAÇÃO E TURISMO;APHORT;registo;ASSOCIAÇÃO DE EMPREGADORES;empregadores;Activa;2008-01-08;2025-08-08
5.139.1;ASSOCIAÇÃO PORTUGUESA DE IMPRENSA;AIND;registo;ASSOCIAÇÃO DE EMPREGADORES;empregadores;Activa;2001-02-15;2010-11-29
5.139.2;ASSOCIAÇÃO PORTUGUESA DE IMPRENSA;APIMPRENSA;registo;ASSOCIAÇÃO DE EMPREGADORES;empregadores;Activa;2013-04-16;2025-02-28
5.254.1;ASSOCIAÇÃO PORTUGUESA DE INDÚSTRIA E IMPORTAÇAO DE ESPECIALIDADES FARMACÊUTICAS;FARMAPORTUGUESA;registo;ASSOCIAÇÃO DE EMPREGADORES;empregadores;Extinta;1985-08-15;1987-07-30
5.21.0;ASSOCIAÇÃO PORTUGUESA DE INDÚSTRIAIS DE CERÂMICA DE CONSTRUÇÃO;APICC;registo;ASSOCIAÇÃO DE EMPREGADORES;empregadores;Extinta;1975-09-10;2002-02-08
5.336.0;ASSOCIAÇÃO PORTUGUESA DE INDÚSTRIAIS DE TOMATE;INDUSTRIAISTOMATE;recurso;ASSOCIAÇÃO DE EMPREGADORES;empregadores;Extinta;1980-10-15;2012-05-22
5.450.0;ASSOCIAÇÃO PORTUGUESA DE MATADOUROS REGIONAIS;APMR;registo;ASSOCIAÇÃO DE EMPREGADORES;empregadores;Activa;1991-04-30;1991-04-30
5.443.0;ASSOCIAÇÃO PORTUGUESA DE MEDIADORES DE MERCADO DE CAPITAIS;MEDIADORESMERCADO;recurso;ASSOCIAÇÃO DE EMPREGADORES;empregadores;Extinta;1990-09-30;2012-02-08
5.423.0;ASSOCIAÇÃO PORTUGUESA DE MEDIADORES DO MERCADO DE CAPITAIS;MEDIADORESMERCADO;recurso;ASSOCIAÇÃO DE EMPREGADORES;empregadores;Extinta;1988-12-30;1990-05-30
5.344.1;ASSOCIAÇÃO PORTUGUESA DE MEDICAMENTOS DE VENDA LIVRE E PARAFARMÁCIA;MEDICAMENTOSVENDA;recurso;ASSOCIAÇÃO DE EMPREGADORES;empregadores;Extinta;1989-08-30;2013-02-08
5.355.0;ASSOCIAÇÃO PORTUGUESA DE MEDICINA ACUPUNCTURAL;APMA;registo;ASSOCIAÇÃO DE EMPREGADORES;empregadores;Activa;1982-08-14;2010-10-29
5.327.1;ASSOCIAÇÃO PORTUGUESA DE MEDICINA FÍSICA E DE REABILITAÇÃO;APMFR;registo;ASSOCIAÇÃO DE EMPREGADORES;empregadores;Activa;2014-05-23;2025-06-29
5.367.0;ASSOCIAÇÃO PORTUGUESA DE MEDICINA PRIVADA;MEDICINAPRIVADA;recurso;ASSOCIAÇÃO DE EMPREGADORES;empregadores;Extinta;1984-09-30;2013-03-22
5.527.0;ASSOCIAÇÃO PORTUGUESA DE MEDICINA TRADICIONAL;APMT;registo;ASSOCIAÇÃO DE EMPREGADORES;empregadores;Extinta;2000-05-22;2010-10-22
5.520.0;ASSOCIAÇÃO PORTUGUESA DE MÉDICOS DE FAMÍLIA INDEPENDENTES;APMF;registo;ASSOCIAÇÃO DE EMPREGADORES;empregadores;Extinta;1998-02-15;2011-10-29
5.352.0;ASSOCIAÇÃO PORTUGUESA DE NATUROPATIA;APNA;registo;ASSOCIAÇÃO DE EMPREGADORES;empregadores;Extinta;1982-05-29;2018-08-15
5.323.0;ASSOCIAÇÃO PORTUGUESA DE ODONTOLOGIA;APO;registo;ASSOCIAÇÃO DE EMPREGADORES;empregadores;Extinta;1979-04-15;2013-06-22
5.268.0;ASSOCIAÇÃO PORTUGUESA DE ODONTOLOGISTAS;APO;registo;ASSOCIAÇÃO DE EMPREGADORES;empregadores;Extinta;1976-08-19;1977-03-11
5.426.1;ASSOCIAÇÃO PORTUGUESA DE ÓLEOS E GORDURAS VEGETAIS, MARGARINAS E DERIVADOS;OLEOSGORDURAS;recurso;ASSOCIAÇÃO DE EMPREGADORES;empregadores;Extinta;2004-06-29;2012-05-29
5.544.0;ASSOCIAÇÃO PORTUGUESA DE OSTEOPATAS;APO;registo;ASSOCIAÇÃO DE EMPREGADORES;empregadores;Extinta;2003-02-15;2012-05-29
5.543.0;ASSOCIAÇÃO PORTUGUESA DE PARAFARMÁCIAS;PARAFARMACIAS;recurso;ASSOCIAÇÃO DE EMPREGADORES;empregadores;Extinta;2002-03-15;2013-05-08
5.437.0;ASSOCIAÇÃO PORTUGUESA DE PARQUES AQUÁTICOS E DE LAZER;APPAL;registo;ASSOCIAÇÃO DE EMPREGADORES;empregadores;Extinta;1990-04-16;2014-04-15
5.284.1;ASSOCIAÇÃO PORTUGUESA DE PISCINAS;APP;registo;ASSOCIAÇÃO DE EMPREGADORES;empregadores;Activa;2020-07-08;2020-11-29
5.512.0;ASSOCIAÇÃO PORTUGUESA DE PRODUTORES DE FLOCOS DE CEREAIS;AFLOC;registo;ASSOCIAÇÃO DE EMPREGADORES;empregadores;Activa;1997-05-30;2026-08-08
5.418.0;ASSOCIAÇÃO PORTUGUESA DE PRODUTORES DE PLANTAS E FLORES NATURAIS;PRODUTORESPLANTAS;recurso;ASSOCIAÇÃO DE EMPREGADORES;empregadores;Activa;1988-06-15;2025-04-15
5.273.0;ASSOCIAÇÃO PORTUGUESA DE PRODUTORES DE SEGUROS;APROSE;registo;ASSOCIAÇÃO DE EMPREGADORES;empregadores;Activa;1976-08-11;1976-08-17
5.284.0;ASSOCIAÇÃO PORTUGUESA DE PROFISSIONAIS DE PISCINAS,INSTALAÇÕES DESPORTIVAS E LAZER;APP;registo;ASSOCIAÇÃO DE EMPREGADORES;empregadores;Activa;1999-07-29;2019-11-29
5.152.0;ASSOCIAÇÃO PORTUGUESA DE PROPRIETÁRIOS DE ESTABELECIMENTOS DE ENSINO PARTICULAR;PROPRIETARIOS;recurso;ASSOCIAÇÃO DE EMPREGADORES;empregadores;Extinta;1977-06-29;1987-05-27
5.502.0;ASSOCIAÇÃO PORTUGUESA DE RADIODIFUSÃO;APR;registo;ASSOCIAÇÃO DE EMPREGADORES;empregadores;Activa;1996-08-30;2025-03-29
5.448.0;ASSOCIAÇÃO PORTUGUESA DE SEGURADORES;APS;registo;ASSOCIAÇÃO DE EMPREGADORES;empregadores;Extinta;1991-02-15;2015-11-29
5.572.2;ASSOCIAÇÃO PORTUGUESA DE SEGURANÇA;APSEI;registo;ASSOCIAÇÃO DE EMPREGADORES;empregadores;Activa;2012-03-08;2025-08-22
5.572.1;ASSOCIAÇÃO PORTUGUESA DE SEGURANÇA ELETRÓNICA E DE PROTECÇÃO INCÊNDIO;APSEI;registo;ASSOCIAÇÃO DE EMPREGADORES;empregadores;Activa;2005-12-15;2009-05-29
5.474.0;ASSOCIAÇÃO PORTUGUESA DE SOCIEDADES CORRETORAS E FINANCEIRAS DE CORRETAGEM;APC;registo;ASSOCIAÇÃO DE EMPREGADORES;empregadores;Extinta;1994-05-15;2005-12-15
5.623.0;ASSOCIAÇÃO PORTUGUESA DE SPAS;SPAS;recurso;ASSOCIAÇÃO DE EMPREGADORES;empregadores;Extinta;2022-08-04;2022-09-22
5.623.1;ASSOCIAÇÃO PORTUGUESA DE SPAS;APSPT;registo;ASSOCIAÇÃO DE EMPREGADORES;empregadores;Extinta;2022-12-29;2025-12-22
5.295.0;ASSOCIAÇÃO PORTUGUESA DE SUINICULTORES;APS;registo;ASSOCIAÇÃO DE EMPREGADORES;empregadores;Extinta;1977-07-15;2014-12-08
5.403.1;ASSOCIAÇÃO PORTUGUESA DE SUPLEMENTOS ALIMENTARES;APSA;registo;ASSOCIAÇÃO DE EMPREGADORES;empregadores;Activa;2009-09-22;2009-09-22
5.403.2;ASSOCIAÇÃO PORTUGUESA DE SUPLEMENTOS ALIMENTARES;APARD;registo;ASSOCIAÇÃO DE EMPREGADORES;empregadores;Activa;2009-12-15;2024-01-29
5.597.0;ASSOCIAÇÃO PORTUGUESA DE TÉCNICOS DE CHAVES E SISTEMAS DE SEGURANÇA;APTCSS;registo;ASSOCIAÇÃO DE EMPREGADORES;empregadores;Activa;2008-12-22;2008-12-22
5.161.1;ASSOCIAÇÃO PORTUGUESA DE TÊXTEIS E VESTUÁRIO;TEXTEISVESTUARIO;recurso;ASSOCIAÇÃO DE EMPREGADORES;empregadores;Extinta;1994-12-15;2003-06-08
5.71.1;ASSOCIAÇÃO PORTUGUESA DE TINTAS;TINTAS;recurso;ASSOCIAÇÃO DE EMPREGADORES;empregadores;Activa;2008-08-08;2026-08-08
5.366.0;ASSOCIAÇÃO PORTUGUESA DE TRANSPORTADORES RODOVIÁRIOS INTERNACIONAIS DE MERCADORIAS;APORTIR;registo;ASSOCIAÇÃO DE EMPREGADORES;empregadores;Extinta;1984-05-15;1987-04-07
5.528.0;ASSOCIAÇÃO PORTUGUESA DE TRICOLOGOS;APT;registo;ASSOCIAÇÃO DE EMPREGADORES;empregadores;Extinta;2000-05-29;2001-05-22
5.288.0;ASSOCIAÇÃO PORTUGUESA DE VENDA AUTOMÁTICA;APVA;registo;ASSOCIAÇÃO DE EMPREGADORES;empregadores;Extinta;2002-08-08;2012-07-29
5.503.1;ASSOCIAÇÃO PORTUGUESA DO ENSINO SUPERIOR PARTICULAR;APESP;registo;ASSOCIAÇÃO DE EMPREGADORES;empregadores;Activa;1998-07-15;2000-03-15
5.503.0;ASSOCIAÇÃO PORTUGUESA DO ENSINO SUPERIOR PRIVADO;APESP;registo;ASSOCIAÇÃO DE EMPREGADORES;empregadores;Activa;1997-11-15;1997-11-15
5.503.2;ASSOCIAÇÃO PORTUGUESA DO ENSINO SUPERIOR PRIVADO;APESP;registo;ASSOCIAÇÃO DE EMPREGADORES;empregadores;Activa;2002-11-22;2024-12-29
5.298.0;ASSOCIAÇÃO PORTUGUESA DOS AGENTES ARTISTICOS;AGENTESARTISTICOS;recurso;ASSOCIAÇÃO DE EMPREGADORES;empregadores;Extinta;1977-06-29;2013-07-29
5.63.1;ASSOCIAÇÃO PORTUGUESA DOS AGENTES DE NAVEGAÇÃO;APAN;registo;ASSOCIAÇÃO DE EMPREGADORES;empregadores;Extinta;1992-12-30;1992-12-30
5.57.0;ASSOCIAÇÃO PORTUGUESA DOS AGENTES TRANSITÁRIOS;APAT;registo;ASSOCIAÇÃO DE EMPREGADORES;empregadores;Activa;1975-09-01;2003-07-08
5.340.0;ASSOCIAÇÃO PORTUGUESA DOS ARMADORES DA MARINHA MERCANTE;ARMADORESMARINHA;recurso;ASSOCIAÇÃO DE EMPREGADORES;empregadores;Extinta;1981-09-30;1991-01-30
5.79.0;ASSOCIAÇÃO PORTUGUESA DOS ARMAZENISTAS DE FERRAGENS, FERRAMENTAS E EQUIPAMENTOS INDÚSTRIAIS;ARMAZENISTAS;recurso;ASSOCIAÇÃO DE EMPREGADORES;empregadores;Extinta;1975-10-16;1994-07-30
5.80.0;ASSOCIAÇÃO PORTUGUESA DOS ARMAZENISTAS E IMPORTADORES DE AÇOS TUBOS E METAIS;ARMAZENISTAS;recurso;ASSOCIAÇÃO DE EMPREGADORES;empregadores;Activa;1975-09-10;1998-01-30
5.99.1;ASSOCIAÇÃO PORTUGUESA DOS COMERCIANTES DE MATERIAIS DE CONSTRUÇÃO;COMERCIANTES;recurso;ASSOCIAÇÃO DE EMPREGADORES;empregadores;Activa;1983-04-30;2026-06-22
5.534.1;ASSOCIAÇÃO PORTUGUESA DOS COMERCIANTES DE VENDA AO DOMICÍLIO (APCVD);APCVD;registo;ASSOCIAÇÃO DE EMPREGADORES;empregadores;Activa;2001-06-26;2025-07-29
5.534.0;ASSOCIAÇÃO PORTUGUESA DOS COMERCIANTES DE VENDA DIRECTA;APCVD;registo;ASSOCIAÇÃO DE EMPREGADORES;empregadores;Activa;2000-10-22;2000-10-22
5.510.0;ASSOCIAÇÃO PORTUGUESA DOS COMERCIANTES DE VENDA DIRECTA (EXTINTA);APCVD;registo;ASSOCIAÇÃO DE EMPREGADORES;empregadores;Extinta;1997-08-15;1998-06-15
5.589.0;ASSOCIAÇÃO PORTUGUESA DOS EMPREGADORES DE RESÍDUOS E LIMPEZA URBANA;APERLU;registo;ASSOCIAÇÃO DE EMPREGADORES;empregadores;Activa;2007-05-10;2025-04-08
5.183.0;ASSOCIAÇÃO PORTUGUESA DOS EXPORTADORES DE TÊXTEIS;EXPORTADORESTEXTEIS;recurso;ASSOCIAÇÃO DE EMPREGADORES;empregadores;Extinta;1975-10-28;1995-04-15
5.221.1;ASSOCIAÇÃO PORTUGUESA DOS FABRICANTES DE CANDEEIROS E ARTIGOS DE MENAGE;FABRICANTES;recurso;ASSOCIAÇÃO DE EMPREGADORES;empregadores;Extinta;1978-02-08;2011-07-29
5.71.0;ASSOCIAÇÃO PORTUGUESA DOS FABRICANTES DE TINTAS E VERNIZES;FABRICANTESTINTAS;recurso;ASSOCIAÇÃO DE EMPREGADORES;empregadores;Activa;1975-09-26;2008-08-08
5.248.0;ASSOCIAÇÃO PORTUGUESA DOS FORNECEDORES DE ARTIGOS DE ÓPTICA;APFAO;registo;ASSOCIAÇÃO DE EMPREGADORES;empregadores;Extinta;1975-12-22;2014-06-29
5.349.0;ASSOCIAÇÃO PORTUGUESA DOS GELADEIROS ARTESANAIS;ARTOGEL;registo;ASSOCIAÇÃO DE EMPREGADORES;empregadores;Extinta;1982-02-15;2011-10-29
5.50.2;ASSOCIAÇÃO PORTUGUESA DOS GROSISTAS E IMPORTADORES DE MATERIAL ELÉCTRICO, ELECTRÓNICO, ELECTRODOMÉSTICO E FOTOGRÁFICO E DE RELOJOARIA;AGEFE;registo;ASSOCIAÇÃO DE EMPREGADORES;empregadores;Activa;1989-06-15;2002-01-22
5.80.1;ASSOCIAÇÃO PORTUGUESA DOS GROSSISTAS DE AÇOS, METAIS E FERRAMENTAS;ACOMEFER;registo;ASSOCIAÇÃO DE EMPREGADORES;empregadores;Activa;1994-07-30;2024-07-22
5.31.1;ASSOCIAÇÃO PORTUGUESA DOS GROSSISTAS DE HORTOFRUTÍCOLAS E DOS OPERADORES DOS MERCADOS ABASTECEDORES;ANAIEF;registo;ASSOCIAÇÃO DE EMPREGADORES;empregadores;Activa;1996-04-30;2021-07-15
5.50.0;ASSOCIAÇÃO PORTUGUESA DOS GROSSISTAS DE MATERIAL ELÉCTRICO, FOTOGRÁFICO E ELECTRÓNICO;GROSSISTASMATERIAL;recurso;ASSOCIAÇÃO DE EMPREGADORES;empregadores;Activa;1975-10-15;1981-03-28
5.50.1;ASSOCIAÇÃO PORTUGUESA DOS GROSSISTAS E IMPORTADORES DE MATERIAL ELÉCTRICO, FOTOGRÁFICO E ELECTRÓNICO,;AGEFE;registo;ASSOCIAÇÃO DE EMPREGADORES;empregadores;Activa;1984-01-15;2015-07-08
5.103.0;ASSOCIAÇÃO PORTUGUESA DOS IMPORTADORES DE ALGODÃO EM RAMA;IMPORTADORESALGODAO;recurso;ASSOCIAÇÃO DE EMPREGADORES;empregadores;Extinta;1975-09-18;1997-12-30
5.254.0;ASSOCIAÇÃO PORTUGUESA DOS IMPORTADORES DE PRODUTOS FARMACÊUTICOS;IMPORTADORESPRODUTOS;recurso;ASSOCIAÇÃO DE EMPREGADORES;empregadores;Extinta;1976-01-22;1979-12-15
5.119.1;ASSOCIAÇÃO PORTUGUESA DOS INDÚSTRIAIS DE ÁGUAS MINERAIS NATURAIS E DE NASCENTE;APIAM;registo;ASSOCIAÇÃO DE EMPREGADORES;empregadores;Activa;1996-12-16;2018-05-15
5.119.3;ASSOCIAÇÃO PORTUGUESA DOS INDÚSTRIAIS DE ÁGUAS MINERAIS NATURAIS E DE NASCENTE (APIAM) ÁGUAS MINERAIS E DE NASCENTE DE PORTUGAL;APIAM;registo;ASSOCIAÇÃO DE EMPREGADORES;empregadores;Activa;2019-11-15;2024-06-08
5.65.0;ASSOCIAÇÃO PORTUGUESA DOS INDÚSTRIAIS DE ALIMENTOS COMPOSTOS PARA ANIMAIS;IACA;registo;ASSOCIAÇÃO DE EMPREGADORES;empregadores;Activa;1975-12-16;2025-07-08
5.60.0;ASSOCIAÇÃO PORTUGUESA DOS INDÚSTRIAIS DE ARTIGOS DE PELE E SEUS SUCEDÂNEOS;INDUSTRIAISARTIGOS;recurso;ASSOCIAÇÃO DE EMPREGADORES;empregadores;Extinta;1975-12-12;1977-12-29
5.105.0;ASSOCIAÇÃO PORTUGUESA DOS INDÚSTRIAIS DE BORRACHA;APIB;registo;ASSOCIAÇÃO DE EMPREGADORES;empregadores;Activa;1975-12-16;2026-02-28
5.121.0;ASSOCIAÇÃO PORTUGUESA DOS INDÚSTRIAIS DE CALÇADO;INDUSTRIAISCALCADO;recurso;ASSOCIAÇÃO DE EMPREGADORES;empregadores;Extinta;1975-09-22;1977-12-29
5.301.0;ASSOCIAÇÃO PORTUGUESA DOS INDÚSTRIAIS DE CALÇADO, COMPONENTES E ARTIGOS DE PELE E SEUS SUCEDÂNEOS;APICCAPS;registo;ASSOCIAÇÃO DE EMPREGADORES;empregadores;Activa;1977-12-29;2021-04-15
5.14.1;ASSOCIAÇÃO PORTUGUESA DOS INDÚSTRIAIS DE CARNES;APIC;registo;ASSOCIAÇÃO DE EMPREGADORES;empregadores;Activa;2008-02-15;2024-05-22
5.172.0;ASSOCIAÇÃO PORTUGUESA DOS INDÚSTRIAIS DE CURTUMES;INDUSTRIAISCURTUMES;recurso;ASSOCIAÇÃO DE EMPREGADORES;empregadores;Activa;1975-09-24;2023-08-08
5.501.0;ASSOCIAÇÃO PORTUGUESA DOS INDÚSTRIAIS DE ENGENHARIA ELÉCTRICA;APIEE;registo;ASSOCIAÇÃO DE EMPREGADORES;empregadores;Activa;1996-01-15;2002-01-22
5.501.1;ASSOCIAÇÃO PORTUGUESA DOS INDÚSTRIAIS DE ENGENHARIA ENERGÉTICA;APIEE;registo;ASSOCIAÇÃO DE EMPREGADORES;empregadores;Activa;2002-04-22;2024-07-22
5.20.0;ASSOCIAÇÃO PORTUGUESA DOS INDÚSTRIAIS DE FERRAGENS;INDUSTRIAISFERRAGENS;recurso;ASSOCIAÇÃO DE EMPREGADORES;empregadores;Extinta;1975-08-14;2000-08-15
5.20.1;ASSOCIAÇÃO PORTUGUESA DOS INDÚSTRIAIS DE FERRAGENS;INDUSTRIAISFERRAGENS;recurso;ASSOCIAÇÃO DE EMPREGADORES;empregadores;Extinta;2012-03-08;2012-03-08
5.264.0;ASSOCIAÇÃO PORTUGUESA DOS INDÚSTRIAIS DE MADEIRA;INDUSTRIAISMADEIRA;recurso;ASSOCIAÇÃO DE EMPREGADORES;empregadores;Extinta;1976-06-09;2012-03-15
5.124.0;ASSOCIAÇÃO PORTUGUESA DOS INDÚSTRIAIS DE MÁRMORES, GRANITOS E RAMOS AFINS;ASSIMAGRA;registo;ASSOCIAÇÃO DE EMPREGADORES;empregadores;Activa;1975-09-11;2013-07-08
5.10.0;ASSOCIAÇÃO PORTUGUESA DOS INDÚSTRIAIS DE REFRIGERAÇÃO E AR CONDICIONADO;APIRAC;registo;ASSOCIAÇÃO DE EMPREGADORES;empregadores;Activa;1975-08-14;1985-02-15
5.312.0;ASSOCIAÇÃO PORTUGUESA DOS INDÚSTRIAIS DE TRIPAS E AFINS;ITA;registo;ASSOCIAÇÃO DE EMPREGADORES;empregadores;Activa;1978-02-28;2026-01-23
5.37.1;ASSOCIAÇÃO PORTUGUESA DOS INDÚSTRIAIS DE VESTUÁRIO;APIV;registo;ASSOCIAÇÃO DE EMPREGADORES;empregadores;Extinta;1981-09-15;2003-02-28
5.383.0;ASSOCIAÇÃO PORTUGUESA DOS LABORATÓRIOS PRIVADOS DE ANÁLISES;APOLAPA;registo;ASSOCIAÇÃO DE EMPREGADORES;empregadores;Extinta;1985-06-15;2012-10-29
5.344.0;ASSOCIAÇÃO PORTUGUESA DOS MEDICAMENTOS DE VENDA LIVRE;MEDICAMENTOSVENDA;recurso;ASSOCIAÇÃO DE EMPREGADORES;empregadores;Extinta;1981-11-30;1984-04-30
5.370.0;ASSOCIAÇÃO PORTUGUESA DOS MÉDICOS CARDIOLOGISTAS;APOC0R;registo;ASSOCIAÇÃO DE EMPREGADORES;empregadores;Extinta;1984-07-15;2013-06-08
5.327.0;ASSOCIAÇÃO PORTUGUESA DOS MÉDICOS FISIATRAS;MEDICOSFISIATRAS;recurso;ASSOCIAÇÃO DE EMPREGADORES;empregadores;Activa;1979-09-22;2010-02-22
5.230.1;ASSOCIAÇÃO PORTUGUESA DOS MÉDICOS PATOLOGISTAS;APOMEPA;registo;ASSOCIAÇÃO DE EMPREGADORES;empregadores;Extinta;1981-05-30;2018-08-22
5.289.1;ASSOCIAÇÃO PORTUGUESA DOS MÉDICOS RADIOLOGISTAS;APOMERA;registo;ASSOCIAÇÃO DE EMPREGADORES;empregadores;Extinta;1981-03-21;2011-05-08
5.530.0;ASSOCIAÇÃO PORTUGUESA DOS PRESTADORES DE SERVIÇOS;APPS;registo;ASSOCIAÇÃO DE EMPREGADORES;empregadores;Activa;2000-06-08;2023-07-22
5.453.1;ASSOCIAÇÃO PORTUGUESA DOS PRODUTORES DE CERVEJA;APCV;registo;ASSOCIAÇÃO DE EMPREGADORES;empregadores;Activa;2011-04-08;2014-07-29
5.273.1;ASSOCIAÇÃO PORTUGUESA DOS PRODUTORES PROFISSIONAIS DE SEGUROS;APROSE;registo;ASSOCIAÇÃO DE EMPREGADORES;empregadores;Activa;1992-05-15;2011-07-08
5.602.0;ASSOCIAÇÃO PORTUGUESA DOS PROFISSIONAIS DA IMAGEM;APPIMAGEM;registo;ASSOCIAÇÃO DE EMPREGADORES;empregadores;Activa;2013-08-08;2014-11-15
5.576.0;ASSOCIAÇÃO PORTUGUESA FORNECEDORES DE NAVIOS;FORNECEDORESNAVIOS;recurso;ASSOCIAÇÃO DE EMPREGADORES;empregadores;Activa;2006-02-08;2019-04-08
5.457.0;ASSOCIAÇÃO REGEONAL DOS UTENTES DE TERRENOS E ARMAZÉNS LICENCIADOS OU CONCESSIONADOS PELA ADMINISTRAÇÃO DO PORTO DE LISBOA;ARUP;registo;ASSOCIAÇÃO DE EMPREGADORES;empregadores;Extinta;1992-06-30;2012-05-08
5.386.0;ASSOCIAÇÃO REGIONAL DE SUINICULTORES DO NORDESTE;REGIONAL;recurso;ASSOCIAÇÃO DE EMPREGADORES;empregadores;Extinta;1985-08-15;2014-02-22
5.158.0;ASSOCIAÇÃO REGIONAL DO NORTE DA INDÚSTRIA E COMERCIO ALIMENTAR;ARNICA;registo;ASSOCIAÇÃO DE EMPREGADORES;empregadores;Extinta;2000-02-29;2010-12-08
5.369.0;ASSOCIAÇÃO REGIONAL DOS INDÚSTRIAIS DE CARNES DO NORDESTE TRANSMONTANO;ARICANT;registo;ASSOCIAÇÃO DE EMPREGADORES;empregadores;Extinta;1984-04-15;2014-11-15
5.303.1;ASSOCIAÇÃO REGIONAL DOS INDÚSTRIAIS DE CONSTRUÇAO E OBRAS PÚBLICAS DE LEIRIA;ARICOP;registo;ASSOCIAÇÃO DE EMPREGADORES;empregadores;Activa;2005-07-22;2020-07-29
5.303.2;ASSOCIAÇÃO REGIONAL DOS INDÚSTRIAIS DE CONSTRUÇÃO E OBRAS PÚBLICAS DE LEIRIA E OURÉM (ARICOP);ARICOP;registo;ASSOCIAÇÃO DE EMPREGADORES;empregadores;Activa;2020-11-08;2024-04-22
5.303.0;ASSOCIAÇÃO REGIONAL DOS INDÚSTRIAIS DE CONSTRUÇÃO E OBRAS PÚBLICAS DO DISTRITO DE LEIRIA;ARICOP;registo;ASSOCIAÇÃO DE EMPREGADORES;empregadores;Activa;1977-11-29;2004-04-22
5.253.0;ASSOCIAÇÃO REGIONAL DOS PANIFICADORES DO BAIXO ALENTEJO E ALGARVE;REGIONAL;recurso;ASSOCIAÇÃO DE EMPREGADORES;empregadores;Extinta;1976-02-21;2009-09-22
5.546.0;ASSOCIAÇÃO REPRESENTATIVA DAS EMPRESAS DE NAVEGAÇÃO AÉREA;RENA;registo;ASSOCIAÇÃO DE EMPREGADORES;empregadores;Activa;2002-05-22;2017-05-29
5.569.0;ASSOCIAÇÃO RODOVIÁRIA DE TRANSPORTADORES PESADOS DE PASSAGEIROS;ARP;registo;ASSOCIAÇÃO DE EMPREGADORES;empregadores;Activa;2005-05-15;2026-08-08
5.102.2;ASSOCIAÇÃO TÊXTIL E VESTUÁRIO DE PORTUGAL;ATP;registo;ASSOCIAÇÃO DE EMPREGADORES;empregadores;Activa;2003-06-08;2025-10-08
5.498.0;ASSOCIAÇÃO TURISTICA DAS TERRAS VERDES;TUTEVE;registo;ASSOCIAÇÃO DE EMPREGADORES;empregadores;Extinta;1995-10-15;2024-01-08
5.26.0;ASSOCIAÇÃO VOLUNTÁRIA DOS COMERCIANTES RETALHISTAS DO CONCELHO DE ALENQUER;VOLUNTARIA;recurso;ASSOCIAÇÃO DE EMPREGADORES;empregadores;Activa;1975-08-26;1975-08-26
5.94.1;ASSOCIÇAO DOS COMERCIANTES DE PESCADO;ACOPE;registo;ASSOCIAÇÃO DE EMPREGADORES;empregadores;Extinta;2014-05-29;2021-04-29
5.262.0;ASSOCIÇAO DOS INDÚSTRIAIS DE MOAGEM DO CENTRO;ASSOCICAOINDUSTRIAIS;recurso;ASSOCIAÇÃO DE EMPREGADORES;empregadores;Extinta;1976-02-24;2013-03-15
5.538.0;ASSOCOCIAÇAO DOS OPERADORES DO MERCADO ABASTECEDOR DA REGIÃO DE COIMBRA;ASSOMAC;registo;ASSOCIAÇÃO DE EMPREGADORES;empregadores;Extinta;2001-02-08;2012-01-22
5.314.1;ASSOCOCIAÇAO DOS PROFISSIONAIS E EMPRESAS DE MEDIAÇÃO IMOBILIÁRIA DE PORTUGAL;APEMIP;registo;ASSOCIAÇÃO DE EMPREGADORES;empregadores;Activa;2005-01-08;2026-05-22
5.542.1;ATTIMA ASSOCIAÇÃO DE TRANSPORTADORES DE TERRAS INERTES MADEIRAS E AFINS;ATTIMA;registo;ASSOCIAÇÃO DE EMPREGADORES;empregadores;Extinta;2007-11-20;2024-06-08
5.283.1;CASA DO AZEITE - ASSOCIAÇÃO DO AZEITE DE PORTUGAL;CASADOAZEITE;derivada;ASSOCIAÇÃO DE EMPREGADORES;empregadores;Activa;1994-11-30;2026-06-22
5.260.1;CENTRO) - ASSOCIAÇÃO DOS INDÚSTRIAIS DE HOTELARIA E RESTAURAÇÃO DO CENTRO;HR;registo;ASSOCIAÇÃO DE EMPREGADORES;empregadores;Extinta;1999-04-29;2009-04-22
8.1.1;CONFEDERAÇÃO DA INDÚSTRIA PORTUGUESA ( CIP );CIP;registo;CONFEDERAÇÃO DE EMPREGADORES;empregadores;Activa;1999-12-08;2008-03-29
8.1.0;CONFEDERAÇÃO DA INDÚSTRIA PORTUGUESA( CIP );CIP;registo;CONFEDERAÇÃO DE EMPREGADORES;empregadores;Activa;1975-06-21;2010-02-15
8.8.0;CONFEDERAÇÃO DAS ORGANIZAÇÕES REPRESENTATIVAS DA PESCA ARTESANAL - ASSOCIAÇÕES E ORGANIZAÇÕES DE PRODUTORES;CORPA;registo;CONFEDERAÇÃO DE EMPREGADORES;empregadores;Extinta;2000-07-08;2013-06-15
8.10.0;CONFEDERAÇÃO DE EMPREGADORES DOS SERVIÇOS DE PORTUGAL;CSP;registo;CONFEDERAÇÃO DE EMPREGADORES;empregadores;Activa;2011-07-14;2012-03-22
8.10.1;CONFEDERAÇÃO DE EMPREGADORES DOS SERVIÇOS DE PORTUGAL;CONFESP;registo;CONFEDERAÇÃO DE EMPREGADORES;empregadores;Activa;2012-06-08;2012-06-08
8.10.2;CONFEDERAÇÃO DE EMPREGADORES DOS SERVIÇOS DE PORTUGAL;CSP;registo;CONFEDERAÇÃO DE EMPREGADORES;empregadores;Activa;2012-09-08;2012-09-08
8.2.1;CONFEDERAÇÃO DO COMERCIO E SERVIÇOS DE PORTUGAL(CCP);CCP;registo;CONFEDERAÇÃO DE EMPREGADORES;empregadores;Activa;1995-01-30;2026-05-29
8.2.0;CONFEDERAÇÃO DO COMERCIO PORTUGUÊS(CCP);CCP;registo;CONFEDERAÇÃO DE EMPREGADORES;empregadores;Activa;1977-02-11;2007-07-08
8.5.1;CONFEDERAÇÃO DO TURISMO PORTUGAL (CTP);CTP;registo;CONFEDERAÇÃO DE EMPREGADORES;empregadores;Activa;2018-03-26;2024-12-22
8.5.0;CONFEDERAÇÃO DO TURISMO PORTUGUÊS (CTP);CTP;registo;CONFEDERAÇÃO DE EMPREGADORES;empregadores;Activa;1996-06-15;2016-10-15
8.3.0;CONFEDERAÇÃO DOS AGRICULTORES DE PORTUGAL;CAP;registo;CONFEDERAÇÃO DE EMPREGADORES;empregadores;Activa;1985-05-30;2026-06-08
8.1.2;CONFEDERAÇÃO EMPRESARIAL DE PORTUGAL;CIP;registo;CONFEDERAÇÃO DE EMPREGADORES;empregadores;Activa;2010-08-22;2023-07-15
8.4.0;CONFEDERAÇÃO NACIONAL DA AGRICULTURA;CNA;registo;CONFEDERAÇÃO DE EMPREGADORES;empregadores;Activa;1995-02-28;2023-11-22
8.11.0;CONFEDERAÇÃO NACIONAL DA EDUCAÇÃO E FORMAÇÃO (CNEF);CNEF;registo;CONFEDERAÇÃO DE EMPREGADORES;empregadores;Activa;2013-01-15;2024-07-22
8.9.0;CONFEDERAÇÃO PORTUGUESA DA CONSTRUÇÃO E DO IMOBILIÁRIO;CPCI;registo;CONFEDERAÇÃO DE EMPREGADORES;empregadores;Activa;2009-08-15;2009-10-15
8.9.1;CONFEDERAÇÃO PORTUGUESA DA CONSTRUÇÃO E DO IMOBILIÁRIO;CPCI;registo;CONFEDERAÇÃO DE EMPREGADORES;empregadores;Activa;2010-01-19;2022-06-15
8.6.1;CONFEDERAÇÃO PORTUGUESA DAS MICRO, PEQUENAS E MÉDIAS EMPRESAS;CPPME;registo;CONFEDERAÇÃO DE EMPREGADORES;empregadores;Activa;2003-03-29;2026-04-10
8.6.0;CONFEDERAÇÃO PORTUGUESA DAS PEQUENAS E MÉDIAS EMPRESAS;CPME;registo;CONFEDERAÇÃO DE EMPREGADORES;empregadores;Activa;1996-05-05;1999-02-28
5.461.1;CROPLIFE PORTUGAL - ASSOCIAÇÃO DA INDÚSTRIA DA CIÊNCIA PARA A PROTEÇÃO DAS PLANTAS;CROPLIFEPORTUGAL;derivada;ASSOCIAÇÃO DE EMPREGADORES;empregadores;Activa;2024-02-15;2025-04-15
6.14.1;FEDERAÇÃO DA INDÚSTRIA HOTELEIRA E DA RESTAURAÇAO DE PORTUGAL;FIHSP;registo;FEDERAÇÃO DE EMPREGADORES;empregadores;Extinta;2000-02-15;2010-03-15
6.2.0;FEDERAÇÃO DA INDÚSTRIA HOTELEIRA E DO ALOJAMENTO TURÍSTICO DE PORTUGAL;FIHOTEL;registo;FEDERAÇÃO DE EMPREGADORES;empregadores;Extinta;1998-11-30;2005-01-15
6.14.0;FEDERAÇÃO DA INDÚSTRIA HOTELEIRA E SIMILARES DE PORTUGAL;FIHSP;registo;FEDERAÇÃO DE EMPREGADORES;empregadores;Extinta;1991-01-15;2002-12-29
6.23.0;FEDERAÇÃO DA INDÚSTRIA TÊXTIL E DO VESTUÁRIO DE PORTUGAL;INDUSTRIATEXTIL;recurso;FEDERAÇÃO DE EMPREGADORES;empregadores;Activa;2000-06-07;2010-02-22
6.23.1;FEDERAÇÃO DA INDÚSTRIA TÊXTIL E DO VESTUÁRIO DE PORTUGAL;FITVEP;registo;FEDERAÇÃO DE EMPREGADORES;empregadores;Activa;2014-07-22;2015-04-29
6.22.0;FEDERAÇÃO DA RESTAURAÇÃO, CAFÉS, PASTELARIAS E SIMILARES DE PORTUGAL;FERECA;registo;FEDERAÇÃO DE EMPREGADORES;empregadores;Extinta;1996-11-30;2009-11-08
6.10.0;FEDERAÇÃO DAS ACTIVIDADES TURISTICAS E DE ANIMAÇÃO DE PORTUGAL;FATAP;registo;FEDERAÇÃO DE EMPREGADORES;empregadores;Extinta;1989-04-30;2013-04-15
6.16.0;FEDERAÇÃO DAS ASSOCIAÇÕES DE BARBEIROS CABELEIREIROS E INSTITUTOS DE BELEZA;BARBEIROS;recurso;FEDERAÇÃO DE EMPREGADORES;empregadores;Extinta;1995-01-30;2013-03-08
6.13.0;FEDERAÇÃO DAS INDÚSTRIAS DE ÓLEOS E GORDURAS ALIMENTARES;FIOGA;registo;FEDERAÇÃO DE EMPREGADORES;empregadores;Extinta;1990-12-31;2011-07-08
6.4.0;FEDERAÇÃO DAS INDÚSTRIAS DE ÓLEOS VEGETAIS, DERIVADOS E EQUIPARADOS;INDUSTRIASOLEOS;recurso;FEDERAÇÃO DE EMPREGADORES;empregadores;Activa;1976-01-19;2024-12-15
6.9.0;FEDERAÇÃO DAS INDÚSTRIAS PORTUGUESAS AGRO-ALIMENTARES;FIPA;registo;FEDERAÇÃO DE EMPREGADORES;empregadores;Activa;1987-09-30;2024-06-08
6.5.0;FEDERAÇÃO DO COMÉRCIO GROSSISTA PORTUGUÊS;COMERCIOGROSSISTA;recurso;FEDERAÇÃO DE EMPREGADORES;empregadores;Extinta;1976-04-19;2012-11-08
6.1.0;FEDERAÇÃO DO COMÉRCIO RETALHISTA PORTUGUÊS;FCRP;registo;FEDERAÇÃO DE EMPREGADORES;empregadores;Extinta;1976-10-28;2011-10-29
6.29.2;FEDERAÇÃO EMPRESARIAL PARA O PEQUENO COMÉRCIO E SERVIÇOS PORTUGUES;FEP;registo;FEDERAÇÃO DE EMPREGADORES;empregadores;Activa;2013-12-29;2024-09-08
6.29.0;FEDERAÇÃO EMPRESARIAL PORTUGUESA;FEP;registo;FEDERAÇÃO DE EMPREGADORES;empregadores;Activa;2010-05-08;2011-07-29
6.29.1;FEDERAÇÃO EMPRESARIAL PORTUGUESA;FEP;registo;FEDERAÇÃO DE EMPREGADORES;empregadores;Activa;;
6.3.0;FEDERAÇÃO INTERTÊXTIL PORTUGUESA;FIP;registo;FEDERAÇÃO DE EMPREGADORES;empregadores;Extinta;1977-01-03;2011-03-29
6.18.1;FEDERAÇÃO NACIONAL CORTICEIRA;FENACOR;registo;FEDERAÇÃO DE EMPREGADORES;empregadores;Extinta;1995-11-30;2011-10-29
6.7.0;FEDERAÇÃO NACIONAL DAS ASSOCIAÇÕES DOS COMERCIANTES DE CARNES;COMERCIANTESCARNES;recurso;FEDERAÇÃO DE EMPREGADORES;empregadores;Extinta;1980-05-29;2026-05-22
5.177.1;FEDERAÇÃO NACIONAL DAS ORGANIZAÇÕES DE PRODUTORES DE FRUTAS E HORTÍCOLAS;FNOP;registo;ASSOCIAÇÃO DE EMPREGADORES;empregadores;Activa;2007-12-29;2023-03-08
6.12.0;FEDERAÇÃO NACIONAL DE ASSOCIAÇÕES DE MEDICINAS ALTERNATIVAS NATURAIS;FENAMAN;registo;FEDERAÇÃO DE EMPREGADORES;empregadores;Extinta;1990-11-30;2021-03-08
6.28.0;FEDERAÇÃO NACIONAL DO COMÉRCIO;FNC;registo;FEDERAÇÃO DE EMPREGADORES;empregadores;Extinta;2006-08-29;2019-04-22
6.8.0;FEDERAÇÃO NACIONAL DO METAL;FENAME;registo;FEDERAÇÃO DE EMPREGADORES;empregadores;Activa;1981-03-21;2024-11-15
6.19.0;FEDERAÇÃO NACIONAL DOS PRESTADORES DE CUIDADOS DE SAÚDE;FNS;registo;FEDERAÇÃO DE EMPREGADORES;empregadores;Activa;1996-03-15;2026-07-15
6.20.0;FEDERAÇÃO PORTUGUESA DA INDÚSTRIA DA CONSTRUÇÃO E OBRAS PÚBLICAS;FEPICOP;registo;FEDERAÇÃO DE EMPREGADORES;empregadores;Extinta;1996-04-30;2025-07-15
6.15.0;FEDERAÇÃO PORTUGUESA DE ASSOCIAÇÕES DE SUINICULTORES;FPAS;registo;FEDERAÇÃO DE EMPREGADORES;empregadores;Activa;1993-06-15;2025-09-29
6.11.0;FEDERAÇÃO PORTUGUESA DE TRANSPORTES;TRANSPORTES;recurso;FEDERAÇÃO DE EMPREGADORES;empregadores;Extinta;1990-08-30;2011-10-08
6.17.0;FEDERAÇÃO PORTUGUESA DO TAXI;FPT;registo;FEDERAÇÃO DE EMPREGADORES;empregadores;Activa;1995-04-15;2025-11-15
6.6.0;FEDERAÇÃO PORTUGUESA DOS INDÚSTRIAIS DE MOAGEM;INDUSTRIAISMOAGEM;recurso;FEDERAÇÃO DE EMPREGADORES;empregadores;Extinta;1977-01-24;2001-11-08
6.25.0;FEDERAÇÃO PORTUGUESA DOS TRANSPORTADORES RODOVIÁRIOS;FPTR;registo;FEDERAÇÃO DE EMPREGADORES;empregadores;Activa;2001-01-16;2012-07-22
5.319.1;LIGA PORTUGUESA DE FUTEBOL PROFISSIONAL;LIGAFUTEBOL;recurso;ASSOCIAÇÃO DE EMPREGADORES;empregadores;Activa;1991-05-30;2026-02-22
5.319.0;LIGA PORTUGUESA DOS CLUBES DE FUTEBOL PROFISSIONAL;LIGACLUBESFUTEBOL;recurso;ASSOCIAÇÃO DE EMPREGADORES;empregadores;Activa;1979-01-15;1983-02-15
5.579.0;NOVA ASSOCIAÇÃO DE TRANSPORTADORES;NAT;registo;ASSOCIAÇÃO DE EMPREGADORES;empregadores;Extinta;2006-04-08;2014-12-08
5.535.1;PORTUGAL ACTIVO - ASSOCIAÇÕES DE CLUBES DE FITNESS E SAÚDE-(PAACFS);AGAP;registo;ASSOCIAÇÃO DE EMPREGADORES;empregadores;Activa;2026-03-26;2026-05-22
5.615.0;PORTUGAL T - ASSOCIAÇÃO DE AUTOMOVEIS DE TURISMO E ACTIVIDADES TURISTICAS DO ALGARVE;PORTUGALT;registo;ASSOCIAÇÃO DE EMPREGADORES;empregadores;Activa;2017-12-19;2018-01-22
5.615.1;PORTUGAL T - ASSOCIAÇÃO NACIONAL DE INDÚSTRIAIS DE TÁXIS DE TURISMO;PORTUGALT;registo;ASSOCIAÇÃO DE EMPREGADORES;empregadores;Activa;2020-11-29;2020-11-29
5.615.2;PORTUGAL T - ASSOCIAÇÃO NACIONAL DE INDÚSTRIAIS DE TÁXIS E SERVIÇOS DE TURISMO, PORTUGAL T);PORTUGALT;registo;ASSOCIAÇÃO DE EMPREGADORES;empregadores;Activa;2022-04-08;2026-02-08
5.621.0;TICET - ASSOCIAÇÃO EMPRESARIAL DE PORTUGAL DOS AGENTES DE SERVIÇOS DAS TECNOLOGIAS DE INFORMAÇÃO COMUNICAÇÃO ENERGÉTICOS E TELECOMUNICAÇÕES;AEP;registo;ASSOCIAÇÃO DE EMPREGADORES;empregadores;Activa;2022-04-13;2024-02-22
7.8.0;UNIÃO DAS ASSOCIAÇÕES COMERCIAIS DO DISTRITO DO PORTO;COMERCIAISDISTRITO;recurso;UNIÃO DE EMPREGADORES;empregadores;Extinta;1979-07-08;1979-07-08
7.3.4;UNIÃO DAS ASSOCIAÇÕES DA HOTELARIA E RESTAURAÇÃO DO NORTE DE PORTUGAL;UNIHSNOR;registo;UNIÃO DE EMPREGADORES;empregadores;Extinta;1998-06-30;2008-06-15
7.1.0;UNIÃO DAS ASSOCIAÇÕES DA INDÚSTRIA HOTELEIRA E SIMILARES DO CENTRO SUL DE PORTUGAL;INDUSTRIAHOTELEIRA;recurso;UNIÃO DE EMPREGADORES;empregadores;Extinta;1976-01-22;1991-01-15
7.3.0;UNIÃO DAS ASSOCIAÇÕES DA INDÚSTRIA HOTELEIRA E SIMILARES DO NORTE;INDUSTRIAHOTELEIRA;recurso;UNIÃO DE EMPREGADORES;empregadores;Extinta;1976-04-30;1976-04-30
7.3.1;UNIÃO DAS ASSOCIAÇÕES DA INDÚSTRIA HOTELEIRA E SIMILARES DO NORTE DE PORTUGAL;INDUSTRIAHOTELEIRA;recurso;UNIÃO DE EMPREGADORES;empregadores;Extinta;1980-12-30;1994-08-15
7.3.3;UNIÃO DAS ASSOCIAÇÕES DA INDÚSTRIA HOTELEIRA, RESTAURAÇÃO, CAFÉS, PASTELARIAS E SIMILARES DO NORTE DE PORTUGAL;UNIHSNOR;registo;UNIÃO DE EMPREGADORES;empregadores;Extinta;1997-10-15;1997-10-15
7.4.0;UNIÃO DAS ASSOCIAÇÕES DE COMERCIANTES DO DISTRITO DE AVEIRO;COMERCIANTESDISTRITO;recurso;UNIÃO DE EMPREGADORES;empregadores;Activa;1976-04-24;1991-05-15
7.2.0;UNIÃO DAS ASSOCIAÇÕES DE COMERCIANTES DO DISTRITO DE LISBOA;COMERCIANTESDISTRITO;recurso;UNIÃO DE EMPREGADORES;empregadores;Activa;1975-09-18;1999-02-08
7.6.0;UNIÃO DAS ASSOCIAÇÕES DE COMERCIANTES DOS CONCELHOS LIMÍTROFES DE LISBOA E OUTROS;UNACOL;registo;UNIÃO DE EMPREGADORES;empregadores;Extinta;1977-07-15;2013-03-08
7.2.1;UNIÃO DAS ASSOCIAÇÕES DE COMERCIO E SERVIÇOS;COMERCIOSERVICOS;recurso;UNIÃO DE EMPREGADORES;empregadores;Activa;2001-08-08;2010-10-15
7.5.0;UNIÃO DAS ASSOCIAÇÕES DE ESPECTÁCULOS E DIVERSÕES;ESPECTACULOS;recurso;UNIÃO DE EMPREGADORES;empregadores;Extinta;1976-09-08;2012-02-08
7.7.0;UNIÃO DAS ASSOCIAÇÕES DO COMÉRCIO RETALHISTA DO DISTRITO DE LEIRIA;UACRDL;registo;UNIÃO DE EMPREGADORES;empregadores;Extinta;1979-02-28;1979-02-28
7.9.0;UNIÃO DAS ASSOCIAÇÕES DO COMÉRCIO RETALHISTA DO DISTRITO DE SANTAREM;COMERCIORETALHISTA;recurso;UNIÃO DE EMPREGADORES;empregadores;Extinta;0011-12-03;2005-03-15
7.7.1;UNIÃO DAS ASSOCIAÇÕES EMPRESARIAIS DA REGIÃO DE LEIRIA;UAERL;registo;UNIÃO DE EMPREGADORES;empregadores;Extinta;1998-09-30;2012-11-15
7.9.1;UNIÃO DAS ASSOCIAÇÕES EMPRESARIAIS DO DISTRITO DE SANTAREM;EMPRESARIAISDISTRITO;recurso;UNIÃO DE EMPREGADORES;empregadores;Extinta;2001-06-08;2020-02-15
7.11.0;UNIÃO DAS ASSOCIAÇÕES EMPRESARIAIS DO VALE DO AVE;UNAVE;registo;UNIÃO DE EMPREGADORES;empregadores;Activa;1993-01-15;1993-04-15
5.458.0;UNIÃO DAS INSTITUIÇÕES PARTICULARES DE SOLIDARIEDADE SOCIAL;UIPSS;registo;ASSOCIAÇÃO DE EMPREGADORES;empregadores;Extinta;1992-07-30;1992-09-30
5.471.0;UNIÃO DAS INSTITUIÇÕES PARTICULARES DE SOLIDARIEDADE SOCIAL;UIPSS;registo;ASSOCIAÇÃO DE EMPREGADORES;empregadores;Extinta;1993-12-30;1994-06-30
7.2.2;UNIÃO DE ASSOCIAÇÕES DO COMERCIO E SERVIÇOS DA REGIAO DE LISBOA E VALE DO TEJO;UACS;registo;UNIÃO DE EMPREGADORES;empregadores;Activa;2005-02-03;2026-02-08
7.3.2;UNIÃO DOS INDÚSTRIAIS DE HOTELARIA E SIMILARES DO NORTE DE PORTUGAL;UNIHSNOR;registo;UNIÃO DE EMPREGADORES;empregadores;Extinta;1996-06-15;1996-06-15
7.8.1;UNIÃO EMPRESARIAL DO DISTRITO DO PORTO;UEP;registo;UNIÃO DE EMPREGADORES;empregadores;Extinta;1990-09-15;2012-01-15
5.341.2;UNIÃO EMPRESARIAL DO VALE DO MINHO;EMPRESARIALVALEMINHO;recurso;ASSOCIAÇÃO DE EMPREGADORES;empregadores;Activa;1998-11-15;2014-08-15
7.10.0;UNIÃO PORTUGUESA DE GROSSISTAS, IMPORTADORES E EXPORTADORES DE TABACOS;GROSSISTAS;recurso;UNIÃO DE EMPREGADORES;empregadores;Extinta;1989-11-30;1991-01-03
5.578.0;UNIHSNOR PORTUGAL - UNIÃO DAS EMPRESAS DE HOTELARIA, DE RESTAURAÇÃO E DE TURISMO DE PORTUGAL;UNIHSNOR;registo;ASSOCIAÇÃO DE EMPREGADORES;empregadores;Activa;2006-03-29;2007-01-22
1.325.2;ASINDICATO NACIONAL DOS TRABALHADORES DAS ADMINISTRAÇÕES PORTUÁRIAS;SNTAP;registo;SINDICATO;trabalhadores;Activa;2024-10-08;2026-01-15
1.572.0;ASSOCIAÇÃO DE CLASSE INTERPROFISSIONAL;CLASSE;recurso;SINDICATO;trabalhadores;Extinta;2006-11-29;2010-05-08
1.426.0;ASSOCIAÇÃO DE DIRECTORES E SUBDIRECTORES ESCOLARES;ADESE;registo;SINDICATO;trabalhadores;Extinta;1985-11-30;2024-12-29
1.585.0;ASSOCIAÇÃO DE MOTORISTAS DIGNOS AMD;AMD;registo;SINDICATO;trabalhadores;Activa;2009-11-02;2010-02-08
1.581.0;ASSOCIAÇÃO DOS OFICIAIS DE JUSTIÇA;AOJ;registo;SINDICATO;trabalhadores;Activa;2009-01-08;2010-05-29
1.590.0;ASSOCIAÇÃO DOS PROFISSIONAIS DA INSPECÇÃO TRIBUTÁRIA;APIT;registo;SINDICATO;trabalhadores;Activa;2009-07-20;2013-08-08
1.466.0;ASSOCIAÇÃO DOS PROFISSIONAIS DO ENSINO DE CONDUÇÃO AUTOMÓVEL;ENSINOCONDUCAO;recurso;SINDICATO;trabalhadores;Extinta;1990-05-30;2011-10-08
1.510.0;ASSOCIAÇÃO DOS TRABALHADORES DA EDUCAÇÃO;ATE;registo;SINDICATO;trabalhadores;Activa;1997-05-24;2012-08-29
1.510.1;ASSOCIAÇÃO DOS TRABALHADORES DA EDUCAÇÃO DO ESTADO E DE ENTIDADES COM FINS PÚBLICOS;ATE;registo;SINDICATO;trabalhadores;Activa;2013-04-08;2025-02-22
1.459.0;ASSOCIAÇÃO DOS TRABALHADORES DA ESCOLA SUPERIOR DE MEDICINA DENTÁRIA DE LISBOA;ATESMDL;registo;SINDICATO;trabalhadores;Extinta;1989-08-15;2025-06-15
1.63.1;ASSOCIAÇÃO NACIONAL DE DENTISTAS PORTUGUESES;ANDEP;registo;SINDICATO;trabalhadores;Extinta;1990-04-16;2011-08-08
1.63.2;ASSOCIAÇÃO NACIONAL DE DENTISTAS PORTUGUESES;ANDEP;registo;SINDICATO;trabalhadores;Extinta;2011-07-26;2020-11-29
1.420.0;ASSOCIAÇÃO NACIONAL DE OSTEOPATAS;ANO;registo;SINDICATO;trabalhadores;Activa;1984-02-15;1985-09-30
1.527.0;ASSOCIAÇÃO NACIONAL DOS INSPECTORES DE QUALIDADE ALIMENTAR;ANIQA;registo;SINDICATO;trabalhadores;Extinta;2000-04-08;2007-02-22
1.527.1;ASSOCIAÇÃO NACIONAL DOS INSPECTORES DE QUALIDADE ALIMENTAR E ECONÓMICA;ANIQAE;registo;SINDICATO;trabalhadores;Extinta;2007-04-16;2011-02-22
1.423.0;ASSOCIAÇÃO NACIONAL DOS PROFISSIONAIS DA ADMINISTRAÇÃO ESCOLAR REGIONAL;ANPAER;registo;SINDICATO;trabalhadores;Extinta;1985-04-30;2023-01-08
1.429.0;ASSOCIAÇÃO NACIONAL DOS TREINADORES DE FUTEBOL;TREINADORESFUTEBOL;recurso;SINDICATO;trabalhadores;Activa;1986-03-15;2025-07-22
1.579.1;ASSOCIAÇÃO NACIONAL SINDICAL DA ADMINISTRAÇÃO PÚBLICA,DE ESCRITÓRIOS, DE SEGURANÇA PRIVADA, DE RESTAURAÇÃO, DE LIMPEZA E DE TÉCNICOS DE VENDAS DO NORTE, SUL E ILHAS;ASERT;registo;SINDICATO;trabalhadores;Extinta;2011-04-16;2015-10-29
1.660.0;ASSOCIAÇÃO PORTUGUESA DOS EMPREGADOS DE BANCA DE CASINO;APEBC;registo;SINDICATO;trabalhadores;Activa;2020-09-15;2021-05-22
1.505.0;ASSOCIAÇÃO PROFISSIONAL DOS SEGURANÇAS DA POLÍCIA JUDICIÁRIA;APSPJ;registo;SINDICATO;trabalhadores;Activa;1999-05-15;2002-03-22
1.444.1;ASSOCIAÇÃO PROFISSIONAL DOS TÉCNICOS ADJUNTOS E AUXILIARES TÉCNICOS DE PECUÁRIA;APTAPRAPECUAR;registo;SINDICATO;trabalhadores;Activa;1995-07-30;1997-08-30
1.444.0;ASSOCIAÇÃO PROFISSIONAL DOS TÉCNICOS AUXILIARES E AUXILIARES TÉCNICOS DE PECUÁRIA;APTAPRAPECUAR;registo;SINDICATO;trabalhadores;Activa;1988-08-30;1988-08-30
1.677.0;ASSOCIAÇÃO REPRESENTATIVA DOS POLICIAS;ARP;registo;SINDICATO;trabalhadores;Extinta;2022-04-09;2024-12-15
1.597.0;ASSOCIAÇÃO SINDICAL AUTONOMA DE POLÍCIAS (ASAP);ASAP;derivada;SINDICATO;trabalhadores;Activa;2012-05-05;2012-06-08
1.597.1;ASSOCIAÇÃO SINDICAL AUTONOMA DE POLÍCIAS (ASAPOL);ASAPOL;derivada;SINDICATO;trabalhadores;Activa;2012-08-29;2026-05-08
1.647.0;ASSOCIAÇÃO SINDICAL DA SEGURANÇA PRIVADA;ASSP;registo;SINDICATO;trabalhadores;Activa;2019-02-06;2025-03-15
1.511.0;ASSOCIAÇÃO SINDICAL DAS CHEFIAS DE EXPLORAÇÃO FERROVIÁRIA;ASCEF;registo;SINDICATO;trabalhadores;Activa;1997-07-30;2000-12-15
1.511.1;ASSOCIAÇÃO SINDICAL DAS CHEFIAS INTERMÉDIAS DE EXPLORAÇÃO FERROVIÁRIA;ASCEF;registo;SINDICATO;trabalhadores;Activa;1998-02-15;2023-10-22
1.604.0;ASSOCIAÇÃO SINDICAL DE CHEFIAS DO CORPO DA GUARDA PRISIONAL;ASCCGP;registo;SINDICATO;trabalhadores;Activa;2013-08-22;2017-07-22
1.604.1;ASSOCIAÇÃO SINDICAL DE CHEFIAS DO CORPO DA GUARDA PRISIONAL;ASCCGP;registo;SINDICATO;trabalhadores;Activa;2018-12-29;2023-06-15
1.473.0;ASSOCIAÇÃO SINDICAL DE EMPREGADOS E TÉCNICOS;ASIET;registo;SINDICATO;trabalhadores;Extinta;1990-08-15;1991-05-15
1.484.0;ASSOCIAÇÃO SINDICAL DE PROFESSORES LICENCIADOS;ASPL;registo;SINDICATO;trabalhadores;Activa;1992-08-30;2006-07-22
1.484.2;ASSOCIAÇÃO SINDICAL DE PROFESSORES LICENCIADOS;ASPL;registo;SINDICATO;trabalhadores;Activa;2007-06-08;2025-08-29
1.484.1;ASSOCIAÇÃO SINDICAL DE PROFESSORES LICENCIADOS/SINDICATO DE PROFISSIONAIS DA EDUCAÇÃO;ASPLSPE;registo;SINDICATO;trabalhadores;Activa;2004-02-22;2005-01-08
1.585.3;ASSOCIAÇÃO SINDICAL DE TRABALHADORES DOS TRANSPORTES COLECTIVOS DO PORTO (SMTP);SMTP;registo;SINDICATO;trabalhadores;Activa;2017-02-22;2023-09-08
1.534.0;ASSOCIAÇÃO SINDICAL DO CORPO ESPECIAL DE FISCALIZAÇÃO E CONTROLO DA DIREÇÃO-GERAL DO TRIBUNAL DE CONTAS - DGTC E DOS SERVIÇOS DE APOIO ÀS SEÇÕES REGIONAIS DOS AÇORES E DA MADEIRA;ACTVS;registo;SINDICATO;trabalhadores;Activa;2001-01-15;2024-12-15
1.483.0;ASSOCIAÇÃO SINDICAL DO PESSOAL ADMINISTRATIVO DA SAÚDE;ASPAS;registo;SINDICATO;trabalhadores;Activa;1992-08-15;2019-08-08
1.522.1;ASSOCIAÇÃO SINDICAL DO PESSOAL DE TRÁFEGO (ASPTC);ASPTC;registo;SINDICATO;trabalhadores;Activa;2015-09-15;2015-09-15
1.522.0;ASSOCIAÇÃO SINDICAL DO PESSOAL DE TRÁFEGO DA CARRIS;ASPTC;registo;SINDICATO;trabalhadores;Activa;1999-04-28;2013-11-22
1.472.0;ASSOCIAÇÃO SINDICAL DOS CONSERVADORES DOS REGISTOS;ASCR;registo;SINDICATO;trabalhadores;Activa;0205-06-23;2025-07-15
1.461.0;ASSOCIAÇÃO SINDICAL DOS DIPLOMATAS PORTUGUESES;ASDP;registo;SINDICATO;trabalhadores;Activa;1989-10-16;2026-04-08
1.682.0;ASSOCIAÇÃO SINDICAL DOS DIRETORES TÉCNICOS DE DESPORTO;ASDITED;registo;SINDICATO;trabalhadores;Activa;2023-01-15;2026-02-15
1.669.0;ASSOCIAÇÃO SINDICAL DOS FIEIS DEPOSITARIOS DE PORTUGAL;SINAFID;registo;SINDICATO;trabalhadores;Activa;2021-05-28;2021-08-29
1.189.1;ASSOCIAÇÃO SINDICAL DOS FUNCIONÁRIOS DA AUTORIDADE DE SEGURANÇA ALIMENTAR E ECONÓMICA;ASFASAE;registo;SINDICATO;trabalhadores;Activa;2007-08-29;2025-02-28
1.485.0;ASSOCIAÇÃO SINDICAL DOS FUNCIONÁRIOS DA CARREIRA DE INVESTIGAÇÃO E FISCALIZAÇÃO DO SERVIÇOS DE ESTRANGEIROS E FRONTEIRAS;FUNCIONARIOSCARREIRA;recurso;SINDICATO;trabalhadores;Activa;1993-01-15;1993-01-15
1.189.0;ASSOCIAÇÃO SINDICAL DOS FUNCIONÁRIOS DA INSPECÇÃO GERAL DAS ACTIVIDADES ECONÓMICAS;ASFIE;registo;SINDICATO;trabalhadores;Activa;1997-10-18;2000-02-29
1.415.0;ASSOCIAÇÃO SINDICAL DOS FUNCIONÁRIOS DE INVESTIGAÇÃO CRIMINAL DA POLÍCIA JUDICIÁRIA;ASFICPJ;registo;SINDICATO;trabalhadores;Activa;1983-04-15;2008-05-15
1.415.1;ASSOCIAÇÃO SINDICAL DOS FUNCIONÁRIOS DE INVESTIGAÇÃO CRIMINAL DA POLÍCIA JUDICIÁRIA;ASFICPJ;registo;SINDICATO;trabalhadores;Activa;2000-11-29;2025-11-15
1.432.0;ASSOCIAÇÃO SINDICAL DOS FUNCIONÁRIOS TÉCNICOS, ADMINISTRATIVOS, AUXILIARES E OPERÁRIOS DA POLÍCIA JUDICIÁRIA;ASFTAOPJ;registo;SINDICATO;trabalhadores;Activa;1986-06-15;1987-03-15
1.656.0;ASSOCIAÇÃO SINDICAL DOS INSTRUTORES DE CONDUÇAO AUTOMOVEL;SINCONDUCAO;registo;SINDICATO;trabalhadores;Extinta;2019-08-29;2025-02-15
1.332.1;ASSOCIAÇÃO SINDICAL DOS JUÍZES PORTUGUESES (ASJP);ASJP;registo;SINDICATO;trabalhadores;Activa;2000-03-25;2024-12-22
1.332.0;ASSOCIAÇÃO SINDICAL DOS MAGISTRADOS JUDICIAIS PORTUGUESES;ASJP;registo;SINDICATO;trabalhadores;Activa;1977-08-15;1977-08-15
1.585.1;ASSOCIAÇÃO SINDICAL DOS MOTORISTAS DOS TRANSPORTES COLECTIVOS DO PORTO;SMTP;registo;SINDICATO;trabalhadores;Activa;2011-04-08;2015-09-22
1.585.2;ASSOCIAÇÃO SINDICAL DOS MOTORISTAS DOS TRANSPORTES COLECTIVOS DO PORTO;SMTP;registo;SINDICATO;trabalhadores;Activa;2016-09-12;2016-10-29
1.531.0;ASSOCIAÇÃO SINDICAL DOS NOTÁRIOS PORTUGUESES;ASNP;registo;SINDICATO;trabalhadores;Extinta;2000-08-08;2011-10-22
1.546.0;ASSOCIAÇÃO SINDICAL DOS OFICIAIS DE JUSTIÇA;ASOJ;registo;SINDICATO;trabalhadores;Extinta;2003-02-22;2005-06-22
1.539.0;ASSOCIAÇÃO SINDICAL DOS OFICIAIS DE POLICIA;ASOPPSP;registo;SINDICATO;trabalhadores;Extinta;2002-06-29;2011-05-08
1.529.0;ASSOCIAÇÃO SINDICAL DOS OFICIAIS DOS REGISTOS;ASOR;registo;SINDICATO;trabalhadores;Activa;2000-05-06;2000-11-08
1.529.1;ASSOCIAÇÃO SINDICAL DOS OFICIAIS DOS REGISTOS E DO NOTARIADO (ASOR);ASOR;registo;SINDICATO;trabalhadores;Activa;2004-03-06;2012-07-08
1.644.0;ASSOCIAÇÃO SINDICAL DOS PERITOS FORENSES DA POLICIA JUDICIARIA;ASPFPJ;registo;SINDICATO;trabalhadores;Activa;2019-01-04;2025-02-15
1.489.0;ASSOCIAÇÃO SINDICAL DOS PROFESSORES LICENCIADOS PELOS INSTITUTOS POLITÉCNICOS E PELAS UNIVERSIDADES;ASPLIU;registo;SINDICATO;trabalhadores;Activa;1994-04-30;1994-04-30
1.494.0;ASSOCIAÇÃO SINDICAL DOS PROFESSORES PRÓ-ORDEM;PROORDEM;registo;SINDICATO;trabalhadores;Activa;1995-05-30;2003-08-15
1.494.1;ASSOCIAÇÃO SINDICAL DOS PROFESSORES PRÓ-ORDEM;PROORDEM;registo;SINDICATO;trabalhadores;Activa;2006-05-05;2023-11-08
1.538.0;ASSOCIAÇÃO SINDICAL DOS PROFISSIONAIS DA POLICIA;ASPPPSP;registo;SINDICATO;trabalhadores;Activa;2002-06-15;2025-02-22
1.590.1;ASSOCIAÇÃO SINDICAL DOS PROFISSIONAIS DE INSPECÇÃO TRIBUTÁRIA E ADUANEIRA;APIT;registo;SINDICATO;trabalhadores;Activa;2013-12-08;2024-03-22
1.577.0;ASSOCIAÇÃO SINDICAL DOS PROFISSIONAIS DO COMANDO E CONTROLO FERROVIÁRIO;APROFER;registo;SINDICATO;trabalhadores;Activa;2008-03-15;2021-08-22
1.688.0;ASSOCIAÇÃO SINDICAL DOS PROFISSIONAIS DO CORPO DA GUARDA PRISIONAL (ASP/CGP);ASPCGP;registo;SINDICATO;trabalhadores;Activa;2024-10-15;2025-07-08
1.505.1;ASSOCIAÇÃO SINDICAL DOS SEGURANÇAS DA POLÍCIA JUDICIÁRIA;ASSPJ;registo;SINDICATO;trabalhadores;Activa;2003-07-22;2024-07-10
1.522.2;ASSOCIAÇÃO SINDICAL DOS TRABALHADORES DA CARRIS (ASPTC);ASPTC;registo;SINDICATO;trabalhadores;Activa;2019-09-16;2019-10-08
1.522.3;ASSOCIAÇÃO SINDICAL DOS TRABALHADORES DA CARRIS E PARTICIPADAS (ASPTC);ASPTC;registo;SINDICATO;trabalhadores;Activa;2020-08-15;2023-11-22
1.496.0;ASSOCIAÇÃO SINDICAL DOS TRABALHADORES DA CENEL;ASOSICENEL;registo;SINDICATO;trabalhadores;Activa;1995-12-15;1995-12-15
1.610.0;ASSOCIAÇÃO SINDICAL DOS TRABALHADORES DA EUROCER;ASTE;registo;SINDICATO;trabalhadores;Activa;2014-04-22;2020-09-08
1.496.2;ASSOCIAÇÃO SINDICAL DOS TRABALHADORES DO SECTOR ENERGÉTICO E TELECOMUNICAÇÕES;ASOSI;registo;SINDICATO;trabalhadores;Activa;2001-02-15;2026-08-29
1.467.0;ASSOCIAÇÃO SINDICAL DOS TRABALHADORES DOS SERVIÇOS PRISIONAIS;ASTSP;registo;SINDICATO;trabalhadores;Activa;1990-06-15;2021-09-08
1.523.0;ASSOCIAÇÃO SINDICAL INDEPENDENTE DE AGENTES DA POLÍCIA DE SEGURANÇA PÚBLICA - ASG;ASG;registo;SINDICATO;trabalhadores;Activa;2002-06-29;2008-03-05
1.528.3;ASSOCIAÇÃO SINDICAL INDEPENDENTE DO SERVIÇO COMERCIAL;ASSIFECO;registo;SINDICATO;trabalhadores;Activa;2023-01-29;2023-01-29
1.528.4;ASSOCIAÇÃO SINDICAL INDEPENDENTE DO SERVIÇO, TRANSPORTES E COMERCIO;ASSIFECO;registo;SINDICATO;trabalhadores;Activa;2023-09-29;2025-03-08
1.528.0;ASSOCIAÇÃO SINDICAL INDEPENDENTE DOS FERROVIÁRIOS DA CARREIRA COMERCIAL;ASSIFECO;registo;SINDICATO;trabalhadores;Activa;2000-06-03;2010-11-22
1.528.1;ASSOCIAÇÃO SINDICAL INDEPENDENTE DOS FERROVIÁRIOS DA CARREIRA COMERCIAL;ASSIFECO;registo;SINDICATO;trabalhadores;Activa;;
1.528.2;ASSOCIAÇÃO SINDICAL INDEPENDENTE DOS FERROVIÁRIOS DA CARREIRA COMERCIAL;ASSIFECO;registo;SINDICATO;trabalhadores;Activa;2013-06-01;2021-11-22
1.629.0;ASSOCIAÇÃO SINDICAL PORTUGUESA DOS ENFERMEIROS ( ASPE);ASPE;registo;SINDICATO;trabalhadores;Activa;2017-06-29;2023-01-22
1.579.0;ASSOCIAÇÃO SINDICATO DE ESCRITÓRIOS,RESTAURAÇÃO, TÉCNICOS COMERCIAIS, SEGURANÇA ADMINISTAÇÃO PÚBLICA E AFINS;ASERT;registo;SINDICATO;trabalhadores;Extinta;2008-06-15;2010-10-22
1.578.0;ASSOCIAÇÃO SÓCIO-PROFISSIONAL DOS TÉCNICOS E OPERADORES DE HANDLING;ASPTOH;registo;SINDICATO;trabalhadores;Extinta;2008-06-08;2011-08-15
1.496.1;ASSOCIAÇÃO SÓCIO-SINDICAL DOS TRABALHADORES DE ELECTRICIDADE DA REGIÃO CENTRO;ASOSI;registo;SINDICATO;trabalhadores;Activa;1997-06-14;2001-02-15
1.279.2;BISINDICATO DOS TRABALHADORES TÊXTEIS, LANIFÍCIOS E CALÇADO DA DA BEIRA INTERIOR;SINTTELVEC;registo;SINDICATO;trabalhadores;Activa;2024-02-08;2024-05-15
4.11.0;CONFEDERAÇAO DE PAISES DE LINGUA PORTUGUESA - SINDICAL DA EDUCAÇAO (CPLP-SE);CPLPSE;registo;CONFEDERAÇÃO SINDICAL;trabalhadores;Activa;2018-10-20;2019-02-08
4.9.0;CONFEDERAÇÃO DE SINDICATOS DA INDÚSTRIA, ENERGIA E TRANSPORTES;FESINT;registo;CONFEDERAÇÃO SINDICAL;trabalhadores;Activa;2013-11-08;2013-11-08
4.9.1;CONFEDERAÇÃO DE SINDICATOS DA INDÚSTRIA, ENERGIA E TRANSPORTES;COFESINT;registo;CONFEDERAÇÃO SINDICAL;trabalhadores;Activa;2013-12-13;2014-01-22
4.10.0;CONFEDERAÇAO DOS SINDICATOS MARITIMOS E PORTUARIOS;FEDPORMAR;registo;CONFEDERAÇÃO SINDICAL;trabalhadores;Activa;2018-06-23;2023-05-29
4.8.0;CONFEDERAÇÃO DOS SINDICATOS MARÍTIMOS E PORTUÁRIOS;FESMARPOR;registo;CONFEDERAÇÃO SINDICAL;trabalhadores;Extinta;2006-04-08;2019-03-22
4.6.0;CONFEDERAÇÃO GERAL DE SINDICATOS INDEPENDENTES;CGSI;registo;CONFEDERAÇÃO SINDICAL;trabalhadores;Activa;2001-04-20;2018-05-22
4.1.1;CONFEDERAÇÃO GERAL DOS TRABALHADORES PORTUGUESES - INTERSINDICAL NACIONAL;CGTPIN;registo;CONFEDERAÇÃO SINDICAL;trabalhadores;Activa;1978-09-22;2024-04-15
4.5.0;CONFEDERAÇÃO NACIONAL DE SINDICATOS DE QUADROS;FENSIQ;registo;CONFEDERAÇÃO SINDICAL;trabalhadores;Extinta;1992-08-15;2011-07-08
4.3.0;CONFEDERAÇÃO PORTUGUESA DE QUADROS TÉCNICOS E CIENTÍFICOS;QUADROSTECNICOS;recurso;CONFEDERAÇÃO SINDICAL;trabalhadores;Activa;1988-07-15;2019-01-22
4.11.1;CONFEDERAÇAO SINDICAL DA EDUCAÇAO DOS PAISES DE LINGUA PORTUGUESA;EDUCACAOPAISESLINGUA;recurso;CONFEDERAÇÃO SINDICAL;trabalhadores;Activa;2020-07-22;2024-01-29
4.4.0;CONVENÇÃO SINDICAL INDEPENDENTE;CSI;registo;CONFEDERAÇÃO SINDICAL;trabalhadores;Extinta;1990-07-30;2013-03-08
2.3.0;FEDERAÇÃO DE SINDICATO DOS TRABALHADORES DAS INDÚSTRIAS DE CELULOSE, PAPEL, CARTONAGEM E AFINS;INDUSTRIASCELULOSE;recurso;FEDERAÇÃO SINDICAL;trabalhadores;Extinta;1975-08-07;1976-07-16
4.9.2;FEDERAÇÃO DE SINDICATOS DA INDÚSTRIA, ENERGIA E TRANSPORTES;COFESINT;registo;CONFEDERAÇÃO SINDICAL;trabalhadores;Activa;2014-12-29;2025-06-22
2.36.0;FEDERAÇAO DE SINDICATOS DOS TRABALHADORES DO MAR;FESMAR;registo;FEDERAÇÃO SINDICAL;trabalhadores;Activa;1991-09-30;2023-10-08
2.51.0;FEDERAÇÃO DO SECTOR FINANCEIRO;FEBASE;registo;FEDERAÇÃO SINDICAL;trabalhadores;Activa;2008-02-22;2026-08-22
2.47.0;FEDERAÇÃO DOS ENGENHEIROS;FE;registo;FEDERAÇÃO SINDICAL;trabalhadores;Activa;2006-12-08;2025-08-15
2.56.0;FEDERAÇÃO DOS SINDICATOS DA ADMINISTRAÇÃO PÚBLICA;FESAP;registo;FEDERAÇÃO SINDICAL;trabalhadores;Activa;2012-09-22;2013-02-28
2.56.1;FEDERAÇÃO DOS SINDICATOS DA ADMINISTRAÇÃO PÚBLICA E DE ENTIDADES COM FINS PUBLICOS;FESAP;registo;FEDERAÇÃO SINDICAL;trabalhadores;Activa;2013-02-28;2025-12-15
2.40.1;FEDERAÇAO DOS SINDICATOS DA AGRICULTURA, ALIMENTAÇÃO, BEBIDAS, HOTELARIA E TURISMO DE PORTUGAL;FESAHT;registo;FEDERAÇÃO SINDICAL;trabalhadores;Extinta;2004-07-08;2014-06-08
2.40.0;FEDERAÇÃO DOS SINDICATOS DA ALIMENTAÇÃO, BEBIDAS, HOTELARIA E TURISMO DE PORTUGAL;FESAHT;registo;FEDERAÇÃO SINDICAL;trabalhadores;Extinta;1999-10-08;2004-07-08
2.17.0;FEDERAÇÃO DOS SINDICATOS DA CONSTRUÇÃO CIVIL CANCELADAINTEGROU-SE NA FEDCONS MAD/0 (CE023);CE023;derivada;FEDERAÇÃO SINDICAL;trabalhadores;Extinta;1977-03-01;1977-03-01
2.10.3;FEDERAÇAO DOS SINDICATOS DA HOTELARIA E TURISMO DE PORTUGAL;FESHOT;registo;FEDERAÇÃO SINDICAL;trabalhadores;Extinta;1988-04-30;1999-10-08
2.10.2;FEDERAÇÃO DOS SINDICATOS DA INDÚSTRIA DE HOTELARIA E TURISMO DE PORTUGAL;INDUSTRIAHOTELARIA;recurso;FEDERAÇÃO SINDICAL;trabalhadores;Extinta;1982-03-30;1985-04-30
2.10.0;FEDERAÇÃO DOS SINDICATOS DA INDÚSTRIA DE HOTELARIA, RESTAURANTES E SIMILARES DO SUL;INDUSTRIAHOTELARIA;recurso;FEDERAÇÃO SINDICAL;trabalhadores;Extinta;1975-09-03;1975-09-03
2.26.2;FEDERAÇÃO DOS SINDICATOS DA INDÚSTRIA E SERVIÇOS;FETESE;registo;FEDERAÇÃO SINDICAL;trabalhadores;Activa;;
2.26.3;FEDERAÇÃO DOS SINDICATOS DA INDÚSTRIA E SERVIÇOS;FETESE;registo;FEDERAÇÃO SINDICAL;trabalhadores;Activa;2011-04-27;2015-07-15
2.26.4;FEDERAÇÃO DOS SINDICATOS DA INDÚSTRIA E SERVIÇOS;FETESE;registo;FEDERAÇÃO SINDICAL;trabalhadores;Activa;2016-12-08;2019-04-08
2.4.1;FEDERAÇAO DOS SINDICATOS DA METALURGIA, METALOMECÂNICA E MINAS DE PORTUGAL;FSMMMP;registo;FEDERAÇÃO SINDICAL;trabalhadores;Extinta;1979-03-15;1998-12-30
2.61.0;FEDERAÇAO DOS SINDICATOS DA POLICIA;FESPOLSINAPOL;registo;FEDERAÇÃO SINDICAL;trabalhadores;Activa;2018-11-08;2018-11-08
2.61.1;FEDERAÇAO DOS SINDICATOS DA POLICIA;FESPOL;registo;FEDERAÇÃO SINDICAL;trabalhadores;Activa;2019-10-15;2019-10-15
2.22.2;FEDERAÇAO DOS SINDICATOS DA QUÍMICA, FARMACÊUTICA, PETRÓLEO E GÁS;FEQUIFA;registo;FEDERAÇÃO SINDICAL;trabalhadores;Extinta;1990-03-15;1998-12-30
2.12.2;FEDERAÇAO DOS SINDICATOS DAS INDÚSTRIA DE CERÂMICA, CIMENTO E VIDRO DE PORTUGAL;INDUSTRIACERAMICA;recurso;FEDERAÇÃO SINDICAL;trabalhadores;Extinta;1980-01-15;2004-07-08
2.5.0;FEDERAÇAO DOS SINDICATOS DAS INDÚSTRIAIS DE PANIFICAÇÃO, PRODUTOS ALIMENTARES E AFINS;INDUSTRIAIS;recurso;FEDERAÇÃO SINDICAL;trabalhadores;Extinta;1975-08-03;1983-09-15
2.29.2;FEDERAÇÃO DOS SINDICATOS DAS INDÚSTRIAS DE ALIMENT., BEBIDAS E TABACOS;FSIABTN;registo;FEDERAÇÃO SINDICAL;trabalhadores;Extinta;1988-01-30;1988-01-30
2.29.3;FEDERAÇÃO DOS SINDICATOS DAS INDÚSTRIAS DE ALIMENT., BEBIDAS E TABACOS / CGTP;INDUSTRIASALIMENT;recurso;FEDERAÇÃO SINDICAL;trabalhadores;Extinta;1991-03-30;1991-03-30
2.29.0;FEDERAÇÃO DOS SINDICATOS DAS INDÚSTRIAS DE ALIMENTAÇÃO, BEBIDAS E TABACOS;INDUSTRIAS;recurso;FEDERAÇÃO SINDICAL;trabalhadores;Extinta;1981-09-15;1981-09-15
2.29.1;FEDERAÇÃO DOS SINDICATOS DAS INDÚSTRIAS DE ALIMENTAÇÃO, BEBIDAS E TABACOS / CGTP;INDUSTRIAS;recurso;FEDERAÇÃO SINDICAL;trabalhadores;Extinta;1985-01-30;1985-01-30
2.1.0;FEDERAÇAO DOS SINDICATOS DAS INDÚSTRIAS DE MADEIRA;INDUSTRIASMADEIRA;recurso;FEDERAÇÃO SINDICAL;trabalhadores;Extinta;1975-08-04;1978-06-22
2.58.0;FEDERAÇAO DOS SINDICATOS DE AGRICULTURA, ALIMENTAÇAO, BEBIDAS, HOTELARIA E TURISMO DE PORTUGAL;FESAHT;registo;FEDERAÇÃO SINDICAL;trabalhadores;Activa;2014-07-22;2024-06-29
2.18.0;FEDERAÇAO DOS SINDICATOS DE SEGUROS DE PORTUGAL;SEGUROS;recurso;FEDERAÇÃO SINDICAL;trabalhadores;Extinta;1977-06-22;2011-02-08
2.50.0;FEDERAÇÃO DOS SINDICATOS DE TRANSPORTES E COMUNICAÇÕES;FECTRANS;registo;FEDERAÇÃO SINDICAL;trabalhadores;Activa;2007-11-17;2023-04-22
2.15.0;FEDERAÇÃO DOS SINDICATOS DE TRANSPORTES RODOVIÁRIOS;TRANSPORTES;recurso;FEDERAÇÃO SINDICAL;trabalhadores;Extinta;1976-03-23;1979-10-29
2.15.1;FEDERAÇÃO DOS SINDICATOS DE TRANSPORTES RODOVIÁRIOS E URBANOS;TRANSPORTES;recurso;FEDERAÇÃO SINDICAL;trabalhadores;Extinta;1980-07-15;1980-07-15
2.15.2;FEDERAÇAO DOS SINDICATOS DE TRANSPORTES RODOVIÁRIOS E URBANOS/CGTP-IN;FESTRU;registo;FEDERAÇÃO SINDICAL;trabalhadores;Extinta;1983-05-15;2007-12-22
2.11.0;FEDERAÇAO DOS SINDICATOS DO MAR;FSM;registo;FEDERAÇÃO SINDICAL;trabalhadores;Extinta;1976-02-24;2007-12-22
2.30.0;FEDERAÇAO DOS SINDICATOS DO SECTOR DA PESCA;SECTORPESCA;recurso;FEDERAÇÃO SINDICAL;trabalhadores;Activa;1981-11-14;2025-07-15
2.28.0;FEDERAÇAO DOS SINDICATOS DO SECTOR DE ESPECTÁCULOS;SECTORESPECTACULOS;recurso;FEDERAÇÃO SINDICAL;trabalhadores;Extinta;1980-06-29;1980-06-29
2.28.1;FEDERAÇAO DOS SINDICATOS DO SECTOR DE ESPECTÁCULOS;SECTORESPECTACULOS;recurso;FEDERAÇÃO SINDICAL;trabalhadores;Extinta;2011-06-08;2011-06-08
2.8.0;FEDERAÇAO DOS SINDICATOS DOS OPERÁRIOS DA CONSTRUÇÃO CIVIL DO NORTE;OPERARIOSCONSTRUCAO;recurso;FEDERAÇÃO SINDICAL;trabalhadores;Extinta;1975-09-22;1977-05-28
2.6.0;FEDERAÇÃO DOS SINDICATOS DOS TRAB.DO COMÉRCIO;TRABCOMERCIO;recurso;FEDERAÇÃO SINDICAL;trabalhadores;Activa;1975-09-29;1975-09-29
2.24.0;FEDERAÇAO DOS SINDICATOS DOS TRABALHADORES AGRÍCOLAS DO SUL;AGRICOLASSUL;recurso;FEDERAÇÃO SINDICAL;trabalhadores;Extinta;1984-08-15;2012-03-08
2.38.0;FEDERAÇAO DOS SINDICATOS DOS TRABALHADORES AGRICOLAS DO SUL;AGRICOLASSUL;recurso;FEDERAÇÃO SINDICAL;trabalhadores;Extinta;1978-10-08;1985-01-15
2.14.0;FEDERAÇAO DOS SINDICATOS DOS TRABALHADORES DA INDÚSTRIA HOTELEIRA DO NORTE;INDUSTRIAHOTELEIRA;recurso;FEDERAÇÃO SINDICAL;trabalhadores;Extinta;1975-12-04;1978-01-04
2.29.4;FEDERAÇAO DOS SINDICATOS DOS TRABALHADORES DAS INDÚSTRIAS DE ALIMENTAÇÃO, BEBIDAS E TABACOS;FSIABTN;registo;FEDERAÇÃO SINDICAL;trabalhadores;Extinta;1995-01-30;1999-10-08
2.3.1;FEDERAÇAO DOS SINDICATOS DOS TRABALHADORES DAS INDÚSTRIAS DE CELULOSE, PAPEL, GRÁFICA E CARTONAGEM;INDUSTRIASCELULOSE;recurso;FEDERAÇÃO SINDICAL;trabalhadores;Extinta;1978-10-08;1978-10-08
2.12.0;FEDERAÇÃO DOS SINDICATOS DOS TRABALHADORES DAS INDÚSTRIAS DE CERÂMICA, CIMENTOS E SIMILARES;INDUSTRIASCERAMICA;recurso;FEDERAÇÃO SINDICAL;trabalhadores;Extinta;1976-07-06;1976-07-06
2.21.0;FEDERAÇÃO DOS SINDICATOS DOS TRABALHADORES DAS INDÚSTRIAS ELÉCTRICAS;INDUSTRIASELECTRICAS;recurso;FEDERAÇÃO SINDICAL;trabalhadores;Extinta;1977-09-08;1998-12-30
2.21.1;FEDERAÇÃO DOS SINDICATOS DOS TRABALHADORES DAS INDÚSTRIAS ELÉCTRICAS DE PORTUGAL;FSTIEP;registo;FEDERAÇÃO SINDICAL;trabalhadores;Extinta;1986-12-30;2007-06-22
2.22.0;FEDERAÇÃO DOS SINDICATOS DOS TRABALHADORES DAS INDÚSTRIAS QUÍMICAS;INDUSTRIASQUIMICAS;recurso;FEDERAÇÃO SINDICAL;trabalhadores;Extinta;1977-12-29;1977-12-29
2.22.1;FEDERAÇÃO DOS SINDICATOS DOS TRABALHADORES DAS INDÚSTRIAS QUÍMICAS E FARMACÊUTICA DE PORTUGAL;INDUSTRIASQUIMICAS;recurso;FEDERAÇÃO SINDICAL;trabalhadores;Extinta;1979-05-15;1986-12-30
2.2.1;FEDERAÇAO DOS SINDICATOS DOS TRABALHADORES DE ESCRITÓRIO E SERVIÇOS;FESINTES;registo;FEDERAÇÃO SINDICAL;trabalhadores;Extinta;1979-08-22;2011-09-08
2.26.0;FEDERAÇÃO DOS SINDICATOS DOS TRABALHADORES DE ESCRITÓRIO E SERVIÇOS;FETESE;registo;FEDERAÇÃO SINDICAL;trabalhadores;Activa;1979-06-15;1984-08-30
2.26.1;FEDERAÇÃO DOS SINDICATOS DOS TRABALHADORES DE SERVIÇOS;FETESE;registo;FEDERAÇÃO SINDICAL;trabalhadores;Activa;1996-04-19;2007-05-29
2.55.0;FEDERAÇÃO DOS SINDICATOS DOS TRABALHADORES DO ESTADO E DE ENTIDADES DO SECTOR PÚBLICO;ESTADOENTIDADES;recurso;FEDERAÇÃO SINDICAL;trabalhadores;Activa;2010-01-29;2010-05-22
2.16.1;FEDERAÇAO DOS SINDICATOS DOS TRABALHADORES FERROVIÁRIOS PORTUGUESES;FERROVIARIOS;recurso;FEDERAÇÃO SINDICAL;trabalhadores;Extinta;1984-07-30;1999-10-15
2.13.0;FEDERAÇAO DOS SINDICATOS DOS TRABALHADORES TEXTEIS DE PORTUGAL;TEXTEIS;recurso;FEDERAÇÃO SINDICAL;trabalhadores;Extinta;1975-11-19;1977-08-15
2.20.0;FEDERAÇÃO DOS SINDICATOS DOS TRABALHADORES TÊXTEIS, LANIFÍCIOS E VESTUÁRIO DE PORTUGAL;TEXTEISLANIFICIOS;recurso;FEDERAÇÃO SINDICAL;trabalhadores;Activa;1977-08-15;1978-10-29
2.20.2;FEDERAÇÃO DOS SINDICATOS DOS TRABALHADORES TÊXTEIS, LANIFÍCIOS, VESTUÁRIO, CALÇADO E PELES DE PORTUGAL;FESETE;registo;FEDERAÇÃO SINDICAL;trabalhadores;Activa;1985-09-15;2026-04-29
2.20.1;FEDERAÇÃO DOS SINDICATOS DOS TRABALHADORES TÊXTEIS, LANIFÍCIOS, VESTUÁRIO, COUROS E PELES DE PORTUGAL;FESETE;registo;FEDERAÇÃO SINDICAL;trabalhadores;Activa;1982-01-15;1982-01-15
2.9.0;FEDERAÇAO DOS SINDICATOS DOS TRABALHADORES. DOS LANIFÍCIOS E VESTUÁRIO DE PORTUGAL;LANIFICIOSVESTUARIO;recurso;FEDERAÇÃO SINDICAL;trabalhadores;Extinta;1976-06-18;1977-08-15
2.16.0;FEDERAÇÃO DOS SINDICATOS FERROVIÁRIOS;FERROVIARIOS;recurso;FEDERAÇÃO SINDICAL;trabalhadores;Extinta;1976-03-21;1984-04-15
2.43.0;FEDERAÇÃO DOS SINDICATOS INDEPENDENTES DA BANCA;FSIB;registo;FEDERAÇÃO SINDICAL;trabalhadores;Extinta;2001-04-29;2026-03-22
2.32.0;FEDERAÇAO DOS TRABALHADORES DAS INDÚSTRIAS CERÂMICA, VIDREIRA, EXTRACTIVA, ENERGIA E QUIMICA;FETICEQ;registo;FEDERAÇÃO SINDICAL;trabalhadores;Extinta;1983-06-15;2012-06-08
2.64.0;FEDERAÇÃO EUROPEIA DE SINDICATOS DE INSPETORES DA EDUCAÇÃO;FESIE;registo;FEDERAÇÃO SINDICAL;trabalhadores;Activa;2024-06-15;2026-04-08
2.39.0;FEDERAÇÃO INTERSINDICAL DA METALURGIA, METALOMECANICA, MINAS, QUIMICA, FARMCEUTICA, PETRÓLEO E GAS;FEQUIMETAL;registo;FEDERAÇÃO SINDICAL;trabalhadores;Extinta;1998-11-06;2007-06-22
2.48.0;FEDERAÇÃO INTERSINDICAL DAS INDÚSTRIAS METALÚRGICA, QUÍMICA, FARMACÊUTICA, ELECTRICA, ENERGIAS E MINAS;FIEQUIMETAL;registo;FEDERAÇÃO SINDICAL;trabalhadores;Activa;2007-06-22;2008-01-08
2.48.1;FEDERAÇÃO INTERSINDICAL DAS INDÚSTRIAS METALÚRGICAS, QUÍMICAS, ELÉTRICAS, FARMACÊUTICA, CELULOSE, PAPEL GRÁFICA, IMPRENSA, ENERGIA E MINAS;FIEQUIMETAL;registo;FEDERAÇÃO SINDICAL;trabalhadores;Activa;2011-10-21;2024-01-08
2.54.0;FEDERAÇÃO NACIONAL DA EDUCAÇÃO;FNE;registo;FEDERAÇÃO SINDICAL;trabalhadores;Activa;2010-03-22;2023-06-15
2.45.0;FEDERAÇÃO NACIONAL DE FERROVIÁRIOS;FNF;registo;FEDERAÇÃO SINDICAL;trabalhadores;Activa;2001-11-10;2020-02-22
2.19.0;FEDERAÇAO NACIONAL DE SINDICATOS DE QUADROS;FENSIQ;registo;FEDERAÇÃO SINDICAL;trabalhadores;Extinta;1977-08-22;1992-08-15
2.62.0;FEDERAÇAO NACIONAL DE SINDICATOS INDEPENDENTES DA ADMINISTRAÇAO PUBLICA E DE ENTIDADES COM FINS PUBLICOS;FESINAP;registo;FEDERAÇÃO SINDICAL;trabalhadores;Activa;2020-09-25;2024-04-08
2.41.0;FEDERAÇAO NACIONAL DO ENSINO E INVESTIGAÇAO;FENEI;registo;FEDERAÇÃO SINDICAL;trabalhadores;Activa;1999-12-08;2026-06-29
2.57.0;FEDERAÇAO NACIONAL DOS INSPETORES DO ESTADO (FNIE);FNIE;registo;FEDERAÇÃO SINDICAL;trabalhadores;Activa;2014-07-08;2019-11-08
2.34.0;FEDERAÇÃO NACIONAL DOS MÉDICOS;FENAME;registo;FEDERAÇÃO SINDICAL;trabalhadores;Activa;1989-03-15;2007-08-15
2.34.1;FEDERAÇÃO NACIONAL DOS MÉDICOS;FNAM;registo;FEDERAÇÃO SINDICAL;trabalhadores;Activa;2011-01-08;2026-05-08
2.33.0;FEDERAÇÃO NACIONAL DOS PROFESSORES;FENPROF;registo;FEDERAÇÃO SINDICAL;trabalhadores;Activa;1983-07-15;2025-06-22
2.17.1;FEDERAÇAO NACIONAL DOS SINDICATOS DA CONSTRUÇÃO CIVIL;CONSTRUCAOCIVIL;recurso;FEDERAÇÃO SINDICAL;trabalhadores;Extinta;1977-08-15;1978-06-22
2.23.1;FEDERAÇÃO NACIONAL DOS SINDICATOS DA CONSTRUÇÃO, MADEIRAS E MÁRMORES;CONSTRUCAOMADEIRAS;recurso;FEDERAÇÃO SINDICAL;trabalhadores;Extinta;1982-01-30;1991-02-15
2.23.2;FEDERAÇAO NACIONAL DOS SINDICATOS DA CONSTRUÇÃO, MADEIRAS, MÁRMORES E MATERIAIS DE CONSTRUÇÃO;CONSTRUCAOMADEIRAS;recurso;FEDERAÇÃO SINDICAL;trabalhadores;Extinta;1994-05-15;2004-07-08
2.31.1;FEDERAÇAO NACIONAL DOS SINDICATOS DA EDUCAÇÃO;FNE;registo;FEDERAÇÃO SINDICAL;trabalhadores;Extinta;1989-10-16;2010-02-22
2.25.1;FEDERAÇÃO NACIONAL DOS SINDICATOS DA FUNÇÃO PÚBLICA;FUNCAOPUBLICA;recurso;FEDERAÇÃO SINDICAL;trabalhadores;Activa;1985-06-30;2012-07-08
2.10.1;FEDERAÇÃO NACIONAL DOS SINDICATOS DA INDÚSTRIA DE HOTELARIA E TURISMO;INDUSTRIAHOTELARIA;recurso;FEDERAÇÃO SINDICAL;trabalhadores;Extinta;1978-05-08;1979-04-15
2.27.0;FEDERAÇÃO NACIONAL DOS SINDICATOS DAS COMUNICAÇÕES E TELECOMUNICAÇÕES;FCT;registo;FEDERAÇÃO SINDICAL;trabalhadores;Extinta;1980-02-15;1988-10-30
2.27.1;FEDERAÇAO NACIONAL DOS SINDICATOS DAS COMUNICAÇÕES, TELECOMUNICAÇÕES E AUDIOVISUAL;FCTA;registo;FEDERAÇÃO SINDICAL;trabalhadores;Extinta;1992-04-30;1996-09-30
2.12.1;FEDERAÇÃO NACIONAL DOS SINDICATOS DAS INDÚSTRIAS DE CERÂMICA, CIMENTO E VIDRO;INDUSTRIASCERAMICA;recurso;FEDERAÇÃO SINDICAL;trabalhadores;Extinta;1978-09-15;1979-10-08
2.63.0;FEDERAÇÃO NACIONAL DOS SINDICATOS DE ENFERMEIROS;FENSE;registo;FEDERAÇÃO SINDICAL;trabalhadores;Activa;2022-07-29;2023-09-15
2.53.0;FEDERAÇÃO NACIONAL DOS SINDICATOS DE POLICIA;FENPOL;registo;FEDERAÇÃO SINDICAL;trabalhadores;Activa;2010-03-02;2018-07-22
2.31.0;FEDERAÇÃO NACIONAL DOS SINDICATOS DE PROFESSORES;FNSP;registo;FEDERAÇÃO SINDICAL;trabalhadores;Extinta;1982-11-30;1986-02-15
2.23.0;FEDERAÇÃO NACIONAL DOS SINDICATOS DOS TRABALHADORES DA CONSTRUÇÃO CIVIL E MADEIRAS;CONSTRUCAOCIVIL;recurso;FEDERAÇÃO SINDICAL;trabalhadores;Extinta;1978-06-22;1978-06-22
2.25.0;FEDERAÇÃO NACIONAL DOS SINDICATOS DOS TRABALHADORES DA FUNÇÃO PÚBLICA;FUNCAOPUBLICA;recurso;FEDERAÇÃO SINDICAL;trabalhadores;Activa;1978-11-08;1997-08-15
2.25.2;FEDERAÇÃO NACIONAL DOS SINDICATOS DOS TRABALHADORES EM FUNÇÕES PÚBLICAS E SOCIAIS;FNSTFPS;registo;FEDERAÇÃO SINDICAL;trabalhadores;Activa;2012-07-08;2024-02-22
2.35.0;FEDERAÇAO NACIONAL DOS SINDICATOS DOS TRANSPORTES;FETRANS;registo;FEDERAÇÃO SINDICAL;trabalhadores;Extinta;1990-07-30;2011-11-15
2.4.0;FEDERAÇÃO NACIONAL DOS SINDICATOS METALÚRGICOS;METALURGICOS;recurso;FEDERAÇÃO SINDICAL;trabalhadores;Extinta;1975-08-13;1979-02-15
2.37.0;FEDERAÇAO NACIONAL DOS TRANSPORTES, COMUNICAÇÕES E OBRAS PÚBLICAS;FENTCOP;registo;FEDERAÇÃO SINDICAL;trabalhadores;Extinta;1993-04-30;2001-10-22
2.44.0;FEDERAÇAO NACIONAL DOS TRANSPORTES, INDÚSTRIA E ENERGIA;TRANSPORTESINDUSTRIA;recurso;FEDERAÇÃO SINDICAL;trabalhadores;Activa;2001-01-12;2023-10-15
2.7.0;FEDERAÇAO NACIONAL. DOS SINDICATOS DE TRABALHADORES PORTUÁRIOS;FSP;registo;FEDERAÇÃO SINDICAL;trabalhadores;Activa;1975-12-03;2026-08-29
2.60.0;FEDERAÇAO PORTUGUESA DA EDUCAÇAO, DO ESTADO E DE ENTIDADES COM FINS PUBLICOS;FPE;registo;FEDERAÇÃO SINDICAL;trabalhadores;Activa;2016-12-15;2016-12-15
2.49.0;FEDERAÇÃO PORTUGUESA DE PROFESSORES;PROFESSORES;recurso;FEDERAÇÃO SINDICAL;trabalhadores;Extinta;2007-07-22;2011-07-08
2.59.0;FEDERAÇAO PORTUGUESA DE PROFESSORES;FPP;registo;FEDERAÇÃO SINDICAL;trabalhadores;Activa;2015-07-29;2024-01-08
2.42.0;FEDERAÇAO PORTUGUESA DOS PROFISSIONAIS DA EDUCAÇÃO, ENSINO, CULTURA E INVESTIGAÇÃO;FEPECI;registo;FEDERAÇÃO SINDICAL;trabalhadores;Activa;2001-01-30;2023-03-15
2.3.2;FEDERAÇAO PORTUGUESA DOS SINDICATO DAS INDÚSTRIAS DE CELULOSE, PAPEL, GRÁFICA E IMPRENSA;FPSICPGI;registo;FEDERAÇÃO SINDICAL;trabalhadores;Extinta;1981-10-30;1996-07-15
2.46.0;FEDERAÇÃO PORTUGUESA DOS SINDICATOS DA CONSTRUÇÃO, CERÂMICA E VIDRO;FEVICCOM;registo;FEDERAÇÃO SINDICAL;trabalhadores;Activa;2004-06-04;2024-11-15
2.6.2;FEDERAÇÃO PORTUGUESA DOS SINDICATOS DO COMÉRCIO E SERVIÇOS;COMERCIOSERVICOS;recurso;FEDERAÇÃO SINDICAL;trabalhadores;Activa;1979-09-08;1981-05-15
2.6.3;FEDERAÇÃO PORTUGUESA DOS SINDICATOS DO COMÉRCIO, ESCRITÓRIOS E SERVIÇOS;FPSCS;registo;FEDERAÇÃO SINDICAL;trabalhadores;Activa;1984-05-15;2011-07-08
2.6.4;FEDERAÇAO PORTUGUESA DOS SINDICATOS DO COMÉRCIO, ESCRITÓRIOS E SERVIÇOS;FEPCES;registo;FEDERAÇÃO SINDICAL;trabalhadores;Activa;1987-05-30;2024-10-22
2.6.1;FEDERAÇÃO PORTUGUESA DOS SINDICATOS DOS TRABALHADORES DO COMÉRCIO;COMERCIO;recurso;FEDERAÇÃO SINDICAL;trabalhadores;Activa;1979-02-15;1979-02-15
2.2.0;FEDERAÇÃO REGIONAL DO NORTE DOS SINDICATOS DOS TRABALHADORES DE ESCRITÓRIO;REGIONALNORTE;recurso;FEDERAÇÃO SINDICAL;trabalhadores;Extinta;1975-08-06;1977-06-29
2.52.0;FEDERAÇÃO SINDICAL DAS COMUNICAÇÕES;FESIC;registo;FEDERAÇÃO SINDICAL;trabalhadores;Extinta;2008-05-22;2026-03-08
4.1.0;INTERSINDICAL NACIONAL - CONFEDERAÇÃO GERAL DOS SINDICATOS PORTUGUESES;INTERSINDICALGERAL;recurso;CONFEDERAÇÃO SINDICAL;trabalhadores;Activa;1975-10-28;1996-08-15
1.634.0;ORGANIZAÇAO SINDICAL DOS POLICIAS;OSPPSP;registo;SINDICATO;trabalhadores;Extinta;2017-12-21;2026-03-08
1.685.0;PROFISSIONAIS DOS REGISTOS ASSOCIAÇÃO SINDICAL;PRAS;registo;SINDICATO;trabalhadores;Activa;2023-06-24;2024-03-15
1.645.0;SEP265 - SINDICATO ESTIVADORES PORTUARIOS SETUBAL - STPSET;STPSET;registo;SINDICATO;trabalhadores;Activa;2019-03-15;2019-05-15
1.385.3;SINDICADO DEMOCRATICO DOS TRABALHADORES DOS CORREIOS TELECOMUNICAÇOES, MÉDIA E SERVIÇOS;SINDETELCO;registo;SINDICATO;trabalhadores;Activa;2016-11-27;2026-04-15
1.602.0;SINDICATO 2013 DOS TRABALHADORES DOS TERMINAIS PORTUÁRIOS DE AVEIRO;S2013TTPA;registo;SINDICATO;trabalhadores;Activa;2013-06-07;2024-11-22
1.209.0;SINDICATO BANCÁRIOS DO NORTE;SBN;registo;SINDICATO;trabalhadores;Activa;1976-04-14;2017-07-15
1.62.0;SINDICATO DA ACTIVIDADE CINEMATOGRÁFICA;ACTIVIDADE;recurso;SINDICATO;trabalhadores;Extinta;1975-08-06;1998-10-15
1.62.1;SINDICATO DA ACTIVIDADE CINEMATOGRÁFICA, TELEVISÃO E VÍDEO;SACTV;registo;SINDICATO;trabalhadores;Extinta;1988-06-15;2000-03-15
1.390.0;SINDICATO DA AGRICULTURA AO SUL DO TEJO;SAST;registo;SINDICATO;trabalhadores;Extinta;1981-08-15;1984-08-15
1.343.1;SINDICATO DA AGRICULTURA DO RIBATEJO E OESTE;SARO;registo;SINDICATO;trabalhadores;Extinta;1982-02-15;2011-06-22
1.103.2;SINDICATO DA AGRICULTURA, ALIMENTAÇÃO E FLORESTAS;SETAA;registo;SINDICATO;trabalhadores;Extinta;1991-05-30;2017-08-15
1.110.1;SINDICATO DA BANCA, SEGUROS E TECNOLOGIAS - MAIS SINDICATO;MAISSINDICATO;derivada;SINDICATO;trabalhadores;Activa;2020-01-08;2024-01-29
1.626.1;SINDICATO DA CARREIRA DE INVESTIGAÇÃO CRIMINAL DA POLÍCIA JUDICIÁRIA;SCICPJ;registo;SINDICATO;trabalhadores;Activa;2024-01-08;2024-04-22
1.485.1;SINDICATO DA CARREIRA DE INVESTIGAÇÃO E FISCALIZAÇÃO DO SERVIÇO DE ESTRANGEIROS E FRONTEIRAS;SCIF;registo;SINDICATO;trabalhadores;Activa;1995-06-30;2023-08-29
1.286.3;SINDICATO DA CONSTRUÇÃO, OBRAS PÚBLICAS E SERVIÇOS;SETACCOP;registo;SINDICATO;trabalhadores;Activa;2012-04-29;2024-06-08
1.286.2;SINDICATO DA CONSTRUÇÃO, OBRAS PÚBLICAS E SERVIÇOS AFINS;SETACCOP;registo;SINDICATO;trabalhadores;Activa;1999-12-04;2011-12-29
1.648.0;SINDICATO DA DEFESA DOS PROFISSIONAIS DE POLICIA;SDPP;registo;SINDICATO;trabalhadores;Activa;2019-03-13;2020-01-22
1.589.0;SINDICATO DA EDUCAÇÃO E FORMAÇÃO;SINEFOR;registo;SINDICATO;trabalhadores;Activa;2010-06-15;2013-03-15
1.458.0;SINDICATO DA ENERGIA;SINERGIA;registo;SINDICATO;trabalhadores;Activa;1989-07-15;2026-05-15
1.667.0;SINDICATO DA INDÚSTRIA AERONAUTICA;SIA;registo;SINDICATO;trabalhadores;Activa;2020-11-17;2025-02-22
1.361.0;SINDICATO DA INDÚSTRIA DE ELECTRICIDADE;SINDEL;registo;SINDICATO;trabalhadores;Activa;1979-06-15;1983-07-15
1.198.0;SINDICATO DA INDÚSTRIA DE FÓSFOROS DE PORTUGAL;INDUSTRIAFOSFOROS;recurso;SINDICATO;trabalhadores;Extinta;1975-09-02;1975-09-02
1.198.1;SINDICATO DA INDÚSTRIA DE FÓSFOROS DE PORTUGAL - DISTRITOS DO PORTO E AVEIRO;INDUSTRIAFOSFOROS;recurso;SINDICATO;trabalhadores;Extinta;1976-10-02;2012-05-22
1.453.0;SINDICATO DA INDÚSTRIA DO METAL;SIMETAL;registo;SINDICATO;trabalhadores;Extinta;1989-04-30;2011-09-29
1.379.0;SINDICATO DA INDÚSTRIA E COMÉRCIO PETROLÍFERO;SICOP;registo;SINDICATO;trabalhadores;Extinta;1981-03-21;2021-12-22
1.566.0;SINDICATO DA INDÚSTRIA E ENERGIA DE PORTUGAL;SIREP;registo;SINDICATO;trabalhadores;Activa;2005-12-18;2023-03-31
1.139.0;SINDICATO DA INDÚSTRIA METALÚRGICA DO DISTRITO DO PORTO;STIMM;registo;SINDICATO;trabalhadores;Extinta;1975-08-08;1978-10-08
1.146.0;SINDICATO DA INDÚSTRIAS DE CALÇADO, MANUAL OU MECÂNICO, CORREEIROS, ALBARDEIROS, TAMANQUEIROS, PAUSEIROS E AFINS DOS DISTRITOS DE VISEU, VILA REAL, GUARDA E CASTELO BRANCO;INDUSTRIASCALCADO;recurso;SINDICATO;trabalhadores;Extinta;1975-08-25;2013-02-28
1.614.0;SINDICATO DA INOVAÇAO ENERGETICA;SINOVAE;registo;SINDICATO;trabalhadores;Activa;2015-06-08;2026-07-15
1.402.1;SINDICATO DA MANUTENÇÃO DO METROPOLITANO;SINDEM;registo;SINDICATO;trabalhadores;Activa;2008-05-22;2026-01-29
1.5.6;SINDICATO DA MARINHA MERCANTE, INDÚSTRIAS E ENERGIA;SITEMAQ;registo;SINDICATO;trabalhadores;Activa;2017-06-22;2025-07-29
1.5.4;SINDICATO DA MESTRANÇA E MARINHAGEM DA MARINHA MERCANTE E FOGUEIROS DE TERRA;SITEMAQ;registo;SINDICATO;trabalhadores;Activa;1989-05-30;1996-03-30
1.5.5;SINDICATO DA MESTRANÇA E MARINHAGEM DA MARINHA MERCANTE, ENERGIA E FOGUEIROS DE TERRA;SITEMAQ;registo;SINDICATO;trabalhadores;Activa;1999-03-27;2011-03-08
1.228.0;SINDICATO DA MESTRANÇA E MARINHAGEM DE CAMARAS DA MARINHA MERCANTE;SMMCMM;registo;SINDICATO;trabalhadores;Extinta;1975-09-06;2025-11-14
1.115.0;SINDICATO DA TAPEÇARIA, CORDOARIA E SIMILARES DO NORTE;TAPECARIACORDOARIA;recurso;SINDICATO;trabalhadores;Extinta;1975-08-12;1981-03-21
1.347.0;SINDICATO DAS ARTES E ESPECTÁCULO;SIARTE;registo;SINDICATO;trabalhadores;Extinta;1978-07-15;2012-07-29
1.273.2;SINDICATO DAS CIÊNCIAS E TECNOLOGIAS DA SAÚDE;CIENCIASTECNOLOGIAS;recurso;SINDICATO;trabalhadores;Activa;2000-09-22;2010-07-15
1.684.0;SINDICATO DAS COMUNICAÇÕES;STC;registo;SINDICATO;trabalhadores;Activa;2023-05-11;2023-06-08
1.451.0;SINDICATO DAS COMUNICAÇÕES DE PORTUGAL (SICOMP);SICOMP;registo;SINDICATO;trabalhadores;Activa;1989-04-15;2026-08-29
1.100.0;SINDICATO DAS INDÚSTRIAS DE OURIVESARIA, RELOJOARIA E CORRELATIVOS DO SUL;INDUSTRIAS;recurso;SINDICATO;trabalhadores;Extinta;1975-08-09;1979-10-29
1.360.3;SINDICATO DAS INDÚSTRIAS E AFINS;SINDEQ;registo;SINDICATO;trabalhadores;Activa;2014-04-05;2022-06-22
1.621.0;SINDICATO DAS INDÚSTRIAS E ENERGIA DE PORTUGAL;SIEP;registo;SINDICATO;trabalhadores;Activa;2016-06-08;2016-06-08
1.145.1;SINDICATO DAS INDÚSTRIAS ELÉCTRICAS DO CENTRO;SIEC;registo;SINDICATO;trabalhadores;Extinta;1979-06-15;2007-07-15
1.144.1;SINDICATO DAS INDÚSTRIAS ELÉCTRICAS DO SUL E ILHAS;SIESI;registo;SINDICATO;trabalhadores;Activa;1978-08-29;2025-06-22
1.621.2;SINDICATO DAS INDÚSTRIAS ENERGIAS SERVIÇOS E ÁGUAS DE PORTUGAL;SIEAP;registo;SINDICATO;trabalhadores;Activa;2018-04-22;2025-05-08
1.346.0;SINDICATO DAS INDÚSTRIAS METALÚRGICAS E AFINS;SIMA;registo;SINDICATO;trabalhadores;Activa;1978-07-08;2024-02-08
1.621.1;SINDICATO DAS INDÚSTRIAS, ENERGIA E ÁGUAS DE PORTUGAL;SIEAP;registo;SINDICATO;trabalhadores;Activa;2016-07-22;2017-07-22
1.599.0;SINDICATO DE AGENTES DA POLÍCIA DE SEGURANÇA PÚBLICA;SPSP;registo;SINDICATO;trabalhadores;Activa;2012-09-21;2012-11-08
1.438.1;SINDICATO DE CAPITÃES E OFICIAIS DA MARINHA MERCANTE;SINCOMAR;registo;SINDICATO;trabalhadores;Activa;1987-03-15;2024-02-29
1.438.0;SINDICATO DE CAPITÃES E OFICIAIS DA MARINHA MERCANTE DAS EMPRESAS TRANSINSULAR, SARL E VIEIRA E SILVEIRA, LDª;SINCOMAR;registo;SINDICATO;trabalhadores;Activa;1987-01-15;1987-01-15
1.352.0;SINDICATO DE DELEGADOS DO PROCURADOR DA REPÚBLICA;DELEGADOSPROCURADOR;recurso;SINDICATO;trabalhadores;Activa;1978-11-15;1978-11-15
1.421.0;SINDICATO DE ELECTRICISTAS DO DISTRITO DE SETÚBAL;SEDS;registo;SINDICATO;trabalhadores;Extinta;1984-10-30;2011-06-29
1.216.0;SINDICATO DE FARMACEUTICOS;FARMACEUTICOS;recurso;SINDICATO;trabalhadores;Activa;1975-10-16;1975-10-16
1.87.0;SINDICATO DE GARAGENS, POSTOS DE ABASTECIMENTOS, TRANSPORTES E OFÍCIOS CORRELATIVOS DO CENTRO E SUL;GARAGENSPOSTOS;recurso;SINDICATO;trabalhadores;Extinta;1975-08-06;1975-08-06
1.539.1;SINDICATO DE OFICIAIS DE POLICIA, DA POLICIA DE SEGURANÇA PÚBLICA;SOPPSP;registo;SINDICATO;trabalhadores;Extinta;2012-03-29;2022-01-15
1.618.0;SINDICATO DE POLICIA PELA ORDEM E LIBERDADE;SPPOL;registo;SINDICATO;trabalhadores;Activa;2016-01-12;2026-01-15
1.404.0;SINDICATO DE QUADROS;SENSIQ;registo;SINDICATO;trabalhadores;Activa;1982-06-30;2002-11-29
1.412.0;SINDICATO DE QUADROS;MENSIQ;registo;SINDICATO;trabalhadores;Extinta;1983-02-15;1983-02-15
1.236.1;SINDICATO DE QUADROS DAS COMUNICAÇÕES;SINQUADROS;registo;SINDICATO;trabalhadores;Activa;2004-02-08;2023-04-28
1.236.0;SINDICATO DE QUADROS DE CORREIOS;SINQUADROS;registo;SINDICATO;trabalhadores;Activa;1997-01-30;2003-03-22
1.433.0;SINDICATO DE QUADROS DOS TLP, EP;TENSIQ;registo;SINDICATO;trabalhadores;Activa;1986-07-15;1986-07-15
1.404.1;SINDICATO DE QUADROS E TÉCNICOS;SENSIQ;registo;SINDICATO;trabalhadores;Activa;2006-09-22;2023-03-20
1.338.0;SINDICATO DE QUADROS TÉCNICOS DOS CAMINHOS DE FERRO PORTUGUESES;QUADROSTECNICOS;recurso;SINDICATO;trabalhadores;Activa;1978-02-15;1978-02-15
1.133.2;SINDICATO DE QUADROS, TÉCNICOS ADMINISTRATIVOS, SERVIÇOS E NOVAS TECNOLOGIAS;SITESC;registo;SINDICATO;trabalhadores;Extinta;2004-07-17;2006-11-29
1.635.0;SINDICATO DE TODOS OS PROFESSORES;TODOSPROFESSORES;recurso;SINDICATO;trabalhadores;Activa;2018-02-15;2019-01-22
1.635.1;SINDICATO DE TODOS OS PROFISSIONAIS DA EDUCAÇÃO;TODOSEDUCACAO;recurso;SINDICATO;trabalhadores;Activa;2022-01-15;2023-12-29
1.635.2;SINDICATO DE TODOS OS PROFISSIONAIS DA EDUCAÇÃO(STOP);STOP;registo;SINDICATO;trabalhadores;Activa;2025-07-22;2025-07-22
1.686.0;SINDICATO DE TODOS OS TRABALHADORES DE EMPRESAS PRESTADORAS DE SERVIÇOS -VIGILÂNCIA, LIMPEZA, MANUTENÇÃO, CALL CENTER E TERCEIRIZAÇÃO DE SERVIÇOS -;STTEPS;registo;SINDICATO;trabalhadores;Activa;2023-12-20;2024-01-08
1.611.0;SINDICATO DE TRABALHADORES DOS PORTOS DE LISBOA E SETUBAL;STP;registo;SINDICATO;trabalhadores;Extinta;2014-08-29;2016-04-08
1.172.0;SINDICATO DE TRABALHADORES NA IMPRENSA;IMPRENSA;recurso;SINDICATO;trabalhadores;Extinta;1975-08-30;1980-11-30
1.353.0;SINDICATO DEMOCRATICO DA CONSTRUÇÃO CIVIL, MADEIRAS, PORTARIAS E AFINS (INDÚSTRIA E COMÉRCIO);SINDECOMPA;registo;SINDICATO;trabalhadores;Extinta;1979-02-08;1984-05-30
1.360.1;SINDICATO DEMOCRÁTICO DA ENERGIA, QUÍMICA E INDÚSTRIAS DIVERSAS;SINDEQ;registo;SINDICATO;trabalhadores;Activa;1987-03-30;2005-09-08
1.360.2;SINDICATO DEMOCRÁTICO DA ENERGIA, QUÍMICA, TÊXTIL E INDÚSTRIAS DIVERSAS;SINDEQ;registo;SINDICATO;trabalhadores;Activa;2005-08-08;2010-11-29
1.354.0;SINDICATO DEMOCRATICO DA HOTELARIA, ALIMENTAÇÃO E TURISMO;SINDHAT;registo;SINDICATO;trabalhadores;Extinta;1979-02-08;1996-05-15
1.437.0;SINDICATO DEMOCRÁTICO DA INDÚSTRIA CORTICEIRA;SINDECOR;registo;SINDICATO;trabalhadores;Extinta;1986-11-30;1993-12-30
1.437.1;SINDICATO DEMOCRÁTICO DA INDÚSTRIA CORTICEIRA;SINDECOR;registo;SINDICATO;trabalhadores;Extinta;;
1.437.2;SINDICATO DEMOCRÁTICO DA INDÚSTRIA CORTICEIRA;SINDECOR;registo;SINDICATO;trabalhadores;Extinta;2011-08-15;2011-08-15
1.360.0;SINDICATO DEMOCRÁTICO DA QUÍMICA;SINDEQ;registo;SINDICATO;trabalhadores;Activa;1979-06-08;1984-03-30
1.339.0;SINDICATO DEMOCRATICO DA QUÍMICA E FARMACÊUTICA (INDÚSTRIA E COMÉRCIO);SINDEQF;registo;SINDICATO;trabalhadores;Extinta;1978-02-15;1979-06-08
1.301.2;SINDICATO DEMOCRATICO DAS INDÚSTRIAS DE PANIFICAÇÃO, ALIMENTARES E AFINS;DEMOCRATICO;recurso;SINDICATO;trabalhadores;Extinta;1981-02-28;2011-06-08
1.301.1;SINDICATO DEMOCRÁTICO DAS INDÚSTRIAS DE PANIFICAÇÃO, ALIMENTARES E AFINS DO SUL E ILHAS;DEMOCRATICO;recurso;SINDICATO;trabalhadores;Extinta;1980-01-15;1980-01-15
1.378.1;SINDICATO DEMOCRATICO DAS MINAS E AFINS;SINDEMINAS;registo;SINDICATO;trabalhadores;Extinta;1984-09-15;2018-12-15
1.4.1;SINDICATO DEMOCRATICO DAS PESCAS;SINDEPESCAS;registo;SINDICATO;trabalhadores;Activa;1980-11-15;2024-02-22
1.222.1;SINDICATO DEMOCRÁTICO DO COMÉRCIO, ESCRITÓRIO E SERVIÇOS/CENTRO NORTE;SINDCES;registo;SINDICATO;trabalhadores;Activa;1985-07-30;1985-12-15
1.630.0;SINDICATO DEMOCRATICO DOS ENFERMEIROS DE PORTUGAL;SINDEPOR;registo;SINDICATO;trabalhadores;Activa;2017-07-29;2025-03-08
1.399.0;SINDICATO DEMOCRÁTICO DOS GRÁFICOS E AFINS;SINDEGRAF;registo;SINDICATO;trabalhadores;Extinta;1982-02-15;1986-01-15
1.399.1;SINDICATO DEMOCRATICO DOS GRÁFICOS, PAPEL E AFINS;SINDEGRAF;registo;SINDICATO;trabalhadores;Extinta;1989-04-15;2002-07-15
1.439.0;SINDICATO DEMOCRATICO DOS MÉDICOS DO NORTE;SINDEME;registo;SINDICATO;trabalhadores;Extinta;1987-03-15;2011-08-08
1.355.0;SINDICATO DEMOCRÁTICO DOS OPERÁRIOS DAS INDÚSTRIAS QUÍMICAS E AFINS DE PORTUGAL;DEMOCRATICOOPERARIOS;recurso;SINDICATO;trabalhadores;Extinta;1979-04-15;1979-04-15
1.393.0;SINDICATO DEMOCRÁTICO DOS PROFESSORES;SINDEP;registo;SINDICATO;trabalhadores;Activa;1981-09-15;1988-07-30
1.449.0;SINDICATO DEMOCRÁTICO DOS PROFESSORES DA GRANDE LISBOA;SDPGL;registo;SINDICATO;trabalhadores;Activa;1989-02-28;2011-05-22
1.449.1;SINDICATO DEMOCRÁTICO DOS PROFESSORES DA GRANDE LISBOA E VALE DO TEJO;SDPGL;registo;SINDICATO;trabalhadores;Activa;2011-10-15;2026-05-08
1.430.0;SINDICATO DEMOCRATICO DOS PROFESSORES DO SUL;SDPSUL;registo;SINDICATO;trabalhadores;Activa;1986-03-15;2023-08-22
1.351.0;SINDICATO DEMOCRATICO DOS PROFISSIONAIS DE FUTEBOL;SINBOL;registo;SINDICATO;trabalhadores;Extinta;1978-10-29;1986-03-15
1.368.1;SINDICATO DEMOCRÁTICO DOS TÉCNICOS DE DIAGNÓSTICO E TERAPÊUTICA;SINDITE;registo;SINDICATO;trabalhadores;Activa;1996-11-30;2000-09-08
1.370.0;SINDICATO DEMOCRATICO DOS TÊXTEIS;SINDETEX;registo;SINDICATO;trabalhadores;Extinta;1980-05-29;1995-06-15
1.370.1;SINDICATO DEMOCRATICO DOS TÊXTEIS;SINDETEX;registo;SINDICATO;trabalhadores;Extinta;2011-10-15;2011-10-15
1.385.2;SINDICATO DEMOCRÁTICO DOS TRABALHADORES DAS COMUNICAÇÕES E DOS MÉDIA;SINDETELCO;registo;SINDICATO;trabalhadores;Activa;2002-04-21;2013-07-15
1.355.1;SINDICATO DEMOCRATICO DOS TRABALHADORES DAS INDÚSTRIAS QUÍMICAS E AFINS DE PORTUGAL;DEMOCRATICO;recurso;SINDICATO;trabalhadores;Extinta;1981-02-21;1981-07-30
1.385.0;SINDICATO DEMOCRÁTICO DOS TRABALHADORES DAS TELECOMUNICAÇÕES;SINDETEL;registo;SINDICATO;trabalhadores;Activa;1981-05-30;1997-05-30
1.385.1;SINDICATO DEMOCRÁTICO DOS TRABALHADORES DAS TELECOMUNICAÇÕES E CORREIOS;SINDETELCO;registo;SINDICATO;trabalhadores;Activa;1981-09-30;2001-12-22
1.368.0;SINDICATO DEMOCRÁTICO DOS TRABALHADORES DE DIAGNÓSTICO E TERAPÊUTICA;SINDITE;registo;SINDICATO;trabalhadores;Activa;1980-03-08;1980-03-08
1.462.1;SINDICATO DEMOCRÁTICO DOS TRABALHADORES DOS AEROPORTOS E AVIAÇÃO;SINDAV;registo;SINDICATO;trabalhadores;Activa;2001-10-15;2024-07-15
1.255.1;SINDICATO DEMOCRATICO DOS VIDREIROS;SINDIVIDRO;registo;SINDICATO;trabalhadores;Extinta;1982-02-27;1999-11-29
1.442.0;SINDICATO DEMOCRATICOS DOS PORTOS;SINDEPORTOS;registo;SINDICATO;trabalhadores;Extinta;1988-04-30;1996-05-15
1.314.0;SINDICATO DISTRITAL DOS TRABALHADORES JUDICIAIS DO DISTRITO JUDICIAL DE COIMBRA;DISTRITALJUDICIAIS;recurso;SINDICATO;trabalhadores;Extinta;1976-10-19;1990-06-30
1.166.1;SINDICATO DO CALÇADO, MALAS E AFINS, COMPONENTES, FORMAS E CURTUMES DO MINHO E TRÁS-OS MONTES;OSMONTES;derivada;SINDICATO;trabalhadores;Activa;1991-08-15;2023-02-22
1.222.2;SINDICATO DO COMÉRCIO, ESCRITÓRIOS E SERVIÇOS;SINDCES;registo;SINDICATO;trabalhadores;Activa;1989-01-30;2009-06-15
1.222.3;SINDICATO DO COMÉRCIO, ESCRITÓRIOS E SERVIÇOS;SINDCES;registo;SINDICATO;trabalhadores;Activa;2013-10-12;2018-02-08
1.222.4;SINDICATO DO COMÉRCIO, ESCRITÓRIOS E SERVIÇOS;SINDCES;registo;SINDICATO;trabalhadores;Activa;2022-12-12;2023-01-15
1.652.0;SINDICATO DO CORPO DA POLICIA;SCP;registo;SINDICATO;trabalhadores;Activa;2019-07-10;2019-08-08
1.282.0;SINDICATO DO NORTE DOS TRABALHADORES EM CARNES;NORTECARNES;recurso;SINDICATO;trabalhadores;Extinta;1975-09-26;1998-12-30
1.401.0;SINDICATO DO PESSOAL ASSALARIADO DAS MISSÕES DIPLOMÁTICAS E POSTOS CONSULARES DOS ESTADOS UNIDOS DA AMÉRICA E CANADÁ;SPAAC;registo;SINDICATO;trabalhadores;Extinta;1982-04-30;2019-01-08
1.560.0;SINDICATO DO PESSOAL COM FUNÇÕES NÃO POLICIAIS DA POLÍCIA DE SEGURANÇA PÚBLICA;SPNP;registo;SINDICATO;trabalhadores;Activa;2005-03-05;2011-07-29
1.560.1;SINDICATO DO PESSOAL COM FUNÇÕES NÃO POLICIAIS DA POLÍCIA DE SEGURANÇA PÚBLICA- SPNPPSP;SPNP;registo;SINDICATO;trabalhadores;Activa;2014-11-15;2015-07-22
1.366.0;SINDICATO DO PESSOAL DAS TESOURARIAS DA FAZENDA PÚBLICA;SITES;registo;SINDICATO;trabalhadores;Extinta;1980-01-08;1980-01-08
1.485.2;SINDICATO DO PESSOAL DE INVESTIGAÇÃO CRIMINAL DA POLÍCIA JUDICIÁRIA;SPIC;registo;SINDICATO;trabalhadores;Activa;2023-12-29;2026-08-08
1.298.0;SINDICATO DO PESSOAL DO SERVIÇO DE TRANSPORTES COLECTIVOS DO PORTO;PESSOALSERVICO;recurso;SINDICATO;trabalhadores;Activa;1975-09-16;1975-09-16
1.560.2;SINDICATO DO PESSOAL TECNICO DE APOIO A ATIVIDADE POLICIAL DA POLICIA DE SEGURANÇA PUBLICA- SPTAAP;SPNP;registo;SINDICATO;trabalhadores;Activa;2015-07-22;2015-07-22
1.290.0;SINDICATO DO SERVIÇO DOMÉSTICO;SERVICODOMESTICO;recurso;SINDICATO;trabalhadores;Extinta;1976-06-21;1994-02-28
1.350.0;SINDICATO DOS ADIDOS DA FUNÇÃO PÚBLICA DO DISTRITO DO PORTO;SAFUP;registo;SINDICATO;trabalhadores;Extinta;1978-10-08;2026-05-08
1.633.0;SINDICATO DOS ADVOGADOS PORTUGUESES (SAP);SAP;registo;SINDICATO;trabalhadores;Activa;2017-12-15;2020-01-08
1.260.1;SINDICATO DOS AGENTES TÉCNICOS AGRÍCOLAS;AGENTESTECNICOS;recurso;SINDICATO;trabalhadores;Extinta;1983-01-15;1984-11-15
1.129.1;SINDICATO DOS AGENTES TECNICOS DE ARQUITECTURA E ENGENHARIA;SATAE;registo;SINDICATO;trabalhadores;Activa;1984-11-15;2026-04-22
1.19.0;SINDICATO DOS AJUDANTES DE FARMÁCIA DO SUL E ILHAS;AJUDANTESFARMACIASUL;recurso;SINDICATO;trabalhadores;Activa;1975-07-26;1975-07-26
1.28.0;SINDICATO DOS AJUDANTES E PRATICANTES DE DESPACHANTE OFICIAL, DESPACHANTES PRIVATIVOS E AGENTES ADUANEIROS;AJUDANTESPRATICANTES;recurso;SINDICATO;trabalhadores;Activa;1975-07-31;1976-11-24
1.57.0;SINDICATO DOS BANCÁRIOS DO CENTRO;BANCARIOSCENTRO;recurso;SINDICATO;trabalhadores;Activa;1975-08-05;2023-06-15
1.110.0;SINDICATO DOS BANCÁRIOS DO SUL E ILHAS;BANCARIOSSULILHAS;recurso;SINDICATO;trabalhadores;Activa;1975-07-30;2019-06-08
1.362.0;SINDICATO DOS CAPITÃES DA MARINHA MERCANTE;SINCAP;registo;SINDICATO;trabalhadores;Extinta;1979-07-08;1992-11-30
1.213.1;SINDICATO DOS CAPITÃES, OFICIAIS PILOTOS, COMISSÁRIOS E ENGENHEIROS DA MARINHA MERCANTE;OFICIAISMAR;registo;SINDICATO;trabalhadores;Activa;1998-01-30;2023-09-29
1.213.0;SINDICATO DOS CAPITÃES, OFICIAIS PILOTOS, COMISSÁRIOS E RADIOTÉCNICOS DA MARINHA MERCANTE;CAPITAESOFICIAIS;recurso;SINDICATO;trabalhadores;Activa;1975-09-03;1975-09-03
1.39.0;SINDICATO DOS CARPINTEIROS NAVAIS, CALAFATES E OFÍCIOS CORRELATIVOS, MECÂNICOS E DE MADEIRAS, VELEIROS , POLIDORES, ESTUFADORES E CONSTRUÇÃO NAVAL DE FIBRAS;CARPINTEIROSNAVAIS;recurso;SINDICATO;trabalhadores;Extinta;1975-08-01;1976-05-17
1.214.0;SINDICATO DOS CARPINTEIROS NAVAIS, CALAFATES, PINTORES E OFÍCIOS CORRELATIVOS DO DISTRITO DO PORTO;CARPINTEIROSNAVAIS;recurso;SINDICATO;trabalhadores;Extinta;1975-09-22;1975-09-22
1.91.0;SINDICATO DOS CONFERENTES DE CARGAS MARÍTIMAS DE IMPORTAÇAO E EXPORTAÇAO DOS DISTRITOS DE LISBOA E SETÚBAL;CONFERENTESCARGAS;recurso;SINDICATO;trabalhadores;Extinta;1975-08-13;1999-02-15
1.129.0;SINDICATO DOS CONSTRUTORES CIVIS;CONSTRUTORESCIVIS;recurso;SINDICATO;trabalhadores;Activa;1975-08-19;1981-06-15
1.345.0;SINDICATO DOS CONTABILISTAS;SICONT;registo;SINDICATO;trabalhadores;Extinta;1978-06-15;2025-12-22
1.383.0;SINDICATO DOS CONTROLADORES DE TRÁFEGO AÉREO;SINCTA;registo;SINDICATO;trabalhadores;Activa;1981-03-21;2025-11-15
1.309.0;SINDICATO DOS DELEGADOS DE VENDAS (COMISSIONISTAS) DO DISTRITOS DO PORTO;COMISSIONISTAS;derivada;SINDICATO;trabalhadores;Extinta;1976-09-29;2011-11-15
1.270.0;SINDICATO DOS DESCARREGADORES DE MAR E TERRA DO DISTRITO DE SETÚBAL;DESCARREGADORESMAR;recurso;SINDICATO;trabalhadores;Extinta;1975-10-01;2013-07-15
1.95.0;SINDICATO DOS DESCARREGADORES DE MAR E TERRA DO DISTRITO DE SETÚBAL;DESCARREGADORESMAR;recurso;SINDICATO;trabalhadores;Extinta;1975-10-16;1999-06-29
1.224.0;SINDICATO DOS ECONOMISTAS;ECONOMISTAS;recurso;SINDICATO;trabalhadores;Activa;1975-08-29;2023-07-15
1.443.2;SINDICATO DOS EDUCADORES E PROFESSORES DO ENSINO BÁSICO;SIPPEB;registo;SINDICATO;trabalhadores;Activa;2010-07-15;2026-08-15
1.509.0;SINDICATO DOS EDUCADORES E PROFESSORES LICENCIADOS PELAS ESCOLAS SUPERIORES DE EDUCAÇÃO E UNIVERSIDADES;SEPLEU;registo;SINDICATO;trabalhadores;Activa;1997-06-21;2025-03-29
1.402.0;SINDICATO DOS ELECTRICISTAS DO METROPOLITANO;SINDEM;registo;SINDICATO;trabalhadores;Activa;1982-07-30;2005-12-08
1.237.0;SINDICATO DOS ELECTRICISTAS DO NORTE;ELECTRICISTASNORTE;recurso;SINDICATO;trabalhadores;Extinta;1975-10-16;2001-07-22
1.144.0;SINDICATO DOS ELECTRICISTAS DO SUL;ELECTRICISTASSUL;recurso;SINDICATO;trabalhadores;Activa;1975-08-25;1975-08-25
1.661.0;SINDICATO DOS EMPREGADORES DE BANCA DOS CASINOS;SEBC;registo;SINDICATO;trabalhadores;Activa;2020-09-15;2020-12-10
1.269.0;SINDICATO DOS EMPREGADOS DAS SALAS DE JOGOS DOS CASINOS;EMPREGADOSSALASJOGOS;recurso;SINDICATO;trabalhadores;Activa;1975-09-17;1981-01-15
1.103.1;SINDICATO DOS EMPREGADOS, TÉCNICOS E ASSALARIADOS AGRÍCOLAS;SETAA;registo;SINDICATO;trabalhadores;Extinta;1984-04-15;1988-08-15
1.286.1;SINDICATO DOS EMPREGADOS, TÉCNICOS E ASSALARIADOS DA CONSTRUÇÃO CIVIL, OBRAS PÚBLICAS E AFINS;SETACCOP;registo;SINDICATO;trabalhadores;Activa;1986-03-30;1987-01-30
1.358.0;SINDICATO DOS ENCARREGADOS E AJUDANTES DE ENCARREGADO DE BIBLIOTECA DE PORTUGAL;ENCARREGADOS;recurso;SINDICATO;trabalhadores;Extinta;1979-06-15;2011-07-29
1.330.0;SINDICATO DOS ENCARTADOS DE MESTRANÇA DAS PESCAS DE MATOSINHOS E AVEIRO (EM BARCOS DE SARDINHA E ARRASTO MATRICULADOS NAS CAPITANIAS DO DOURO E LEIXÕES E AVEIRO);ENCARTADOSMESTRANCA;recurso;SINDICATO;trabalhadores;Extinta;1977-06-29;1977-10-29
1.330.1;SINDICATO DOS ENCARTADOS DE MESTRANÇA DAS PESCAS DE MATOSINHOS, AVEIRO E FIGUEIRA DA FOZ;ENCARTADOSMESTRANCA;recurso;SINDICATO;trabalhadores;Extinta;1978-05-08;2014-01-08
1.225.2;SINDICATO DOS ENFERMEIROS;SE;registo;SINDICATO;trabalhadores;Activa;2002-05-22;2025-10-15
1.225.0;SINDICATO DOS ENFERMEIROS DA ZONA NORTE;ENFERMEIROSZONANORTE;recurso;SINDICATO;trabalhadores;Activa;1975-09-02;1975-09-02
1.157.0;SINDICATO DOS ENFERMEIROS DA ZONA SUL;ENFERMEIROSZONASUL;recurso;SINDICATO;trabalhadores;Activa;1975-10-14;1980-10-30
1.157.1;SINDICATO DOS ENFERMEIROS DA ZONA SUL E REGIÃO AUTÓNOMA DOS AÇORES;ENFERMEIROSZONASUL;recurso;SINDICATO;trabalhadores;Activa;1986-08-30;1986-08-30
1.233.1;SINDICATO DOS ENFERMEIROS DO CENTRO;ENFERMEIROSCENTRO;recurso;SINDICATO;trabalhadores;Activa;1982-08-14;2006-08-15
1.225.1;SINDICATO DOS ENFERMEIROS DO NORTE;ENFERMEIROSNORTE;recurso;SINDICATO;trabalhadores;Activa;1992-11-30;2001-05-08
1.157.2;SINDICATO DOS ENFERMEIROS PORTUGUESES;SEP;registo;SINDICATO;trabalhadores;Activa;1988-07-30;2023-12-11
1.221.1;SINDICATO DOS ENGENHEIROS;SERS;registo;SINDICATO;trabalhadores;Activa;2004-10-22;2026-01-15
1.475.0;SINDICATO DOS ENGENHEIROS DA MARINHA MERCANTE;SEMM;registo;SINDICATO;trabalhadores;Activa;1991-07-30;2026-08-29
1.140.0;SINDICATO DOS ENGENHEIROS DA REGIÃO CENTRO;ENGENHEIROSREGIAO;recurso;SINDICATO;trabalhadores;Extinta;1975-08-11;1977-08-26
1.221.0;SINDICATO DOS ENGENHEIROS DA REGIÃO SUL;ENGENHEIROSREGIAOSUL;recurso;SINDICATO;trabalhadores;Activa;1975-08-19;2001-09-08
1.234.0;SINDICATO DOS ENGENHEIROS DO NORTE;ENGENHEIROSNORTE;recurso;SINDICATO;trabalhadores;Extinta;1975-09-26;2011-09-29
1.296.1;SINDICATO DOS ENGENHEIROS TÉCNICOS;SETN;registo;SINDICATO;trabalhadores;Activa;1992-10-30;1993-04-15
1.103.0;SINDICATO DOS ENGENHEIROS TÉCNICOS AGRÁRIOS;SETA;registo;SINDICATO;trabalhadores;Extinta;1975-08-23;1981-07-15
1.434.0;SINDICATO DOS ENGENHEIROS TÉCNICOS DE CIÊNCIAS AGRÁRIAS;SETCA;registo;SINDICATO;trabalhadores;Extinta;1986-07-15;2012-12-08
1.296.0;SINDICATO DOS ENGENHEIROS TÉCNICOS DO NORTE;ENGENHEIROSTECNICOS;recurso;SINDICATO;trabalhadores;Activa;1976-02-24;1980-05-22
1.15.0;SINDICATO DOS ENGENHEIROS TÉCNICOS DO SUL;SETS;registo;SINDICATO;trabalhadores;Activa;1975-07-29;1992-02-29
1.418.1;SINDICATO DOS ESCRITÓRIOS E SERVIÇOS DO NORTE;SESN;registo;SINDICATO;trabalhadores;Extinta;1984-06-15;1996-02-15
1.418.0;SINDICATO DOS ESCRITÓRIOS E SERVIÇOS DO PORTO;ESCRITORIOSSERVICOS;recurso;SINDICATO;trabalhadores;Extinta;1983-06-30;1984-03-15
1.6.1;SINDICATO DOS ESTIVADORES DO PORTO DE LISBOA CENTRO E SUL DE PORTUGAL;ESTIVADORESPORTO;recurso;SINDICATO;trabalhadores;Extinta;1997-12-15;1999-02-15
1.6.0;SINDICATO DOS ESTIVADORES DO PORTO DE LISBOA E CENTRO DE PORTUGAL;ESTIVADORESPORTO;recurso;SINDICATO;trabalhadores;Extinta;1975-08-09;1997-07-30
1.613.0;SINDICATO DOS ESTIVADORES DO PORTO DE VIANA DO CASTELO;ESTIVADORESPORTO;recurso;SINDICATO;trabalhadores;Activa;2015-02-04;2015-04-08
1.613.1;SINDICATO DOS ESTIVADORES DO PORTO DE VIANA DO CASTELO;SEPVCT;registo;SINDICATO;trabalhadores;Activa;2016-01-08;2025-01-29
1.45.0;SINDICATO DOS ESTIVADORES E BARQUEIROS DO DISTRITO DE SETÚBAL;ESTIVADORES;recurso;SINDICATO;trabalhadores;Extinta;1975-07-29;1993-03-30
1.178.0;SINDICATO DOS ESTIVADORES E TRABALHADORES DO CAIS DO PORTO DE VIANA DO CASTELO;ESTIVADORESCAISPORTO;recurso;SINDICATO;trabalhadores;Extinta;1975-09-26;1975-09-26
1.170.0;SINDICATO DOS ESTIVADORES E TRABALHADORES DO PORTO DE AVEIRO;ESTIVADORESPORTO;recurso;SINDICATO;trabalhadores;Activa;1975-08-26;2011-03-08
1.38.0;SINDICATO DOS ESTIVADORES S CONFERENTES MARÍTIMOS E FLUVIAIS DO DISTRITO DO PORTO;ESTIVADORES;recurso;SINDICATO;trabalhadores;Extinta;1975-07-31;1994-10-15
1.490.0;SINDICATO DOS ESTIVADORES, CONFERENTES E TRÁFEGO DOS PORTOS DO DOURO E LEIXÕES;SECTPDL;registo;SINDICATO;trabalhadores;Activa;1994-10-15;2026-05-08
1.178.1;SINDICATO DOS ESTIVADORES, LINGADORES E CONFERENTES DO PORTO DE VIANA DO CASTELO;ESTIVADORES;recurso;SINDICATO;trabalhadores;Extinta;1979-06-29;2012-11-22
1.521.0;SINDICATO DOS ESTIVADORES, TRABALHADORES DO TRÁFEGO E CONFERENTES MARÍTIMOS DO CENTRO E SUL DE PORTUGAL;ESTIVADORESTRAFEGO;recurso;SINDICATO;trabalhadores;Activa;1999-02-15;2013-05-22
1.78.0;SINDICATO DOS FERROVIÁRIOS DO CENTRO;FERROVIARIOSCENTRO;recurso;SINDICATO;trabalhadores;Extinta;1975-08-11;1999-10-15
1.94.0;SINDICATO DOS FERROVIÁRIOS DO NORTE DE PORTUGAL;FERROVIARIOSNORTE;recurso;SINDICATO;trabalhadores;Extinta;1975-08-14;1999-10-15
1.105.0;SINDICATO DOS FERROVIÁRIOS DO SUL;FERROVIARIOSSUL;recurso;SINDICATO;trabalhadores;Extinta;1975-08-19;1999-10-15
1.514.0;SINDICATO DOS FISIOTERAPEUTAS PORTUGUESES;SFP;registo;SINDICATO;trabalhadores;Activa;1997-10-26;2026-01-08
1.31.1;SINDICATO DOS FOGUEIROS DE MAR E TERRA;SIFOMATE;registo;SINDICATO;trabalhadores;Activa;1983-07-15;1998-08-15
1.31.0;SINDICATO DOS FOGUEIROS DE MAR E TERRA DO NORTE;FOGUEIROSMARTERRA;recurso;SINDICATO;trabalhadores;Activa;1975-07-30;1979-02-28
1.5.0;SINDICATO DOS FOGUEIROS DE MAR E TERRA DO SUL E ILHAS ADJACENTES;FOGUEIROSMARTERRASUL;recurso;SINDICATO;trabalhadores;Activa;1975-07-17;1975-07-17
1.5.3;SINDICATO DOS FOGUEIROS DE TERRA E DA MESTRANÇA E MARINHAGEM DE MÁQUINAS DA MARINHA MERCANTE;SITEMAQ;registo;SINDICATO;trabalhadores;Activa;1982-07-15;1985-11-15
1.5.2;SINDICATO DOS FOGUEIROS DE TERRA E ÚNICO DA MESTRANÇA E MARINHAGEM DE MÁQUINAS DA MARINHA MERCANTE;FOGUEIROSTERRAUNICO;recurso;SINDICATO;trabalhadores;Activa;1981-03-21;1981-03-21
1.5.1;SINDICATO DOS FOGUEIROS MOTORISTAS DE MAR E TERRA E AFINS;FOGUEIROSMOTORISTAS;recurso;SINDICATO;trabalhadores;Activa;1979-08-22;1980-07-15
1.31.2;SINDICATO DOS FOGUEIROS, ENERGIA E INDÚSTRIAS TRANSFORMADORAS;SIFOMATE;registo;SINDICATO;trabalhadores;Activa;1999-12-29;2023-04-29
1.670.0;SINDICATO DOS FUNCIONARIOS DO MINISTERIO PUBLICO;SFMP;registo;SINDICATO;trabalhadores;Activa;2021-06-14;2023-02-08
1.480.0;SINDICATO DOS FUNCIONÁRIOS DO SERVIÇO DE ESTRANGEIROS E FRONTEIRAS;SINSEF;registo;SINDICATO;trabalhadores;Activa;1992-02-15;2025-03-08
1.468.0;SINDICATO DOS FUNCIONÁRIOS JUDICIAIS;SFJ;registo;SINDICATO;trabalhadores;Activa;1990-06-30;2025-09-29
1.424.0;SINDICATO DOS FUNCIONÁRIOS PARLAMENTARES;FUNCIONARIOS;recurso;SINDICATO;trabalhadores;Activa;1985-11-30;2026-05-15
1.79.0;SINDICATO DOS GRÁFICOS E TRANSFORMADORES DE PAPEL DO DISTRITO DE AVEIRO;GRAFICOS;recurso;SINDICATO;trabalhadores;Extinta;1975-08-11;1982-02-15
1.446.2;SINDICATO DOS INSPECTORES DA EDUCAÇÃO E DO ENSINO;INSPECTORESEDUCACAO;recurso;SINDICATO;trabalhadores;Activa;2003-10-22;2023-12-15
1.446.0;SINDICATO DOS INSPECTORES DO ENSINO;INSPECTORESENSINO;recurso;SINDICATO;trabalhadores;Activa;1988-11-15;1988-11-15
1.446.1;SINDICATO DOS INSPECTORES DO ENSINO;SIE;registo;SINDICATO;trabalhadores;Activa;1996-05-24;2001-11-08
1.587.0;SINDICATO DOS INSPECTORES DO TRABALHO (SIT);SIT;registo;SINDICATO;trabalhadores;Activa;2010-03-20;2026-05-08
1.626.0;SINDICATO DOS INSPETORES DE INVESTIGAÇAO, FISCALIZAÇAO E FRONTEIRAS;INSPETORES;recurso;SINDICATO;trabalhadores;Activa;2017-06-08;2021-04-22
1.283.0;SINDICATO DOS JOGADORES PROFISSIONAIS DE FUTEBOL;JOGADORESFUTEBOL;recurso;SINDICATO;trabalhadores;Activa;1975-10-06;2025-04-15
1.11.0;SINDICATO DOS JORNALISTAS;JORNALISTAS;recurso;SINDICATO;trabalhadores;Activa;1975-07-24;2024-07-08
1.696.0;SINDICATO DOS LEITORES DE PORTUGUÊS NO ESTRANGEIRO (SILPE);SILPE;registo;SINDICATO;trabalhadores;Activa;2026-09-22;2026-09-22
1.73.1;SINDICATO DOS LINGADORES-APARTADORES, BARQUEIROS-FRAGATEIROS DO DOURO E LEIXÕES E FLUVIAIS DO NORTE DE PORTUGAL;LINGADORES;recurso;SINDICATO;trabalhadores;Extinta;1983-09-15;1991-12-15
1.352.1;SINDICATO DOS MAGISTRADOS DO MINISTÉRIO PÚBLICO;MAGISTRADOS;recurso;SINDICATO;trabalhadores;Activa;1979-08-15;2024-05-08
1.61.0;SINDICATO DOS MAQUINISTAS PRÁTICOS, AJUDANTES E ARTÍFICES DA MARINHA MERCANTE;MAQUINISTASPRATICOS;recurso;SINDICATO;trabalhadores;Extinta;1975-07-29;1982-08-30
1.410.0;SINDICATO DOS MAQUINISTAS PRÁTICOS, AJUDANTES E ARTÍFICES DA MARINHA MERCANTE DE PORTUGAL;MAQUINISTASPRATICOS;recurso;SINDICATO;trabalhadores;Extinta;1982-08-30;1982-08-30
1.226.0;SINDICATO DOS MAQUINISTAS PRÁTICOS, AJUDANTES E ARTÍFICES DA MARINHA MERCANTE DO DISTISTRITO DE FARO;MAQUINISTASPRATICOS;recurso;SINDICATO;trabalhadores;Extinta;1975-09-02;1982-08-30
1.179.0;SINDICATO DOS MARCENEIROS E OFÍCIOS CORRELATIVOS DO DISTRITO DE BRAGA;MARCENEIROSOFICIOS;recurso;SINDICATO;trabalhadores;Extinta;1975-09-26;1981-07-30
1.43.0;SINDICATO DOS MARINHEIROS MERCANTES DE PORTUGAL;MARINHEIROSMERCANTES;recurso;SINDICATO;trabalhadores;Activa;1975-08-04;2023-05-15
1.291.0;SINDICATO DOS MÉDICOS DA REGIÃO SUL;MEDICOSREGIAOSUL;recurso;SINDICATO;trabalhadores;Activa;1975-11-12;2015-07-08
1.374.0;SINDICATO DOS MÉDICOS DA ZONA CENTRO;SMZC;registo;SINDICATO;trabalhadores;Activa;1980-07-15;2025-12-08
1.291.1;SINDICATO DOS MÉDICOS DA ZONA SUL (SMZS);SMZS;registo;SINDICATO;trabalhadores;Activa;1982-03-15;2026-01-21
1.596.0;SINDICATO DOS MÉDICOS DENTISTAS;SMD;registo;SINDICATO;trabalhadores;Extinta;2010-04-20;2015-02-22
1.664.1;SINDICATO DOS MÉDICOS DENTISTAS;SMD;registo;SINDICATO;trabalhadores;Activa;2021-03-15;2025-04-08
1.690.0;SINDICATO DOS MÉDICOS DENTISTAS DO SETOR PÚBLICO E SOCIAL PORTUGUÊS;SMDSP;registo;SINDICATO;trabalhadores;Activa;2024-11-08;2024-11-08
1.664.0;SINDICATO DOS MEDICOS DENTISTAS PORTUGUES;SMDP;registo;SINDICATO;trabalhadores;Activa;2020-11-05;2025-05-22
1.407.0;SINDICATO DOS MÉDICOS DO NORTE;SMN;registo;SINDICATO;trabalhadores;Activa;1982-07-30;2025-06-22
1.440.0;SINDICATO DOS MEIOS AUDIOVISUAIS;AUDIOVISUAIS;registo;SINDICATO;trabalhadores;Activa;1987-04-30;1990-03-15
1.440.1;SINDICATO DOS MEIOS AUDIOVISUAIS;SMAV;registo;SINDICATO;trabalhadores;Activa;1993-06-30;2023-11-15
1.155.0;SINDICATO DOS METALÚRGICOS DE AVEIRO;METALURGICOSAVEIRO;recurso;SINDICATO;trabalhadores;Extinta;1975-08-29;1975-08-29
1.174.0;SINDICATO DOS METALÚRGICOS DE BRAGA;METALURGICOSBRAGA;recurso;SINDICATO;trabalhadores;Extinta;1975-09-01;1975-09-01
1.52.0;SINDICATO DOS METALÚRGICOS DE VISEU;METALURGICOSVISEU;recurso;SINDICATO;trabalhadores;Extinta;1975-07-24;1978-02-08
1.92.0;SINDICATO DOS METALURGICOS DO DISTRITO DE CASTELO BRANCO;METALURGICOSDISTRITO;recurso;SINDICATO;trabalhadores;Extinta;1975-08-13;2000-11-29
1.147.0;SINDICATO DOS METALÚRGICOS DO DISTRITO DE LEIRIA;METALURGICOSDISTRITO;recurso;SINDICATO;trabalhadores;Extinta;1975-08-25;1975-08-25
1.158.0;SINDICATO DOS METALÚRGICOS DO DISTRITO DE PORTALEGRE;METALURGICOSDISTRITO;recurso;SINDICATO;trabalhadores;Extinta;1975-08-11;1983-04-30
1.32.0;SINDICATO DOS METALÚRGICOS DO DISTRITO DE SANTARÉM;METALURGICOSDISTRITO;recurso;SINDICATO;trabalhadores;Extinta;1975-07-29;1975-07-29
1.83.0;SINDICATO DOS METALÚRGICOS DO DISTRITO DE SETÚBAL;METALURGICOSDISTRITO;recurso;SINDICATO;trabalhadores;Extinta;1975-08-06;1975-08-06
1.17.0;SINDICATO DOS METALÚRGICOS DO DISTRITO DE VIANA DO CASTELO;METALURGICOSDISTRITO;recurso;SINDICATO;trabalhadores;Activa;1975-07-23;1975-07-23
1.111.0;SINDICATO DOS MOTORISTAS DO DISTRITO DO PORTO;MOTORISTASDISTRITO;recurso;SINDICATO;trabalhadores;Extinta;1975-08-06;1975-08-06
1.46.0;SINDICATO DOS MUSICOS;MUSICOS;recurso;SINDICATO;trabalhadores;Extinta;1975-07-31;2008-12-29
1.46.1;SINDICATO DOS MUSICOS DOS PROFISSIONAIS DO ESPECTÁCULO E DO AUDIOVISUAL;CENA;registo;SINDICATO;trabalhadores;Extinta;2011-12-29;2017-06-22
1.275.0;SINDICATO DOS OFICIAIS BARBEIROS, CABELEIREIROS E OFÍCIOS CORRELATIVOS DOS DISTRITOS DE BRAGA E VIANA DO CASTELO;OFICIAISBARBEIROS;recurso;SINDICATO;trabalhadores;Extinta;1975-09-29;1992-07-15
1.563.0;SINDICATO DOS OFICIAIS DE JUSTIÇA;SOJ;registo;SINDICATO;trabalhadores;Activa;2005-11-29;2026-05-08
1.462.0;SINDICATO DOS OFICIAIS DE OPERAÇÕES AEROPORTUÁRIAS;SINDOPA;registo;SINDICATO;trabalhadores;Activa;1989-12-15;2000-09-08
1.180.1;SINDICATO DOS OFICIAIS E ENGENHEIROS MAQUINISTAS DA MARINHA MERCANTE (SOEMMM);SOEMMM;registo;SINDICATO;trabalhadores;Activa;1978-02-15;2018-08-15
1.180.0;SINDICATO DOS OFICIAIS MAQUINISTAS DA MARINHA MERCANTE;SOMMM;registo;SINDICATO;trabalhadores;Activa;1975-08-26;1997-10-15
1.243.0;SINDICATO DOS OPERÁRIOS AGRÍCOLAS DO DISTRITO DE SANTARÉM;OPERARIOSAGRICOLAS;recurso;SINDICATO;trabalhadores;Extinta;1975-08-11;1993-05-15
1.181.0;SINDICATO DOS OPERÁRIOS CARPINTEIROS, SERRAÇÕES DE MADEIRAS E OFÍCIOS CORRELATIVOS DO DISTRITO DO PORTO;OPERARIOS;recurso;SINDICATO;trabalhadores;Extinta;1975-08-29;1978-05-29
1.114.0;SINDICATO DOS OPERÁRIOS CHAPELEIROS;OPERARIOSCHAPELEIROS;recurso;SINDICATO;trabalhadores;Extinta;1975-08-12;1975-08-12
1.294.0;SINDICATO DOS OPERÁRIOS CORTICEIROS DO DISTRITO DE FARO;OPERARIOSCORTICEIROS;recurso;SINDICATO;trabalhadores;Extinta;1976-01-03;1981-02-07
1.274.0;SINDICATO DOS OPERÁRIOS CORTICEIROS DO DISTRITO DE PORTALEGRE;OPERARIOSCORTICEIROS;recurso;SINDICATO;trabalhadores;Extinta;1975-09-16;2025-07-15
1.171.0;SINDICATO DOS OPERÁRIOS CORTICEIROS DO NORTE;OPERARIOSCORTICEIROS;recurso;SINDICATO;trabalhadores;Activa;1975-08-20;2025-09-29
1.148.0;SINDICATO DOS OPERÁRIOS DA CONSTRUÇÃO CIVIL DO DISTRITO DE BRAGANÇA;OPERARIOSCONSTRUCAO;recurso;SINDICATO;trabalhadores;Extinta;1975-08-26;1979-05-08
1.253.0;SINDICATO DOS OPERÁRIOS DA CONSTRUÇÃO CIVIL E OFÍCIOS CORRELATIVOS DE CHAVES;OPERARIOSCONSTRUCAO;recurso;SINDICATO;trabalhadores;Extinta;1975-09-10;1982-08-14
1.51.0;SINDICATO DOS OPERÁRIOS DA CONSTRUÇÃO CIVIL E OFÍCIOS CORRELATIVOS DO DISTRITO DE COIMBRA;OPERARIOSCONSTRUCAO;recurso;SINDICATO;trabalhadores;Extinta;1975-10-28;1978-05-22
1.64.0;SINDICATO DOS OPERÁRIOS DA CONSTRUÇÃO CIVIL E OFÍCIOS CORRELATIVOS DO DISTRITO DE VILA REAL;OPERARIOSCONSTRUCAO;recurso;SINDICATO;trabalhadores;Extinta;1975-07-26;1982-08-14
1.67.0;SINDICATO DOS OPERÁRIOS DA CONSTRUÇÃO CIVIL, MARCENARIA E CANTARIA DO DISTRITO DE SANTARÉM;OPERARIOSCONSTRUCAO;recurso;SINDICATO;trabalhadores;Extinta;1975-08-08;1977-08-15
1.264.0;SINDICATO DOS OPERÁRIOS DA CONSTRUÇÃO CIVIL, MARMORISTAS E MONTANTES DO DISTRITO DE AVEIRO;OPERARIOSCONSTRUCAO;recurso;SINDICATO;trabalhadores;Extinta;1975-09-17;1977-11-29
1.149.0;SINDICATO DOS OPERÁRIOS DA CONSTRUÇÃO CIVIL, MARMORISTAS E MONTANTES DO DISTRITO DE VIANA DO CASTELO;OPERARIOSCONSTRUCAO;recurso;SINDICATO;trabalhadores;Extinta;1975-08-26;1988-09-15
1.230.0;SINDICATO DOS OPERÁRIOS DA INDÚSTRIA DE CALÇADO, MALAS E AFINS DOS DISTRITOS DE AVEIRO E COIMBRA;OPERARIOSINDUSTRIA;recurso;SINDICATO;trabalhadores;Activa;1975-09-17;2010-07-08
1.268.0;SINDICATO DOS OPERÁRIOS DA INDÚSTRIA DE CURTUMES DO DISTRITO DE BRAGA;OPERARIOSINDUSTRIA;recurso;SINDICATO;trabalhadores;Extinta;1975-09-16;2026-02-08
1.33.0;SINDICATO DOS OPERÁRIOS DA INDÚSTRIA DE CURTUMES DO DISTRITO DO PORTO;OPERARIOSINDUSTRIA;recurso;SINDICATO;trabalhadores;Extinta;1975-07-29;2000-05-15
1.33.1;SINDICATO DOS OPERÁRIOS DA INDÚSTRIAIS DE CURTUMES;OPERARIOSINDUSTRIAIS;recurso;SINDICATO;trabalhadores;Extinta;1994-06-15;2018-03-29
1.42.0;SINDICATO DOS OPERÁRIOS DA INDÚSTRIAIS DE MÁRMORES, CANTARIAS E OFÍCIOS CORRELATIVOS DO DISTRITO DE LISBOA;OPERARIOSINDUSTRIAIS;recurso;SINDICATO;trabalhadores;Extinta;1975-08-01;1976-08-30
1.289.0;SINDICATO DOS OPERÁRIOS DAS INDÚSTRIA DE MADEIRAS DOS DISTRITOS DO PORTO E AVEIRO;OPERARIOSINDUSTRIA;recurso;SINDICATO;trabalhadores;Extinta;1976-02-20;1976-02-20
1.322.0;SINDICATO DOS OPERÁRIOS DAS INDÚSTRIAIS DE MADEIRA DO DISTRITO DE LEIRIA;OPERARIOSINDUSTRIAIS;recurso;SINDICATO;trabalhadores;Extinta;1976-11-20;2017-04-15
1.106.0;SINDICATO DOS OPERÁRIOS DAS INDÚSTRIAIS DE MADEIRAS DO DISTRITO DE VIANA DO CASTELO;OPERARIOSINDUSTRIAIS;recurso;SINDICATO;trabalhadores;Extinta;1975-08-19;1988-09-15
1.116.0;SINDICATO DOS OPERÁRIOS ESTUCADORES, TROLHAS E PINTORES DO DISTRITO DO PORTO;OPERARIOSESTUCADORES;recurso;SINDICATO;trabalhadores;Extinta;1975-08-12;1978-05-29
1.205.0;SINDICATO DOS OPERÁRIOS PEDREIROS, MARMORISTAS, MONTANTES E OFÍCIOS CORRELATIVOS DO DISTRITO DO PORTO;OPERARIOSPEDREIROS;recurso;SINDICATO;trabalhadores;Extinta;1975-09-26;1978-05-29
1.251.0;SINDICATO DOS PESCADORES DA PÓVOA DO VARZIM;PESCADORESPOVOA;recurso;SINDICATO;trabalhadores;Extinta;1975-09-04;2011-10-29
1.277.1;SINDICATO DOS PESCADORES DE AVEIRO;SINPESCAVEIRO;registo;SINDICATO;trabalhadores;Activa;1983-01-15;1983-09-30
1.249.0;SINDICATO DOS PESCADORES DE MATOSINHOS;PESCADORESMATOSINHOS;recurso;SINDICATO;trabalhadores;Extinta;1975-09-02;1995-03-15
1.258.1;SINDICATO DOS PESCADORES DE VILA DO CONDE;PESCADORESVILACONDE;recurso;SINDICATO;trabalhadores;Extinta;1979-12-08;1995-03-15
1.277.0;SINDICATO DOS PESCADORES DO DISTRITO DE AVEIRO;PESCADORESDISTRITO;recurso;SINDICATO;trabalhadores;Activa;1975-09-16;1976-09-04
1.244.0;SINDICATO DOS PESCADORES DO DISTRITO DE COIMBRA;PESCADORESDISTRITO;recurso;SINDICATO;trabalhadores;Extinta;1975-08-13;2012-05-29
1.302.0;SINDICATO DOS PESCADORES DO DISTRITO DE FARO;PESCADORESDISTRITO;recurso;SINDICATO;trabalhadores;Extinta;1976-01-27;1980-05-29
1.50.0;SINDICATO DOS PESCADORES DO DISTRITO DE LEIRIA;PESCADORESDISTRITO;recurso;SINDICATO;trabalhadores;Extinta;1975-08-05;1981-12-15
1.1.0;SINDICATO DOS PESCADORES DO DISTRITO DE SETUBAL;PESCADORESDISTRITO;recurso;SINDICATO;trabalhadores;Extinta;1975-09-26;1975-09-26
1.320.0;SINDICATO DOS PILOTOS DA AVIAÇÃO CIVIL;SPAC;registo;SINDICATO;trabalhadores;Activa;1977-01-05;2024-07-29
1.68.0;SINDICATO DOS PINTORES DA CONSTRUÇÃO E REPARAÇÃO NAVAL;PINTORESCONSTRUCAO;recurso;SINDICATO;trabalhadores;Extinta;1975-08-08;1976-06-30
1.636.0;SINDICATO DOS POLICIAS DE BRAGA;SPBRAGA;registo;SINDICATO;trabalhadores;Extinta;2018-01-22;2026-05-29
1.650.0;SINDICATO DOS POLICIAS DE VISEU;SINPOLVIS;registo;SINDICATO;trabalhadores;Activa;2019-03-23;2019-05-22
1.624.0;SINDICATO DOS POLICIAS DO PORTO;SINDIPOLPORTO;registo;SINDICATO;trabalhadores;Extinta;2016-10-06;2022-03-08
1.540.2;SINDICATO DOS POLÍCIAS PORTUGUESES (SPP/PSP);SPPPSP;registo;SINDICATO;trabalhadores;Activa;;
1.540.1;SINDICATO DOS POLÍCIAS PORTUGUESES DA POLÍCIA DE SEGURANÇA PÚBLICA;SPPPSP;registo;SINDICATO;trabalhadores;Activa;2026-01-22;2026-01-22
1.256.0;SINDICATO DOS PORTEIROS E PORTEIRAS DOS PRÉDIOS URBANOS;SPPPU;registo;SINDICATO;trabalhadores;Extinta;1976-02-12;2011-11-22
1.299.0;SINDICATO DOS PROFESSORES DA GRANDE LISBOA;SPGL;registo;SINDICATO;trabalhadores;Activa;1976-02-21;2023-07-15
1.405.0;SINDICATO DOS PROFESSORES DA REGIÃO CENTRO;PROFESSORESREGIAO;recurso;SINDICATO;trabalhadores;Activa;1982-07-15;1982-07-15
1.405.1;SINDICATO DOS PROFESSORES DA REGIÃO CENTRO;SPRC;registo;SINDICATO;trabalhadores;Activa;1986-08-30;2026-07-08
1.318.0;SINDICATO DOS PROFESSORES DA ZONA CENTRO;SPZCENTRO;registo;SINDICATO;trabalhadores;Activa;1976-10-26;2023-02-28
1.250.0;SINDICATO DOS PROFESSORES DA ZONA NORTE;SPZN;registo;SINDICATO;trabalhadores;Activa;1975-09-02;2026-06-08
1.304.0;SINDICATO DOS PROFESSORES DA ZONA SUL;SPZS;registo;SINDICATO;trabalhadores;Activa;1976-04-23;2024-06-29
1.443.0;SINDICATO DOS PROFESSORES DO 1º. CICLO DO ENSINO BÁSICO;SIPPEB;registo;SINDICATO;trabalhadores;Activa;1988-06-30;2001-07-08
1.549.0;SINDICATO DOS PROFESSORES DO ENSINO SUPERIOR;SPES;registo;SINDICATO;trabalhadores;Activa;2003-06-29;2016-05-08
1.411.0;SINDICATO DOS PROFESSORES DO NORTE (SPN);SPN;registo;SINDICATO;trabalhadores;Activa;1983-01-15;2026-07-22
1.443.1;SINDICATO DOS PROFESSORES DO PRÉ-ESCOLAR E ENSINO BÁSICO;SIPPEB;registo;SINDICATO;trabalhadores;Activa;2001-11-23;2010-01-08
1.371.0;SINDICATO DOS PROFESSORES NA EUROPA;SPE;registo;SINDICATO;trabalhadores;Activa;1980-10-15;1980-10-15
1.371.1;SINDICATO DOS PROFESSORES NO ESTRANGEIRO;SPE;registo;SINDICATO;trabalhadores;Activa;1992-05-15;2024-03-22
1.431.0;SINDICATO DOS PROFESSORES PORTUGUESES NAS COMUNIDADES LUSÍADAS;SPCL;registo;SINDICATO;trabalhadores;Activa;1986-04-30;2021-02-22
1.483.1;SINDICATO DOS PROFISSIONAIS ADMINISTRATIVOS DA SAÚDE (SPAS);SPAS;registo;SINDICATO;trabalhadores;Activa;2022-05-15;2026-05-08
1.571.0;SINDICATO DOS PROFISSIONAIS DA EDUCAÇÃO;SPED;registo;SINDICATO;trabalhadores;Activa;2006-06-10;2006-08-29
1.303.0;SINDICATO DOS PROFISSIONAIS DA INDÚSTRIA DE LACTICÍNIOS DO SUL;INDUSTRIALACTICINIOS;recurso;SINDICATO;trabalhadores;Extinta;1976-06-08;1984-06-30
1.269.1;SINDICATO DOS PROFISSIONAIS DE BANCA DOS CASINOS;SPBC;registo;SINDICATO;trabalhadores;Activa;1983-11-30;2011-08-08
1.233.0;SINDICATO DOS PROFISSIONAIS DE ENFERMAGEM DA ZONA CENTRO;ENFERMAGEMZONACENTRO;recurso;SINDICATO;trabalhadores;Activa;1975-09-20;1975-09-20
1.278.0;SINDICATO DOS PROFISSIONAIS DE ESCRITÓRIO E COMÉRCIO DA GUARDA;ESCRITORIOCOMERCIO;recurso;SINDICATO;trabalhadores;Extinta;1975-11-14;1998-07-30
1.229.0;SINDICATO DOS PROFISSIONAIS DE FARMÁCIA DO NORTE;FARMACIANORTE;recurso;SINDICATO;trabalhadores;Activa;1975-09-06;1975-09-06
1.2.0;SINDICATO DOS PROFISSIONAIS DE INFORMAÇÃO TURÍSTICA, INTERPRETES, TRADUTORES E PROFISSOÕES SIMILARES;INFORMACAOTURISTICA;recurso;SINDICATO;trabalhadores;Activa;1975-08-07;1980-05-22
1.138.0;SINDICATO DOS PROFISSIONAIS DE LACTICÍNIOS;LACTICINIOS;recurso;SINDICATO;trabalhadores;Activa;1975-10-28;2001-02-22
1.138.1;SINDICATO DOS PROFISSIONAIS DE LACTICINIOS, ALIMENTAÇÃO, AGRICULTURA, ESCRITORIOS, COMERCIO, SERVIÇOS, TRANSPORTES RODOVIARIOS,METALOMECANICA, METALURGIA, CONSTRUÇAO CIVIL E MADEIRAS;LACTICINIOS;recurso;SINDICATO;trabalhadores;Activa;2001-05-22;2022-01-08
1.410.1;SINDICATO DOS PROFISSIONAIS DE MÁQUINAS DA MARINHA MERCANTE DE PORTUGAL;MAQUINASMARINHA;recurso;SINDICATO;trabalhadores;Extinta;1987-03-15;1995-05-30
1.223.0;SINDICATO DOS PROFISSIONAIS DE OURIVESARIA, RELOJOARIA E OFÍCIOS CORRELATIVOS DO NORTE;OURIVESARIA;recurso;SINDICATO;trabalhadores;Extinta;1975-09-26;1981-03-21
1.540.0;SINDICATO DOS PROFISSIONAIS DE POLÍCIA DA POLÍCIA DE SEGURANÇA PÚBLICA;SPPPSP;registo;SINDICATO;trabalhadores;Activa;2002-08-08;2024-03-29
1.454.0;SINDICATO DOS PROFISSIONAIS DE SEGUROS DE PORTUGAL;SISEP;registo;SINDICATO;trabalhadores;Extinta;1989-04-30;2025-03-15
1.204.1;SINDICATO DOS PROFISSIONAIS DE TRANSPORTES, EMPREGADOS EM GARAGENS, ESTAÇÕES DE SERVIÇO, STANDS DE AUTOMÓVEIS E OFÍCIOS CORRELATIVOS DO DISTRITO DE AVEIRO;TRANSPORTES;recurso;SINDICATO;trabalhadores;Extinta;1976-09-28;1981-02-07
1.123.0;SINDICATO DOS PROFISSIONAIS DO COMÉRCIO E SERVIÇOS DO DISTRITO DE ÉVORA;COMERCIOSERVICOS;recurso;SINDICATO;trabalhadores;Extinta;1975-08-23;1977-11-08
1.263.1;SINDICATO DOS PROFISSIONAIS DO PENTEADO, ARTE E BELEZA;SINDPAB;registo;SINDICATO;trabalhadores;Extinta;1991-07-30;2014-01-15
1.204.0;SINDICATO DOS PROFISSIONAIS DOS TRANSPORTES RODOVIÁRIOS, EMPREGADOS EM GARAGENS, ESTAÇÕES DE SERVIÇO, STAND DE AUTOMÓVEIS E OFÍCIOS CORRELATIVOS DO DISTRITO DE AVEIRO;TRANSPORTES;recurso;SINDICATO;trabalhadores;Extinta;1975-09-18;1975-09-18
1.341.1;SINDICATO DOS QUADROS DA AVIAÇÃO COMERCIAL;SQAC;registo;SINDICATO;trabalhadores;Activa;1990-09-30;2025-11-15
1.341.0;SINDICATO DOS QUADROS DA AVIAÇÃO COMERCIAL NACIONAL E ESTRANGEIRA;SQAC;registo;SINDICATO;trabalhadores;Activa;1978-03-22;1978-03-22
1.143.1;SINDICATO DOS QUADROS E TÉCNICOS DE DESENHO;SQTD;registo;SINDICATO;trabalhadores;Activa;1988-02-29;2010-02-08
1.143.2;SINDICATO DOS QUADROS E TÉCNICOS DE DESENHO;SQTD;registo;SINDICATO;trabalhadores;Activa;2013-09-26;2023-03-08
1.384.1;SINDICATO DOS QUADROS E TÉCNICOS DOS TRANSPORTES;SIQTER;registo;SINDICATO;trabalhadores;Extinta;1986-12-30;2001-01-08
1.384.0;SINDICATO DOS QUADROS E TÉCNICOS DOS TRANSPORTES RODOVIÁRIOS;QUADROSTECNICOS;recurso;SINDICATO;trabalhadores;Extinta;1981-05-15;1981-05-15
1.348.0;SINDICATO DOS QUADROS TÉCNICOS DA INDÚSTRIA TÊXTIL DE LANIFÍCIOS;QUADROSTECNICOS;recurso;SINDICATO;trabalhadores;Extinta;1978-08-15;2013-01-15
1.331.0;SINDICATO DOS QUADROS TÉCNICOS DO ESTADO;STE;registo;SINDICATO;trabalhadores;Activa;1977-06-15;2010-01-08
1.331.1;SINDICATO DOS QUADROS TÉCNICOS DO ESTADO E DE ENTIDADES COM FINS PÚBLICOS;STE;registo;SINDICATO;trabalhadores;Activa;2010-04-08;2026-01-22
1.93.0;SINDICATO DOS TANOEIROS DE PORTUGAL;TANOEIROS;recurso;SINDICATO;trabalhadores;Extinta;1975-08-13;1982-09-30
1.192.0;SINDICATO DOS TAPETEIROS, CORDOEIROS E REDEIROS DO CENTRO DO PAÍS;TAPETEIROSCORDOEIROS;recurso;SINDICATO;trabalhadores;Extinta;1975-08-30;1982-06-15
1.481.0;SINDICATO DOS TÉCNICOS ADMINISTRATIVOS E AUXILIARES DE EDUCAÇÃO DA ZONA CENTRO;STAAEZC;registo;SINDICATO;trabalhadores;Activa;1992-06-30;2006-02-22
1.654.0;SINDICATO DOS TECNICOS DA DIREÇAO-GERAL DE REINSERÇAO E SERVIÇOS PRISIONAIS- SINDGRS;SINDGRS;registo;SINDICATO;trabalhadores;Activa;2019-05-18;2023-11-29
1.595.0;SINDICATO DOS TÉCNICOS DE ACTIVIDADES DE ENRIQUECIMENTO CURRICULAR;STAEC;registo;SINDICATO;trabalhadores;Activa;2010-07-15;2011-04-22
1.576.0;SINDICATO DOS TÉCNICOS DE AMBULÂNCIA DE EMERGÊNCIA;STAE;registo;SINDICATO;trabalhadores;Activa;2007-09-08;2013-12-08
1.576.1;SINDICATO DOS TÉCNICOS DE AMBULÂNCIA DE EMERGÊNCIA, E TECNICOS OPERADORES DE TELECOMUNICAÇOES;STAETOTE;registo;SINDICATO;trabalhadores;Activa;2014-06-24;2015-01-08
1.143.0;SINDICATO DOS TÉCNICOS DE DESENHO;STQD;registo;SINDICATO;trabalhadores;Activa;1975-08-23;2000-04-15
1.576.2;SINDICATO DOS TÉCNICOS DE EMERGÊNCIA,PRE-HOSPITALAR - STEPH;STEPH;registo;SINDICATO;trabalhadores;Activa;2016-11-22;2017-06-29
1.517.0;SINDICATO DOS TÉCNICOS DE HANDLING DE AEROPORTOS;STHA;registo;SINDICATO;trabalhadores;Activa;1998-07-30;2019-04-08
1.441.0;SINDICATO DOS TÉCNICOS DE INFORMAÇÃO E COMUNICAÇÕES AERONÁUTICAS (SINTICA);SINTICA;registo;SINDICATO;trabalhadores;Activa;1987-05-30;2025-01-22
1.340.0;SINDICATO DOS TÉCNICOS DE MANUTENÇÃO DE AERONAVES;SITEMA;registo;SINDICATO;trabalhadores;Activa;1978-04-15;2026-07-15
1.689.0;SINDICATO DOS TÉCNICOS DE MIGRAÇÃO (STM);STM;registo;SINDICATO;trabalhadores;Activa;2024-10-22;2024-10-22
1.526.0;SINDICATO DOS TECNICOS DE NAVEGAÇAO AEREA;SITNA;registo;SINDICATO;trabalhadores;Activa;2000-02-03;2024-10-22
1.464.0;SINDICATO DOS TÉCNICOS DE OBSERVAÇÃO E REDE METEOROLÓGICA;STORMETEO;registo;SINDICATO;trabalhadores;Extinta;1990-02-28;2011-07-29
1.160.0;SINDICATO DOS TÉCNICOS DE PRÓTESE DENTÁRIA;TECNICOSPROTESE;recurso;SINDICATO;trabalhadores;Extinta;1975-09-04;1984-10-30
1.160.1;SINDICATO DOS TÉCNICOS DE PRÓTESE DENTÁRIA;TECNICOSPROTESE;recurso;SINDICATO;trabalhadores;Extinta;2011-08-08;2011-08-08
1.422.0;SINDICATO DOS TÉCNICOS DE SEGURANÇA AÉREA;SITECSA;registo;SINDICATO;trabalhadores;Activa;1985-01-15;2026-08-15
1.118.1;SINDICATO DOS TÉCNICOS DE SERVIÇO SOCIAL;TECNICOSSERVICO;recurso;SINDICATO;trabalhadores;Extinta;1980-07-15;2003-02-15
1.286.0;SINDICATO DOS TÉCNICOS DE TOPOGRAFIA;TECNICOSTOPOGRAFIA;recurso;SINDICATO;trabalhadores;Activa;1975-10-01;1975-10-01
1.84.1;SINDICATO DOS TÉCNICOS DE VENDAS;TECNICOSVENDAS;recurso;SINDICATO;trabalhadores;Extinta;1983-05-30;1987-09-15
1.84.2;SINDICATO DOS TÉCNICOS DE VENDAS DO NORTE E CENTRO;TECNICOSVENDASNORTE;recurso;SINDICATO;trabalhadores;Extinta;2003-05-29;2012-03-29
1.548.0;SINDICATO DOS TÉCNICOS DE VENDAS DO SUL E ILHAS;TECNICOSVENDASSUL;recurso;SINDICATO;trabalhadores;Activa;2003-05-29;2003-05-29
1.548.1;SINDICATO DOS TÉCNICOS DE VENDAS DO SUL E ILHAS;STVSIH;registo;SINDICATO;trabalhadores;Activa;2003-09-08;2016-01-08
1.337.0;SINDICATO DOS TÉCNICOS DE VOO DA AVIAÇÃO CIVIL;TECNICOSVOOAVIACAO;recurso;SINDICATO;trabalhadores;Extinta;1977-12-08;2026-03-08
1.273.1;SINDICATO DOS TÉCNICOS PARAMÉDICOS;TECNICOSPARAMEDICOS;recurso;SINDICATO;trabalhadores;Activa;1988-01-30;1998-07-30
1.273.0;SINDICATO DOS TECNICOS PARAMÉDICOS DO NORTE/CENTRO;TECNICOSPARAMEDICOS;recurso;SINDICATO;trabalhadores;Activa;1976-02-24;1976-02-24
1.465.0;SINDICATO DOS TÉCNICOS PORTUGUESES DAS INSTALAÇÕES E EQUIPAMENTOS DA SAÚDE E MANUTENÇÃO HOSPITALAR;TECNICOSINSTALACOES;recurso;SINDICATO;trabalhadores;Extinta;1990-04-16;2011-11-15
1.368.2;SINDICATO DOS TÉCNICOS SUPERIORES DE DIAGNÓSTICO E TERAPÊUTICA;SINDITE;registo;SINDICATO;trabalhadores;Activa;2003-06-28;2025-12-08
1.455.1;SINDICATO DOS TÉCNICOS SUPERIORES, ADMINISTRATIVOS E AUXILIARES DE EDUCAÇÃO DA ZONA NORTE (STAAE-ZN);STAAEZN;registo;SINDICATO;trabalhadores;Activa;2006-10-01;2024-10-15
1.481.1;SINDICATO DOS TÉCNICOS SUPERIORES, ASSISTENTES E AUXILIARES DE EDUCAÇÃO DA ZONA CENTRO;STAAEZC;registo;SINDICATO;trabalhadores;Activa;2010-12-10;2025-03-29
1.455.0;SINDICATO DOS TÉCNICOS, ADMINISTRATIVOS E AUXILIARES DE EDUCAÇÃO DA ZONA NORTE;STAAEZN;registo;SINDICATO;trabalhadores;Activa;1989-04-30;2003-01-08
1.476.0;SINDICATO DOS TÉCNICOS, ADMINISTRATIVOS E AUXILIARES DE EDUCAÇÃO DO SUL E REGIÕES AUTÓNOMAS;STAAESULER;registo;SINDICATO;trabalhadores;Activa;1991-08-30;2021-11-29
1.248.1;SINDICATO DOS TELEFONISTAS E OFÍCIOS CORRELATIVOS DO DISTRITO DE LISBOA;TELEFONISTASOFICIOS;recurso;SINDICATO;trabalhadores;Activa;1978-07-29;1978-07-29
1.210.0;SINDICATO DOS TELEFONISTAS E OFICIOS CORRELATIVOS DO NORTE;TELEFONISTASOFICIOS;recurso;SINDICATO;trabalhadores;Extinta;1975-09-02;1997-02-15
1.208.2;SINDICATO DOS TRABALHA DO COMÉRCIO, ESCRITÓRIOS E SERVIÇOS DO NORTE;CESNORTE;registo;SINDICATO;trabalhadores;Extinta;1995-08-15;2004-08-08
1.194.2;SINDICATO DOS TRABALHADOR DA CONSTRUÇÃO, MÁRMORES E MADEIRAS E MATERIAIS DE CONSTRUÇÃO DO SUL;TRABALHADOR;recurso;SINDICATO;trabalhadores;Extinta;1997-06-26;2000-12-29
1.35.0;SINDICATO DOS TRABALHADOR DA INDÚSTRIA AÇUCAREIRA;TRABALHADORINDUSTRIA;recurso;SINDICATO;trabalhadores;Extinta;1975-07-29;1981-03-21
1.334.0;SINDICATO DOS TRABALHADORES ADMINISTRATIVOS DA ACTIVIDADE PORTUÁRIA;SAP;registo;SINDICATO;trabalhadores;Extinta;1977-08-22;2004-11-29
1.334.1;SINDICATO DOS TRABALHADORES ADMINISTRATIVOS E MARÍTIMOS - PORTUÁRIOS;SAMP;registo;SINDICATO;trabalhadores;Extinta;2006-01-29;2012-11-22
1.28.1;SINDICATO DOS TRABALHADORES ADUANEIROS EM DESPACHANTES E EMPRESAS;ADUANEIROS;recurso;SINDICATO;trabalhadores;Activa;1979-01-28;2022-01-29
1.288.0;SINDICATO DOS TRABALHADORES AGRÍCOLAS DO DISTRITO DE BEJA;AGRICOLASDISTRITO;recurso;SINDICATO;trabalhadores;Extinta;1975-08-19;1975-08-19
1.305.0;SINDICATO DOS TRABALHADORES AGRÍCOLAS DO DISTRITO DE BRAGA;AGRICOLASDISTRITO;recurso;SINDICATO;trabalhadores;Extinta;1976-06-28;1976-06-28
1.349.0;SINDICATO DOS TRABALHADORES AGRÍCOLAS DO DISTRITO DE BRAGANÇA;AGRICOLASDISTRITO;recurso;SINDICATO;trabalhadores;Extinta;1978-09-15;2010-12-22
1.335.0;SINDICATO DOS TRABALHADORES AGRICOLAS DO DISTRITO DE CASTELO BRANCO;AGRICOLASDISTRITO;recurso;SINDICATO;trabalhadores;Extinta;1977-09-15;2018-11-20
1.292.0;SINDICATO DOS TRABALHADORES AGRÍCOLAS DO DISTRITO DE FARO;AGRICOLASDISTRITO;recurso;SINDICATO;trabalhadores;Extinta;1975-12-02;2011-07-22
1.316.0;SINDICATO DOS TRABALHADORES AGRÍCOLAS DO DISTRITO DE VILA REAL;AGRICOLASDISTRITO;recurso;SINDICATO;trabalhadores;Extinta;1976-10-08;1993-11-15
1.315.0;SINDICATO DOS TRABALHADORES AGRÍCOLAS DO DISTRITO DE VISEU;AGRICOLASDISTRITO;recurso;SINDICATO;trabalhadores;Extinta;1976-10-08;1993-11-15
1.293.0;SINDICATO DOS TRABALHADORES AGRÍCOLAS DO DISTRITO DO PORTO;AGRICOLASDISTRITO;recurso;SINDICATO;trabalhadores;Extinta;1975-12-19;2015-05-22
1.305.1;SINDICATO DOS TRABALHADORES AGRÍCOLAS DO MINHO;AGRICOLASMINHO;recurso;SINDICATO;trabalhadores;Extinta;1983-09-30;2011-12-29
1.246.0;SINDICATO DOS TRABALHADORES AGRÍCOLAS, PECUÁRIA E SILVICULTURA;AGRICOLASPECUARIA;recurso;SINDICATO;trabalhadores;Extinta;1975-08-20;1993-11-15
1.263.0;SINDICATO DOS TRABALHADORES BARBEIROS, CABELEIREIROS E OFICIOS CORRELATIVOS DO CENTRO E SUL;BARBEIROS;recurso;SINDICATO;trabalhadores;Extinta;1975-09-17;1975-09-17
1.190.0;SINDICATO DOS TRABALHADORES BARBEIROS, CABELEIREIROS E OFÍCIOS CORRELATIVOS DOS DISTRITOS DO PORTO, AVEIRO, BRAGANÇA, GUARDA E VIAL REAL;BARBEIROS;recurso;SINDICATO;trabalhadores;Extinta;1975-08-09;1986-03-30
1.460.1;SINDICATO DOS TRABALHADORES CIVIS DAS FORÇAS ARMADAS, ESTABELECIMENTOS FABRIS E EMPRESAS DE DEFESA;STEFFAS;registo;SINDICATO;trabalhadores;Activa;2000-09-29;2023-07-08
1.329.0;SINDICATO DOS TRABALHADORES CONSULARES E DAS MISSÕES DIPLOMÁTICAS NA EUROPA;CONSULARESMISSOES;recurso;SINDICATO;trabalhadores;Activa;1977-05-16;1997-06-15
1.329.1;SINDICATO DOS TRABALHADORES CONSULARES E DAS MISSÕES DIPLOMÁTICAS NO ESTRANGEIRO;STCDE;registo;SINDICATO;trabalhadores;Activa;1986-08-30;2016-04-15
1.329.2;SINDICATO DOS TRABALHADORES CONSULARES E DAS MISSÕES DIPLOMÁTICAS NO ESTRANGEIRO;STCDE;registo;SINDICATO;trabalhadores;Activa;2016-10-29;2026-07-08
1.329.3;SINDICATO DOS TRABALHADORES CONSULARES, DAS MISSÕES DIPLOMÁTICAS E DOS SERVIÇOS CENTRAIS DO MINISTERIO DOS NEGOCIOS ESTRANGEIROS;STCDE;registo;SINDICATO;trabalhadores;Activa;2021-01-15;2026-07-08
1.53.0;SINDICATO DOS TRABALHADORES CORTICEIROS DOS DISTRITOS DE ÉVORA E BEJA;CORTICEIROSDISTRITOS;recurso;SINDICATO;trabalhadores;Extinta;1975-08-05;1981-02-07
1.561.0;SINDICATO DOS TRABALHADORES DA ACTIVIDADE FINANCEIRA;SINTAF;registo;SINDICATO;trabalhadores;Activa;2005-06-18;2023-01-22
1.85.3;SINDICATO DOS TRABALHADORES DA ACTIVIDADE SEGURADORA;STAS;registo;SINDICATO;trabalhadores;Activa;1999-10-21;2025-12-22
1.363.0;SINDICATO DOS TRABALHADORES DA ADMINISTRAÇÃO PÚBLICA;SINTAP;registo;SINDICATO;trabalhadores;Activa;1979-08-22;2009-06-08
1.363.1;SINDICATO DOS TRABALHADORES DA ADMINISTRAÇÃO PÚBLICA E DE ENTIDADES COM FINS PUBLICOS;SINTAP;registo;SINDICATO;trabalhadores;Activa;2011-05-29;2023-01-08
1.288.1;SINDICATO DOS TRABALHADORES DA AGRICULTURA DO DISTRITO DE BEJA;AGRICULTURADISTRITO;recurso;SINDICATO;trabalhadores;Extinta;1980-05-22;2013-10-22
1.254.0;SINDICATO DOS TRABALHADORES DA AGRICULTURA DO DISTRITO DE ÉVORA;AGRICULTURADISTRITO;recurso;SINDICATO;trabalhadores;Extinta;1975-09-24;2017-09-08
1.247.0;SINDICATO DOS TRABALHADORES DA AGRICULTURA DO DISTRITO DE LEIRIA;AGRICULTURADISTRITO;recurso;SINDICATO;trabalhadores;Extinta;1975-08-30;2015-09-08
1.97.0;SINDICATO DOS TRABALHADORES DA AGRICULTURA DO DISTRITO DE PORTALEGRE;AGRICULTURADISTRITO;recurso;SINDICATO;trabalhadores;Extinta;1975-08-12;2011-06-29
1.12.0;SINDICATO DOS TRABALHADORES DA AGRICULTURA PECUÁRIA E SILVICULTURA DO DISTRITO DE LISBOA;AGRICULTURAPECUARIA;recurso;SINDICATO;trabalhadores;Extinta;1975-07-26;1980-01-15
1.600.0;SINDICATO DOS TRABALHADORES DA ARQUEOLOGIA;STARQ;registo;SINDICATO;trabalhadores;Activa;2012-12-08;2024-07-22
1.642.0;SINDICATO DOS TRABALHADORES DA AUTOEUROPA E DO SECTOR AUTOMOVEL;AUTOEUROPASECTOR;recurso;SINDICATO;trabalhadores;Activa;2018-11-29;2018-11-29
1.372.0;SINDICATO DOS TRABALHADORES DA AVIAÇÃO E AEROPORTOS;SITAVA;registo;SINDICATO;trabalhadores;Activa;1980-06-29;2025-12-22
1.639.0;SINDICATO DOS TRABALHADORES DA AVIAÇAO, MANUTENÇÃO E AEROPORTOS;SITAMA;registo;SINDICATO;trabalhadores;Activa;2018-07-11;2018-08-29
1.327.0;SINDICATO DOS TRABALHADORES DA CÂMARA MUNICIPAL DE LISBOA;STCML;registo;SINDICATO;trabalhadores;Activa;1977-06-08;1977-06-08
1.414.0;SINDICATO DOS TRABALHADORES DA CERÂMICA, CONSTRUÇÃO E MADEIRAS DE AVEIRO;CERAMICACONSTRUCAO;recurso;SINDICATO;trabalhadores;Extinta;1983-03-30;2002-01-22
1.175.0;SINDICATO DOS TRABALHADORES DA CONSTRUÇÃO CIVIL DO DISTRITO DE BRAGA;CONSTRUCAOCIVIL;recurso;SINDICATO;trabalhadores;Extinta;1975-09-08;1981-07-30
1.308.0;SINDICATO DOS TRABALHADORES DA CONSTRUÇÃO CIVIL DO DISTRITO DE CASTELO BRANCO;CONSTRUCAOCIVIL;recurso;SINDICATO;trabalhadores;Extinta;1976-09-02;1976-09-02
1.194.0;SINDICATO DOS TRABALHADORES DA CONSTRUÇÃO CIVIL DO DISTRITO DE LISBOA;CONSTRUCAOCIVIL;recurso;SINDICATO;trabalhadores;Extinta;1975-08-30;1975-08-30
1.389.0;SINDICATO DOS TRABALHADORES DA CONSTRUÇÃO CIVIL E MADEIRAS DO DISTRITO DE BRAGA;CONSTRUCAOCIVIL;recurso;SINDICATO;trabalhadores;Activa;1981-08-15;2007-11-15
1.297.0;SINDICATO DOS TRABALHADORES DA CONSTRUÇÃO CIVIL E OFÍCIOS CORRELATIVOS DO DISTRITO DE LEIRIA;CONSTRUCAOCIVIL;recurso;SINDICATO;trabalhadores;Activa;1975-09-10;1975-09-10
1.54.0;SINDICATO DOS TRABALHADORES DA CONSTRUÇÃO CIVIL E OFÍCIOS CORRELATIVOS DO DISTRITO DE SETÚBAL;CONSTRUCAOCIVIL;recurso;SINDICATO;trabalhadores;Extinta;1975-08-14;1975-08-14
1.220.0;SINDICATO DOS TRABALHADORES DA CONSTRUÇÃO CIVIL, MADEIRAS E MÁRMORES DO DISTRITO DE FARO;CONSTRUCAOCIVIL;recurso;SINDICATO;trabalhadores;Extinta;1975-08-07;2000-06-08
1.54.1;SINDICATO DOS TRABALHADORES DA CONSTRUÇÃO CIVIL, MADEIRAS E MÁRMORES DO DISTRITO DE SETÚBAL;CONSTRUCAOCIVIL;recurso;SINDICATO;trabalhadores;Extinta;1993-07-30;1999-12-08
1.308.1;SINDICATO DOS TRABALHADORES DA CONSTRUÇÃO CIVIL, MADEIRAS, CERÂMICA, CIMENTOS E SIMILARES DO DISTRITO DE CASTELO BRANCO;CONSTRUCAOCIVIL;recurso;SINDICATO;trabalhadores;Extinta;1987-11-15;2018-11-08
1.51.1;SINDICATO DOS TRABALHADORES DA CONSTRUÇÃO CIVIL, MADEIRAS, MÁRMORES E AFINS DO DISTRITO DE COIMBRA;CONSTRUCAOCIVIL;recurso;SINDICATO;trabalhadores;Extinta;1980-07-15;2002-03-22
1.413.0;SINDICATO DOS TRABALHADORES DA CONSTRUÇÃO CIVIL, MADEIRAS, MÁRMORES E PEDREIRAS DO DISTRITO DE LEIRIA;CONSTRUCAOCIVIL;recurso;SINDICATO;trabalhadores;Extinta;1983-02-15;2014-02-08
1.445.0;SINDICATO DOS TRABALHADORES DA CONSTRUÇÃO CIVIL, MADEIRAS, MÁRMORES E PEDREIRAS DO DISTRITO DE VIANA DO CASTELO;SCMPVCN;registo;SINDICATO;trabalhadores;Activa;0227-02-25;2010-07-08
1.369.0;SINDICATO DOS TRABALHADORES DA CONSTRUÇÃO CIVIL, MADEIRAS, MÁRMORES E PEDREIRAS DOS DISTRITOS DE VISEU E GUARDA;CONSTRUCAOCIVIL;recurso;SINDICATO;trabalhadores;Extinta;1980-07-15;1980-07-15
1.369.1;SINDICATO DOS TRABALHADORES DA CONSTRUÇÃO CIVIL, MADEIRAS, MÁRMORES, PEDREIRAS E CERÂMICA DOS DISTRITOS DE VISEU E GUARDA;CONSTRUCAOCIVIL;recurso;SINDICATO;trabalhadores;Extinta;1986-02-28;1997-10-30
1.264.1;SINDICATO DOS TRABALHADORES DA CONSTRUÇÃO CIVIL, MÁRMORES E PEDREIRAS DO DISTRITO DE AVEIRO;CONSTRUCAOCIVIL;recurso;SINDICATO;trabalhadores;Extinta;1979-09-08;1979-09-08
1.80.0;SINDICATO DOS TRABALHADORES DA CONSTRUÇÃO E REPARAÇÃO NAVAL DOS DISTRITO DE AVEIRO E COIMBRA;CONSTRUCAOREPARACAO;recurso;SINDICATO;trabalhadores;Extinta;1975-09-16;1979-10-29
1.214.1;SINDICATO DOS TRABALHADORES DA CONSTRUÇÃO E REPARAÇÃO NAVAL DOS DISTRITO DO PORTO, BRAGA E VIANA DO CASTELO;CONSTRUCAOREPARACAO;recurso;SINDICATO;trabalhadores;Extinta;1977-11-29;1979-05-08
1.416.0;SINDICATO DOS TRABALHADORES DA CONSTRUÇÃO, MADEIRAS E MÁRMORES DO DISTRITO DE SANTARÉM;STCMMDS;registo;SINDICATO;trabalhadores;Extinta;1983-07-15;2000-02-08
1.67.1;SINDICATO DOS TRABALHADORES DA CONSTRUÇÃO, MADEIRAS E MÁRMORES DO DISTRITO DE SANTARÉM;CONSTRUCAOMADEIRAS;recurso;SINDICATO;trabalhadores;Extinta;1980-05-29;1983-07-15
1.194.3;SINDICATO DOS TRABALHADORES DA CONSTRUÇÃO, MADEIRAS, MÁRMORES E CORTIÇAS DO SUL;CONSTRUCAOMADEIRAS;recurso;SINDICATO;trabalhadores;Extinta;2004-11-18;2016-06-08
1.389.1;SINDICATO DOS TRABALHADORES DA CONSTRUÇÃO, MADEIRAS, MÁRMORES, PEDREIRAS, CERÂMICA E AFINS, DA REGIÃO A NORTE DO RIO DOURO;CONSTRUCAOMADEIRAS;recurso;SINDICATO;trabalhadores;Activa;2010-07-22;2023-08-15
1.342.3;SINDICATO DOS TRABALHADORES DA CONSTRUÇÃO, MADEIRAS, MÁRMORES, PEDREIRAS, CERÂMICA E MATERIAIS DE CONSTRUÇÃO DE PORTUGAL;CONSTRUCAOMADEIRAS;recurso;SINDICATO;trabalhadores;Activa;2009-11-15;2022-08-08
1.342.2;SINDICATO DOS TRABALHADORES DA CONSTRUÇÃO, MADEIRAS, MÁRMORES, PEDREIRAS, CERÂMICA E MATERIAIS DE CONSTRUÇÃO DO NORTE E VISEU;CONSTRUCAOMADEIRAS;recurso;SINDICATO;trabalhadores;Activa;1997-07-30;2007-05-29
1.194.1;SINDICATO DOS TRABALHADORES DA CONSTRUÇÃO, MÁRMORES E MADEIRAS DO DISTRITO DE LISBOA;STCMMDL;registo;SINDICATO;trabalhadores;Extinta;1979-05-15;1979-05-15
1.287.2;SINDICATO DOS TRABALHADORES DA CONSTRUÇÃO, MÁRMORES, MADEIRAS E MATERIAIS DE CONSTRUÇÃO DO SUL;CONSTRUCAOMARMORES;recurso;SINDICATO;trabalhadores;Extinta;1999-01-14;2000-02-29
1.328.0;SINDICATO DOS TRABALHADORES DA DIRECÇÃO-GERAL DAS CONTRIBUIÇÕES E IMPOSTOS;DIRECCAOGERAL;recurso;SINDICATO;trabalhadores;Activa;1977-06-08;1985-05-30
1.313.0;SINDICATO DOS TRABALHADORES DA FUNÇÃO PÚBLICA - ZONA NORTE;ZONANORTE;derivada;SINDICATO;trabalhadores;Activa;1976-10-01;1977-03-02
1.324.0;SINDICATO DOS TRABALHADORES DA FUNÇÃO PÚBLICA DA ZONA CENTRO;STFPZC;registo;SINDICATO;trabalhadores;Activa;1977-03-05;1998-08-15
1.310.1;SINDICATO DOS TRABALHADORES DA FUNÇÃO PÚBLICA DA ZONA SUL E AÇORES;FUNCAOPUBLICAZONASUL;recurso;SINDICATO;trabalhadores;Activa;1980-07-15;1980-07-15
1.310.0;SINDICATO DOS TRABALHADORES DA FUNÇÃO PÚBLICA DE ZONA SUL;FUNCAOPUBLICAZONASUL;recurso;SINDICATO;trabalhadores;Activa;1976-09-03;1976-09-03
1.324.1;SINDICATO DOS TRABALHADORES DA FUNÇÃO PÚBLICA DO CENTRO;STFPC;registo;SINDICATO;trabalhadores;Activa;2001-07-22;2010-06-08
1.313.1;SINDICATO DOS TRABALHADORES DA FUNÇÃO PÚBLICA DO NORTE;STFPN;registo;SINDICATO;trabalhadores;Activa;1982-03-15;2008-02-29
1.310.2;SINDICATO DOS TRABALHADORES DA FUNÇÃO PÚBLICA DO SUL E AÇORES;FUNCAOPUBLICASUL;recurso;SINDICATO;trabalhadores;Activa;1983-09-30;2012-07-15
1.310.3;SINDICATO DOS TRABALHADORES DA FUNÇÕES PÚBLICAS E SOCIAIS DO SUL E REGIÕES AUTÓNOMAS;FUNCOESPUBLICAS;recurso;SINDICATO;trabalhadores;Activa;2012-10-26;2012-11-22
1.406.1;SINDICATO DOS TRABALHADORES DA INDÚSTRIA ALIMENTAR DO CENTRO, SUL E ILHAS;STIAC;registo;SINDICATO;trabalhadores;Activa;1995-05-30;2021-10-22
1.101.0;SINDICATO DOS TRABALHADORES DA INDÚSTRIA CORTICEIRA DO DISTRITO DE LISBOA;INDUSTRIACORTICEIRA;recurso;SINDICATO;trabalhadores;Extinta;1975-08-11;2011-10-08
1.126.0;SINDICATO DOS TRABALHADORES DA INDÚSTRIA CORTICEIRA DO DISTRITO DE SETÚBAL;INDUSTRIACORTICEIRA;recurso;SINDICATO;trabalhadores;Extinta;1975-07-26;1981-02-07
1.376.0;SINDICATO DOS TRABALHADORES DA INDÚSTRIA CORTICEIRA DO SUL;INDUSTRIACORTICEIRA;recurso;SINDICATO;trabalhadores;Extinta;1981-01-30;2000-01-08
1.83.1;SINDICATO DOS TRABALHADORES DA INDÚSTRIA DA METALURGIA E METALOMECÂNICA DO DISTRITO DE SETÚBAL;INDUSTRIAMETALURGIA;recurso;SINDICATO;trabalhadores;Extinta;1978-09-22;1981-07-30
1.131.1;SINDICATO DOS TRABALHADORES DA INDÚSTRIA DE BEBIDAS DA REGIÃO NORTE E CENTRO;INDUSTRIABEBIDAS;recurso;SINDICATO;trabalhadores;Activa;1982-01-30;1982-01-30
1.166.0;SINDICATO DOS TRABALHADORES DA INDÚSTRIA DE CALÇADO, MALAS E AFINS;INDUSTRIACALCADO;recurso;SINDICATO;trabalhadores;Activa;1976-02-12;1976-02-12
1.26.0;SINDICATO DOS TRABALHADORES DA INDÚSTRIA DE CARNES DOS DISTRITO DE SETÚBAL E SANTARÉM;INDUSTRIACARNES;recurso;SINDICATO;trabalhadores;Extinta;1975-07-30;1984-09-30
1.550.0;SINDICATO DOS TRABALHADORES DA INDÚSTRIA DE CERÂMICA, CIMENTOS, CONSTRUÇÃO E SIMILARES DO DISTRITO DE LEIRIA;INDUSTRIACERAMICA;recurso;SINDICATO;trabalhadores;Activa;2003-08-29;2004-02-08
1.114.1;SINDICATO DOS TRABALHADORES DA INDÚSTRIA DE CHAPELARIA;INDUSTRIACHAPELARIA;recurso;SINDICATO;trabalhadores;Extinta;1980-06-29;1982-06-15
1.206.0;SINDICATO DOS TRABALHADORES DA INDÚSTRIA DE CONSERVAS DE PEIXE, SECA DO BACALHAU E OFÍCIOS CORRELATIVOS DO DISTRITO DE FARO;INDUSTRIACONSERVAS;recurso;SINDICATO;trabalhadores;Extinta;1975-08-09;1975-08-09
1.197.0;SINDICATO DOS TRABALHADORES DA INDÚSTRIA DE CONSERVAS DO NORTE DO PAÍS;INDUSTRIACONSERVAS;recurso;SINDICATO;trabalhadores;Extinta;1975-09-02;1975-09-02
1.41.0;SINDICATO DOS TRABALHADORES DA INDÚSTRIA DE CONSERVAS E OFÍCIOS CORRELATIVOS DO CENTRO;INDUSTRIACONSERVAS;recurso;SINDICATO;trabalhadores;Extinta;1975-08-02;1982-07-30
1.206.1;SINDICATO DOS TRABALHADORES DA INDÚSTRIA DE CONSERVAS E OFÍCIOS CORRELATIVOS DO DISTRITO DE FARO;INDUSTRIACONSERVAS;recurso;SINDICATO;trabalhadores;Extinta;1978-05-08;2014-08-08
1.25.0;SINDICATO DOS TRABALHADORES DA INDÚSTRIA DE CONSERVAS E OFÍCIOS CORRELATIVOS DO DISTRITO DE SETÚBAL;INDUSTRIACONSERVAS;recurso;SINDICATO;trabalhadores;Extinta;1975-07-28;1982-07-30
1.142.0;SINDICATO DOS TRABALHADORES DA INDÚSTRIA DE FÓSFOROS DO DISTRITO DE LISBOA;INDUSTRIAFOSFOROS;recurso;SINDICATO;trabalhadores;Extinta;1975-08-11;1978-04-10
1.217.1;SINDICATO DOS TRABALHADORES DA INDÚSTRIA DE HOTELARIA, TURISMO, RESTAURANTES E SIMILARES DO ALGARVE;INDUSTRIAHOTELARIA;recurso;SINDICATO;trabalhadores;Activa;1983-05-30;2024-05-15
1.387.0;SINDICATO DOS TRABALHADORES DA INDÚSTRIA DE HOTELARIA, TURISMO, RESTAURANTES E SIMILARES DO CENTRO;INDUSTRIAHOTELARIA;recurso;SINDICATO;trabalhadores;Activa;1981-07-15;2025-06-22
1.380.0;SINDICATO DOS TRABALHADORES DA INDÚSTRIA DE HOTELARIA, TURISMO, RESTAURANTES E SIMILARES DO NORTE;INDUSTRIAHOTELARIA;recurso;SINDICATO;trabalhadores;Activa;1981-09-30;2025-05-15
1.163.0;SINDICATO DOS TRABALHADORES DA INDÚSTRIA DE PANIFICAÇÃO DO DISTRITO DA GUARDA;INDUSTRIAPANIFICACAO;recurso;SINDICATO;trabalhadores;Extinta;1975-09-29;1980-11-30
1.48.0;SINDICATO DOS TRABALHADORES DA INDÚSTRIA DE PANIFICAÇÃO DO DISTRITO DE CASTELO BRANCO;INDUSTRIAPANIFICACAO;recurso;SINDICATO;trabalhadores;Extinta;1975-07-31;1980-11-30
1.72.0;SINDICATO DOS TRABALHADORES DA INDÚSTRIA DE PANIFICAÇÃO DO DISTRITO DE SETÚBAL;INDUSTRIAPANIFICACAO;recurso;SINDICATO;trabalhadores;Extinta;1975-08-04;1979-06-15
1.134.0;SINDICATO DOS TRABALHADORES DA INDÚSTRIA DE PANIFICAÇÃO DOS DISTRITO DE VILA REAL E BRAGANÇA;INDUSTRIAPANIFICACAO;recurso;SINDICATO;trabalhadores;Extinta;1975-08-23;1981-07-30
1.232.0;SINDICATO DOS TRABALHADORES DA INDÚSTRIA DE PANIFICAÇÃO E OUTROS RAMOS ALIMENTARES;INDUSTRIAPANIFICACAO;recurso;SINDICATO;trabalhadores;Extinta;1975-09-17;1980-08-15
1.239.0;SINDICATO DOS TRABALHADORES DA INDÚSTRIA DE PANIFICAÇÃO E PRODUTOS ALIMENTARES AFINS DO DISTRITO DE SANTARÉM;INDUSTRIAPANIFICACAO;recurso;SINDICATO;trabalhadores;Extinta;1975-09-02;1979-06-15
1.70.1;SINDICATO DOS TRABALHADORES DA INDÚSTRIA DE TABACOS;INDUSTRIATABACOS;recurso;SINDICATO;trabalhadores;Extinta;1988-08-15;1993-12-15
1.70.0;SINDICATO DOS TRABALHADORES DA INDÚSTRIA DE TABACOS DO DISTRITO DE LISBOA;INDUSTRIATABACOS;recurso;SINDICATO;trabalhadores;Extinta;1975-08-11;1975-08-11
1.191.0;SINDICATO DOS TRABALHADORES DA INDÚSTRIA DE VESTUÁRIO DOS DISTRITO DE COIMBRA, LEIRIA, GUARDA E CASTELO BRANCO;INDUSTRIAVESTUARIO;recurso;SINDICATO;trabalhadores;Extinta;1975-08-29;1980-01-08
1.131.2;SINDICATO DOS TRABALHADORES DA INDÚSTRIA E COMÉRCIO DE BEBIDAS DA REGIÃO NORTE E CENTRO;INDUSTRIACOMERCIO;recurso;SINDICATO;trabalhadores;Activa;1992-02-29;1996-03-30
1.151.1;SINDICATO DOS TRABALHADORES DA INDÚSTRIA E COMÉRCIO DE CARNES DO SUL;INDUSTRIACOMERCIO;recurso;SINDICATO;trabalhadores;Activa;1979-04-22;2024-04-22
1.37.0;SINDICATO DOS TRABALHADORES DA INDÚSTRIA E COMÉRCIO DE PANIFICAÇÃO DO DISTRITO DE BRAGA;INDUSTRIACOMERCIO;recurso;SINDICATO;trabalhadores;Extinta;1975-07-30;1981-03-21
1.7.0;SINDICATO DOS TRABALHADORES DA INDÚSTRIA E COMÉRCIO FARMACÊUTICOS;STICF;registo;SINDICATO;trabalhadores;Activa;1975-07-24;1980-10-30
1.88.0;SINDICATO DOS TRABALHADORES DA INDÚSTRIA HOTELEIRA E SIMILARES DO DISTRITO DE BRAGA;INDUSTRIAHOTELEIRA;recurso;SINDICATO;trabalhadores;Extinta;1975-08-06;1982-08-30
1.211.0;SINDICATO DOS TRABALHADORES DA INDÚSTRIA HOTELEIRA E SIMILARES DOS DISTRITO DO PORTO, VILA REAL E BRAGANÇA;INDUSTRIAHOTELEIRA;recurso;SINDICATO;trabalhadores;Extinta;1975-09-02;1981-09-30
1.71.0;SINDICATO DOS TRABALHADORES DA INDÚSTRIA METALÚRGICA DO DISTRITO DE COIMBRA;INDUSTRIAMETALURGICA;recurso;SINDICATO;trabalhadores;Extinta;1975-08-04;1975-08-04
1.186.0;SINDICATO DOS TRABALHADORES DA INDÚSTRIA METALÚRGICA E METALOMECÂNICA;INDUSTRIAMETALURGICA;recurso;SINDICATO;trabalhadores;Extinta;1975-09-04;1975-09-04
1.159.0;SINDICATO DOS TRABALHADORES DA INDÚSTRIA METALÚRGICA E METALOMECÂNICA DO DISTRITO DA GUARDA;STIMMDG;registo;SINDICATO;trabalhadores;Extinta;1975-08-11;1998-05-30
1.186.1;SINDICATO DOS TRABALHADORES DA INDÚSTRIA METALÚRGICA E METALOMECÂNICA DO DISTRITO DE LISBOA;INDUSTRIAMETALURGICA;recurso;SINDICATO;trabalhadores;Extinta;1978-01-29;2000-11-29
1.532.1;SINDICATO DOS TRABALHADORES DA INDÚSTRIA METALÚRGICA E METALOMECÂNICA DOS DISTRITOS DE LISBOA, LEIRIA, SANTARÉM E CASTELO BRANCO;INDUSTRIAMETALURGICA;recurso;SINDICATO;trabalhadores;Extinta;2007-05-22;2010-07-15
1.532.0;SINDICATO DOS TRABALHADORES DA INDÚSTRIA METALÚRGICA E METALOMECÂNICA DOS DISTRITOS DE LISBOA, SANTARÉM E CASTELO BRANCO;INDUSTRIAMETALURGICA;recurso;SINDICATO;trabalhadores;Extinta;2000-11-29;2004-04-29
1.128.1;SINDICATO DOS TRABALHADORES DA INDÚSTRIA MINEIRA;INDUSTRIAMINEIRA;recurso;SINDICATO;trabalhadores;Activa;1996-03-15;2023-07-08
1.202.1;SINDICATO DOS TRABALHADORES DA INDÚSTRIA MINEIRA DO NORTE;INDUSTRIAMINEIRA;recurso;SINDICATO;trabalhadores;Extinta;1981-01-30;1996-08-30
1.128.0;SINDICATO DOS TRABALHADORES DA INDÚSTRIA MINEIRA DO SUL;INDUSTRIAMINEIRASUL;recurso;SINDICATO;trabalhadores;Activa;1975-08-09;1981-02-07
1.403.1;SINDICATO DOS TRABALHADORES DA INDÚSTRIA TÊXTIL, VESTUÁRIO, CALÇADO E CURTUMES - SINTEVCC-AVG;SINTECVCC;registo;SINDICATO;trabalhadores;Activa;2023-08-15;2024-01-15
1.403.2;SINDICATO DOS TRABALHADORES DA INDÚSTRIA TÊXTIL, VESTUÁRIO, CALÇADO E CURTUMES DOS DISTRITOS DE AVEIRO, VISEU E GUARDA -SINTEVCC-AVG;SINTECVCC;registo;SINDICATO;trabalhadores;Activa;2024-09-15;2024-09-15
1.13.0;SINDICATO DOS TRABALHADORES DA INDÚSTRIA VIDREIRA;INDUSTRIAVIDREIRA;recurso;SINDICATO;trabalhadores;Activa;1975-07-26;2025-06-29
1.173.0;SINDICATO DOS TRABALHADORES DA MARINHA MERCANTE, AERONAVEGAÇÃO E PESCA;MARINHAMERCANTE;recurso;SINDICATO;trabalhadores;Activa;1975-08-30;1975-08-30
1.173.2;SINDICATO DOS TRABALHADORES DA MARINHA MERCANTE, AGÊNCIAS DE VIAGENS, TRANSITÁRIOS E PESCA (SIMAMEVIP);SIMAMEVIP;registo;SINDICATO;trabalhadores;Activa;1992-06-15;2022-05-15
1.27.0;SINDICATO DOS TRABALHADORES DA PANIFICAÇÃO E OUTROS PRODUTOS ALIMENTARES DO DISTRITO DE VIANA DO CASTELO;PANIFICACAOOUTROS;recurso;SINDICATO;trabalhadores;Extinta;1975-07-30;1980-12-15
1.23.0;SINDICATO DOS TRABALHADORES DA PANIFICAÇÃO E OUTROS PRODUTOS ALIMENTARES DO DISTRITO DE VISEU;PANIFICACAOOUTROS;recurso;SINDICATO;trabalhadores;Extinta;1975-07-23;1975-07-23
1.265.0;SINDICATO DOS TRABALHADORES DA PANIFICAÇÃO E PRODUTOS ALIMENTARES DO DISTRITO DE AVEIRO;PANIFICACAOPRODUTOS;recurso;SINDICATO;trabalhadores;Extinta;1975-09-17;1996-05-15
1.326.0;SINDICATO DOS TRABALHADORES DA PECUÁRIA (AVICULTURA, SUINICULTURA, BOVINICULTURA E OUTROS) DOS DISTRITO DE AVEIRO, COIMBRA, GUARDA E VISEU;PECUARIAAVICULTURA;recurso;SINDICATO;trabalhadores;Extinta;1977-01-13;1985-10-15
1.302.1;SINDICATO DOS TRABALHADORES DA PESCA DO ALGARVE;PESCAALGARVE;recurso;SINDICATO;trabalhadores;Extinta;1993-01-15;1995-04-30
1.395.1;SINDICATO DOS TRABALHADORES DA PESCA DO CENTRO;PESCACENTRO;recurso;SINDICATO;trabalhadores;Activa;1995-07-15;2022-10-15
1.395.0;SINDICATO DOS TRABALHADORES DA PESCA DO DISTRITO DE LEIRIA;PESCADISTRITOLEIRIA;recurso;SINDICATO;trabalhadores;Activa;1981-12-15;1981-12-15
1.1.1;SINDICATO DOS TRABALHADORES DA PESCA DO DISTRITO DE SETÚBAL;PESCADISTRITOSETUBAL;recurso;SINDICATO;trabalhadores;Extinta;1983-03-30;1995-04-30
1.471.0;SINDICATO DOS TRABALHADORES DA PESCA DO DISTRITO DE VIANA DO CASTELO;PESCADISTRITOVIANA;recurso;SINDICATO;trabalhadores;Extinta;1990-08-15;1996-05-30
1.491.0;SINDICATO DOS TRABALHADORES DA PESCA DO NORTE;PESCANORTE;recurso;SINDICATO;trabalhadores;Activa;1995-03-15;2024-08-22
1.493.0;SINDICATO DOS TRABALHADORES DA PESCA DO SUL;PESCASUL;recurso;SINDICATO;trabalhadores;Activa;1995-04-30;2023-08-08
1.248.3;SINDICATO DOS TRABALHADORES DA PORTUGAL TELECOM E EMPRESAS PARTICIPADAS;STPT;registo;SINDICATO;trabalhadores;Activa;1995-08-15;2001-12-08
1.500.0;SINDICATO DOS TRABALHADORES DA QUÍMICA, FARMACÊUTICA, PETRÓLEO E GÁS DO CENTRO, SUL E ILHAS;SINQUIFA;registo;SINDICATO;trabalhadores;Extinta;1996-05-24;2010-07-15
1.499.0;SINDICATO DOS TRABALHADORES DA QUÍMICA, FARMACÊUTICA, PETRÓLEO E GÁS DO NORTE;SINORQUIFA;registo;SINDICATO;trabalhadores;Extinta;1996-05-30;2010-07-15
1.654.1;SINDICATO DOS TRABALHADORES DA REINSERÇAO E SERVIÇOS PRISIONAIS;STRSP;registo;SINDICATO;trabalhadores;Activa;2026-01-22;2026-01-22
1.333.1;SINDICATO DOS TRABALHADORES DA SAÚDE E SEGURANÇA SOCIAL;SAUDESEGURANCASOCIAL;recurso;SINDICATO;trabalhadores;Activa;1988-01-30;1998-05-15
1.333.0;SINDICATO DOS TRABALHADORES DA SAÚDE E SEGURANÇA SOCIAL - ZONA NORTE;ZONANORTE;derivada;SINDICATO;trabalhadores;Activa;1977-08-22;1979-12-08
1.333.2;SINDICATO DOS TRABALHADORES DA SAÚDE, SOLIDARIEDADE E SEGURANÇA SOCIAL;STSSSS;registo;SINDICATO;trabalhadores;Activa;2000-12-08;2023-11-16
1.477.0;SINDICATO DOS TRABALHADORES DA TRACÇÃO DO METROPOLITANO;STTM;registo;SINDICATO;trabalhadores;Activa;1991-09-15;2018-12-22
1.477.1;SINDICATO DOS TRABALHADORES DA TRACÇÃO DO METROPOLITANO DE LISBOA;STTM;registo;SINDICATO;trabalhadores;Activa;2018-04-22;2022-12-22
1.364.0;SINDICATO DOS TRABALHADORES DAS DELEGAÇÕES DO FUNDO DE FOMENTO DE EXPORTAÇÃO NO ESTRANGEIRO;DELEGACOESFUNDO;recurso;SINDICATO;trabalhadores;Extinta;1979-08-22;1979-08-22
1.364.1;SINDICATO DOS TRABALHADORES DAS DELEGAÇÕES DO INSTITUTO DO COMÉRCIO EXTERNO PORTUGUÊS NO ESTRANGEIRO;DELEGACOESINSTITUTO;recurso;SINDICATO;trabalhadores;Extinta;1985-11-30;2012-05-22
1.537.1;SINDICATO DOS TRABALHADORES DAS EMPRESAS DO GRUPO CAIXA GERAL DE DEPÓSITOS;STEC;registo;SINDICATO;trabalhadores;Activa;2018-05-09;2026-07-08
1.693.0;SINDICATO DOS TRABALHADORES DAS ENTIDADES REGULADORAS (STER);STER;derivada;SINDICATO;trabalhadores;Activa;2025-09-22;2025-09-22
1.674.0;SINDICATO DOS TRABALHADORES DAS GRANDES SUPERFÍCIES, ARMAZÉNS E SERVIÇOS DE PORTUGAL;STGSSP;registo;SINDICATO;trabalhadores;Activa;2021-11-20;2026-08-15
1.89.0;SINDICATO DOS TRABALHADORES DAS INDÚSTRIA DE CELULOSE, PAPEL, CARTÃO CANELADO, S.A.COS DE PAPEL E AFINS DOS DISTRITOS DE AVEIRO, BRAGA E VISEU;INDUSTRIACELULOSE;recurso;SINDICATO;trabalhadores;Extinta;1975-08-07;1982-02-15
1.176.0;SINDICATO DOS TRABALHADORES DAS INDÚSTRIA DE CERÂMICA, CIMENTOS E SIMILARES DO DISTRITO DE SETÚBAL;INDUSTRIACERAMICA;recurso;SINDICATO;trabalhadores;Extinta;1975-09-08;1997-01-30
1.20.0;SINDICATO DOS TRABALHADORES DAS INDÚSTRIA DE MADEIRA DO DISTRITO DE LISBOA;INDUSTRIAMADEIRA;recurso;SINDICATO;trabalhadores;Extinta;1975-07-28;1979-05-08
1.40.0;SINDICATO DOS TRABALHADORES DAS INDÚSTRIA DE MADEIRAS DO DISTRITO DE SANTARÉM;INDUSTRIAMADEIRAS;recurso;SINDICATO;trabalhadores;Extinta;1975-08-01;1983-07-15
1.289.1;SINDICATO DOS TRABALHADORES DAS INDÚSTRIA DE MADEIRAS DOS DISTRITOS DO PORTO E AVEIRO;INDUSTRIAMADEIRAS;recurso;SINDICATO;trabalhadores;Extinta;1980-07-15;1983-02-15
1.487.0;SINDICATO DOS TRABALHADORES DAS INDÚSTRIAS ALIMENTARES DA BEIRA INTERIOR;STRIABI;registo;SINDICATO;trabalhadores;Extinta;1993-08-30;2006-04-29
1.406.0;SINDICATO DOS TRABALHADORES DAS INDÚSTRIAS ALIMENTARES DE CONSERVAS DO CENTRO, SUL E ILHAS;STIAC;registo;SINDICATO;trabalhadores;Activa;1982-07-30;1984-11-30
1.197.1;SINDICATO DOS TRABALHADORES DAS INDÚSTRIAS ALIMENTARES DE CONSERVAS DO NORTE;INDUSTRIAS;recurso;SINDICATO;trabalhadores;Extinta;1984-11-30;1994-01-30
1.112.1;SINDICATO DOS TRABALHADORES DAS INDÚSTRIAS ALIMENTARES DE HIDRATOS DE CARBONO DO NORTE;INDUSTRIAS;recurso;SINDICATO;trabalhadores;Extinta;1979-12-15;1994-01-30
1.359.0;SINDICATO DOS TRABALHADORES DAS INDÚSTRIAS ALIMENTARES DE HIDRATOS DE CARBONO DO SUL;INDUSTRIAS;recurso;SINDICATO;trabalhadores;Extinta;1979-06-08;1997-05-15
1.359.1;SINDICATO DOS TRABALHADORES DAS INDÚSTRIAS ALIMENTARES DE HIDRATOS DE CARBONO DO SUL E ILHAS;INDUSTRIAS;recurso;SINDICATO;trabalhadores;Extinta;1983-01-15;1983-01-15
1.408.0;SINDICATO DOS TRABALHADORES DAS INDÚSTRIAS DA CONSTRUÇÃO CIVIL, MADEIRAS, METALURGIA E METALOMECÂNICA DE TRÁS-OS-MONTES E ALTO DOURO;MONTESEALTODOURO;derivada;SINDICATO;trabalhadores;Extinta;1982-08-14;1997-10-30
1.287.1;SINDICATO DOS TRABALHADORES DAS INDÚSTRIAS DA CONSTRUÇÃO CIVIL, MÁRMORES E MADEIRAS DO ALENTEJO;INDUSTRIASCONSTRUCAO;recurso;SINDICATO;trabalhadores;Extinta;1982-02-15;1985-03-15
1.23.1;SINDICATO DOS TRABALHADORES DAS INDÚSTRIAS DE ALIMENTAÇÃO DO DISTRITO DE VISEU;INDUSTRIAS;recurso;SINDICATO;trabalhadores;Extinta;1992-11-15;2011-11-08
1.488.0;SINDICATO DOS TRABALHADORES DAS INDÚSTRIAS DE ALIMENTAÇÃO DO NORTE;STIANOR;registo;SINDICATO;trabalhadores;Activa;0200-10-27;2019-12-08
1.359.2;SINDICATO DOS TRABALHADORES DAS INDÚSTRIAS DE ALIMENTAÇÃO DO SUL E TABACOS;INDUSTRIAS;recurso;SINDICATO;trabalhadores;Extinta;1993-11-15;2011-11-15
1.323.1;SINDICATO DOS TRABALHADORES DAS INDÚSTRIAS DE BEBIDAS DO SUL E ILHAS;INDUSTRIASBEBIDASSUL;recurso;SINDICATO;trabalhadores;Extinta;1982-09-30;1982-09-30
1.107.0;SINDICATO DOS TRABALHADORES DAS INDÚSTRIAS DE CALÇADO, ARTIGOS DE PELE, MALAS, CORREARIA E SIMILARES DO CENTRO E SUL DE PORTUGAL;INDUSTRIASCALCADO;recurso;SINDICATO;trabalhadores;Extinta;1975-08-19;1975-08-19
1.107.1;SINDICATO DOS TRABALHADORES DAS INDÚSTRIAS DE CALÇADO, ARTIGOS DE PELE, MALAS, CORREARIA E SIMILARES DO CENTRO, SUL E ILHAS;INDUSTRIASCALCADO;recurso;SINDICATO;trabalhadores;Extinta;1978-12-22;1978-12-22
1.107.2;SINDICATO DOS TRABALHADORES DAS INDÚSTRIAS DE CALÇADO, MALAS, LUVAS , COMPONENTES E SIMILARES DO CENTRO, SUL E ILHAS;INDUSTRIASCALCADO;recurso;SINDICATO;trabalhadores;Extinta;1989-04-15;1996-11-30
1.398.0;SINDICATO DOS TRABALHADORES DAS INDÚSTRIAS DE CELULOSE, FABRICAÇÃO E TRANSFORMAÇÃO DE PAPEL, GRÁFICA E IMPRENSA DO CENTRO;INDUSTRIASCELULOSE;recurso;SINDICATO;trabalhadores;Extinta;1982-02-15;1996-07-15
1.373.0;SINDICATO DOS TRABALHADORES DAS INDÚSTRIAS DE CELULOSE, FABRICAÇÃO E TRANSFORMAÇÃO DE PAPEL, GRÁFICA E IMPRENSA DO SUL E ILHAS;INDUSTRIASCELULOSE;recurso;SINDICATO;trabalhadores;Extinta;1980-10-15;1996-07-15
1.375.0;SINDICATO DOS TRABALHADORES DAS INDÚSTRIAS DE CELULOSE, FABRICAÇÃO E TRANSFORMAÇÃO DO PAPEL, GRÁFICA E IMPRENSA DO NORTE;INDUSTRIASCELULOSE;recurso;SINDICATO;trabalhadores;Extinta;1980-10-30;1996-07-15
1.9.0;SINDICATO DOS TRABALHADORES DAS INDÚSTRIAS DE CELULOSE, PAPEL, CARTONAGEM E AFINS (ZONA CENTRO);ZONACENTRO;derivada;SINDICATO;trabalhadores;Extinta;1975-07-26;1980-11-30
1.183.0;SINDICATO DOS TRABALHADORES DAS INDÚSTRIAS DE CELULOSE, PAPEL, CARTONAGEM E AFINS - ZONA NORTE;ZONANORTE;derivada;SINDICATO;trabalhadores;Extinta;1975-08-30;1980-12-15
1.75.0;SINDICATO DOS TRABALHADORES DAS INDÚSTRIAS DE CELULOSE, PAPEL, CARTONAGEM E AFINS - ZONA SUL;ZONASUL;derivada;SINDICATO;trabalhadores;Extinta;1975-08-07;1980-11-30
1.502.0;SINDICATO DOS TRABALHADORES DAS INDÚSTRIAS DE CELULOSE, PAPEL, GRÁFICA E IMPRENSA;INDUSTRIASCELULOSE;recurso;SINDICATO;trabalhadores;Extinta;1996-07-15;2011-01-29
1.501.0;SINDICATO DOS TRABALHADORES DAS INDÚSTRIAS DE CERÂMICA, CIMENTOS E SIMILARES DA REGIÃO CENTRO;INDUSTRIASCERAMICA;recurso;SINDICATO;trabalhadores;Activa;1996-06-30;2000-01-29
1.185.1;SINDICATO DOS TRABALHADORES DAS INDÚSTRIAS DE CERÂMICA, CIMENTOS E SIMILARES DA REGIÃO NORTE;INDUSTRIASCERAMICA;recurso;SINDICATO;trabalhadores;Extinta;2001-09-08;2025-07-08
1.161.0;SINDICATO DOS TRABALHADORES DAS INDÚSTRIAS DE CERÂMICA, CIMENTOS E SIMILARES DO DISTRITO DE COIMBRA;INDUSTRIASCERAMICA;recurso;SINDICATO;trabalhadores;Extinta;1975-09-08;1996-06-30
1.86.0;SINDICATO DOS TRABALHADORES DAS INDÚSTRIAS DE CERÂMICA, CIMENTOS E SIMILARES DO DISTRITO DE LEIRIA;INDUSTRIASCERAMICA;recurso;SINDICATO;trabalhadores;Extinta;1975-08-18;1996-06-30
1.185.0;SINDICATO DOS TRABALHADORES DAS INDÚSTRIAS DE CERÂMICA, CIMENTOS E SIMILARES DO DISTRITO DO PORTO;INDUSTRIASCERAMICA;recurso;SINDICATO;trabalhadores;Extinta;1975-09-04;1999-07-29
1.503.0;SINDICATO DOS TRABALHADORES DAS INDÚSTRIAS DE CERÂMICA, CIMENTOS E SIMILARES DO SUL E REGIÕES AUTÓNOMAS;INDUSTRIASCERAMICA;recurso;SINDICATO;trabalhadores;Activa;1997-01-30;2012-07-08
1.295.0;SINDICATO DOS TRABALHADORES DAS INDÚSTRIAS DE CERÂMICA, CIMENTOS E SIMILARES DOS DISTRITOS DE AVEIRO, VISEU E GUARDA;INDUSTRIASCERAMICA;recurso;SINDICATO;trabalhadores;Activa;1976-01-23;1979-08-22
1.238.0;SINDICATO DOS TRABALHADORES DAS INDÚSTRIAS DE CERÂMICA, CIMENTOS E SIMILARES DOS DISTRITOS DE LISBOA, SANTARÉM E PORTALEGRE;INDUSTRIASCERAMICA;recurso;SINDICATO;trabalhadores;Extinta;1975-09-02;1997-01-30
1.503.1;SINDICATO DOS TRABALHADORES DAS INDÚSTRIAS DE CERÂMICA, CIMENTOS E SIMILARES, CONSTRUÇAO, MADEIRAS, MARMORES E CORTIÇAS DO SUL E REGIOES AUTONOMAS;INDUSTRIASCERAMICA;recurso;SINDICATO;trabalhadores;Activa;2014-07-16;2014-08-29
1.503.2;SINDICATO DOS TRABALHADORES DAS INDÚSTRIAS DE CERÂMICA, CIMENTOS E SIMILARES, CONSTRUÇAO, MADEIRAS, MARMORES E CORTIÇAS DO SUL E REGIOES AUTONOMAS;STCCMCS;registo;SINDICATO;trabalhadores;Activa;2015-06-29;2024-06-22
1.501.1;SINDICATO DOS TRABALHADORES DAS INDÚSTRIAS DE CERÂMICA, CIMENTOS, CONSTRUÇÃO, MADEIRAS, MÁRMORES E SIMILARES DA REGIÃO CENTRO;INDUSTRIASCERAMICA;recurso;SINDICATO;trabalhadores;Activa;2001-08-08;2022-12-15
1.342.0;SINDICATO DOS TRABALHADORES DAS INDÚSTRIAS DE CONSTRUÇÃO CIVIL, MADEIRAS, MÁRMORES E PEDREIRAS DO DISTRITO DO PORTO;INDUSTRIASCONSTRUCAO;recurso;SINDICATO;trabalhadores;Activa;1978-05-29;1983-01-30
1.445.1;SINDICATO DOS TRABALHADORES DAS INDÚSTRIAS DE CONSTRUÇÃO, CERÂMICA E SIMILARES, MADEIRAS, MÁRMORES E PEDREIRAS DE DE VIANA DO CASTELO E NORTE;SCMPVCN;registo;SINDICATO;trabalhadores;Activa;2015-07-31;2024-09-08
1.342.1;SINDICATO DOS TRABALHADORES DAS INDÚSTRIAS DE CONSTRUÇÃO, MADEIRAS, MÁRMORES E PEDREIRAS DOS DISTRITOS DO PORTO E AVEIRO;INDUSTRIASCONSTRUCAO;recurso;SINDICATO;trabalhadores;Activa;1983-02-15;1996-04-30
1.55.0;SINDICATO DOS TRABALHADORES DAS INDÚSTRIAS DE MADEIRA DO DISTRITO DE AVEIRO;INDUSTRIASMADEIRA;recurso;SINDICATO;trabalhadores;Extinta;1975-08-30;1979-10-29
1.169.0;SINDICATO DOS TRABALHADORES DAS INDÚSTRIAS DE PANIFICAÇÃO E PRODUTOS ALIMENTARES AFINS DO ALENTEJO E ALGARVE;INDUSTRIAS;recurso;SINDICATO;trabalhadores;Extinta;1975-08-13;1979-06-15
1.24.0;SINDICATO DOS TRABALHADORES DAS INDÚSTRIAS DE PANIFICAÇÃO E PRODUTOS ALIMENTARES AFINS DO DISTRITO DE LEIRIA;INDUSTRIAS;recurso;SINDICATO;trabalhadores;Extinta;1975-07-26;1979-06-15
1.102.0;SINDICATO DOS TRABALHADORES DAS INDÚSTRIAS DE PANIFICAÇÃO E PRODUTOS ALIMENTARES AFINS DO DISTRITOS DE LISBOA;INDUSTRIAS;recurso;SINDICATO;trabalhadores;Extinta;1975-08-11;1979-06-15
1.60.0;SINDICATO DOS TRABALHADORES DAS INDÚSTRIAS DE PAPEL, OFÍCIOS CORRELATIVOS E AFINS DO DISTRITO DE COIMBRA;INDUSTRIASPAPEL;recurso;SINDICATO;trabalhadores;Extinta;1975-10-14;1982-02-15
1.37.1;SINDICATO DOS TRABALHADORES DAS INDÚSTRIAS E COMÉRCIO DE PANIFICAÇÃO, MOAGENS, CONFEITARIA, PASTELARIA E SIMILARES DO MINHO;INDUSTRIASCOMERCIO;recurso;SINDICATO;trabalhadores;Extinta;1990-08-15;2020-08-29
1.237.1;SINDICATO DOS TRABALHADORES DAS INDÚSTRIAS ELÉCTRICAS DO NORTE;INDUSTRIASELECTRICAS;recurso;SINDICATO;trabalhadores;Extinta;1979-04-08;1989-04-30
1.575.0;SINDICATO DOS TRABALHADORES DAS INDÚSTRIAS ELÉCTRICAS DO NORTE E CENTRO;STIENC;registo;SINDICATO;trabalhadores;Extinta;2007-07-15;2010-07-15
1.17.1;SINDICATO DOS TRABALHADORES DAS INDÚSTRIAS METALÚRGICA E METALOMECÂNICA DO DISTRITO DE VIANA DO CASTELO;INDUSTRIAS;recurso;SINDICATO;trabalhadores;Activa;1981-06-30;2025-06-15
1.139.1;SINDICATO DOS TRABALHADORES DAS INDÚSTRIAS METALÚRGICA E METALOMECÂNICA DO DISTRITO DO PORTO;STIMM;registo;SINDICATO;trabalhadores;Extinta;1981-03-21;1997-08-15
1.139.2;SINDICATO DOS TRABALHADORES DAS INDÚSTRIAS METALÚRGICA E METALOMECÂNICA DO NORTE;INDUSTRIAS;recurso;SINDICATO;trabalhadores;Extinta;1997-01-30;2010-07-15
1.155.1;SINDICATO DOS TRABALHADORES DAS INDÚSTRIAS METALÚRGICAS E METALOMECÂNICAS DO DISTRITO DE AVEIRO;INDUSTRIAS;recurso;SINDICATO;trabalhadores;Extinta;1980-01-08;2004-08-29
1.174.1;SINDICATO DOS TRABALHADORES DAS INDÚSTRIAS METALÚRGICAS E METALOMECÂNICAS DO DISTRITO DE BRAGA;INDUSTRIAS;recurso;SINDICATO;trabalhadores;Extinta;1983-03-30;2010-07-15
1.71.1;SINDICATO DOS TRABALHADORES DAS INDÚSTRIAS METALÚRGICAS E METALOMECÂNICAS DO DISTRITO DE COIMBRA;INDUSTRIAS;recurso;SINDICATO;trabalhadores;Extinta;1981-08-29;1995-03-30
1.147.1;SINDICATO DOS TRABALHADORES DAS INDÚSTRIAS METALÚRGICAS E METALOMECÂNICAS DO DISTRITO DE LEIRIA;INDUSTRIAS;recurso;SINDICATO;trabalhadores;Extinta;1982-06-15;1995-03-30
1.52.1;SINDICATO DOS TRABALHADORES DAS INDÚSTRIAS METALÚRGICAS E METALOMECÂNICAS DO DISTTRITO DE VISEU;INDUSTRIAS;recurso;SINDICATO;trabalhadores;Extinta;1982-03-15;1995-07-15
1.32.1;SINDICATO DOS TRABALHADORES DAS INDÚSTRIAS METALÚRGICAS E METALOMECANICAS DO DISTTRITOS DE SANTAREM;INDUSTRIAS;recurso;SINDICATO;trabalhadores;Extinta;1981-03-21;2000-11-20
1.388.0;SINDICATO DOS TRABALHADORES DAS INDÚSTRIAS METALÚRGICAS E METALOMECÂNICAS DO SUL;INDUSTRIAS;recurso;SINDICATO;trabalhadores;Extinta;1981-07-30;2010-07-15
1.155.2;SINDICATO DOS TRABALHADORES DAS INDÚSTRIAS METALÚRGICAS E METALOMECÂNICAS DOS DISTRITOS DE AVEIRO E VISEU;INDUSTRIAS;recurso;SINDICATO;trabalhadores;Extinta;1995-05-30;1995-05-30
1.155.3;SINDICATO DOS TRABALHADORES DAS INDÚSTRIAS METALÚRGICAS E METALOMECÂNICAS DOS DISTRITOS DE AVEIRO, VISEU E GUARDA;STMMDAVG;registo;SINDICATO;trabalhadores;Extinta;1998-05-30;2001-07-29
1.155.4;SINDICATO DOS TRABALHADORES DAS INDÚSTRIAS METALÚRGICAS E METALOMECÂNICAS DOS DISTRITOS DE AVEIRO, VISEU, GUARDA E COIMBRA;STMMDAVG;registo;SINDICATO;trabalhadores;Extinta;2007-05-22;2010-07-15
1.492.0;SINDICATO DOS TRABALHADORES DAS INDÚSTRIAS METALÚRGICAS E METALOMECÂNICAS DOS DISTRITOS DE COIMBRA E LEIRIA;INDUSTRIAS;recurso;SINDICATO;trabalhadores;Extinta;1995-03-30;2007-05-22
1.30.1;SINDICATO DOS TRABALHADORES DAS INDÚSTRIAS QUIMICAS DO CENTRO E ILHAS;INDUSTRIASQUIMICAS;recurso;SINDICATO;trabalhadores;Extinta;1980-05-22;1996-05-30
1.30.0;SINDICATO DOS TRABALHADORES DAS INDÚSTRIAS QUIMICAS DO CENTRO SUL E ILHAS ADJACENTES E DAS MOAGENS DO CENTRO E SUL;INDUSTRIASQUIMICAS;recurso;SINDICATO;trabalhadores;Extinta;1975-07-29;1975-07-29
1.203.1;SINDICATO DOS TRABALHADORES DAS INDÚSTRIAS QUÍMICAS DO NORTE;STIQN;registo;SINDICATO;trabalhadores;Extinta;1981-12-30;1981-12-30
1.90.0;SINDICATO DOS TRABALHADORES DAS INDÚSTRIAS QUIMICAS DO SUL;STIQS;registo;SINDICATO;trabalhadores;Extinta;1975-08-09;1996-05-30
1.203.2;SINDICATO DOS TRABALHADORES DAS INDÚSTRIAS QUÍMICAS, PETRÓLEO E GÁS DO NORTE;STIQN;registo;SINDICATO;trabalhadores;Extinta;1994-11-15;1996-05-30
1.594.0;SINDICATO DOS TRABALHADORES DAS INDÚSTRIAS TRANSFORMADORAS, ENERGIA E ACTIVIDADES DO AMBIENTE DO CENTRO NORTE;SITECN;registo;SINDICATO;trabalhadores;Activa;2010-07-15;2023-04-22
1.591.0;SINDICATO DOS TRABALHADORES DAS INDÚSTRIAS TRANSFORMADORAS, ENERGIA E ACTIVIDADES DO AMBIENTE DO CENTRO SUL E REGIOES AUTONOMAS;SITECSRA;registo;SINDICATO;trabalhadores;Activa;2010-07-15;2023-05-22
1.592.0;SINDICATO DOS TRABALHADORES DAS INDÚSTRIAS TRANSFORMADORAS, ENERGIA E ACTIVIDADES DO AMBIENTE DO NORTE;SITENORTE;registo;SINDICATO;trabalhadores;Activa;2010-07-15;2023-03-29
1.593.0;SINDICATO DOS TRABALHADORES DAS INDÚSTRIAS TRANSFORMADORAS, ENERGIA E ACTIVIDADES DO AMBIENTE DO SUL (SITE SUL);SITESUL;registo;SINDICATO;trabalhadores;Activa;2010-07-15;2026-07-22
1.651.0;SINDICATO DOS TRABALHADORES DAS INFRAESTRUTURAS RODOVIARIAS;STIR;registo;SINDICATO;trabalhadores;Activa;2019-06-08;2026-07-08
1.22.0;SINDICATO DOS TRABALHADORES DAS MADEIRAS DOS DISTRITOS DE VISEU E GUARDA;MADEIRASDISTRITOS;recurso;SINDICATO;trabalhadores;Extinta;1975-07-23;1980-07-15
1.457.0;SINDICATO DOS TRABALHADORES DAS SALAS DE JOGOS;STSJ;registo;SINDICATO;trabalhadores;Activa;0225-10-10;2025-11-15
1.356.0;SINDICATO DOS TRABALHADORES DAS SERRAÇÕES DE MADEIRAS DO DISTRITO DE BRAGA;SERRACOESMADEIRAS;recurso;SINDICATO;trabalhadores;Extinta;1979-05-15;1982-06-30
1.119.0;SINDICATO DOS TRABALHADORES DAS TELECOMUNICAÇÕES;TELECOMUNICACOES;recurso;SINDICATO;trabalhadores;Activa;1975-08-14;1975-08-14
1.567.0;SINDICATO DOS TRABALHADORES DE AGRICULTURA E DAS INDÚSTRIAS DE ALIMENTAÇÃO, BEBIDAS E TABACOS DE PORTUGAL;SINTAB;registo;SINDICATO;trabalhadores;Activa;2006-04-29;2026-05-29
1.672.0;SINDICATO DOS TRABALHADORES DE AGROPECUÁRIA, INDÚSTRIAS TRANSFORMADORAS, CONSTRUÇÃO, COMÉRCIO, RETALHO, SERVIÇOS DE LIMPEZA E SEGURANÇA;SINTCAD;registo;SINDICATO;trabalhadores;Activa;2021-11-28;2022-01-22
1.69.0;SINDICATO DOS TRABALHADORES DE ALFAIATARIA, COSTURA E SIMILARES DE VISEU;ALFAIATARIACOSTURA;recurso;SINDICATO;trabalhadores;Extinta;1975-08-11;1979-09-08
1.476.1;SINDICATO DOS TRABALHADORES DE APOIO EDUCATIVO E SOCIAL DO SUL E REGIÕES AUTÓNOMAS;STAAESULER;registo;SINDICATO;trabalhadores;Activa;2025-09-03;2025-10-15
1.193.0;SINDICATO DOS TRABALHADORES DE CALÇADO, MALAS E AFINS DO DISTRITO DO PORTO;CALCADOMALASAFINS;recurso;SINDICATO;trabalhadores;Extinta;1975-08-30;1975-08-30
1.193.1;SINDICATO DOS TRABALHADORES DE CALÇADO, MALAS, COMPONENTES, FORMAS E OFÍCIOS AFINS DO DISTRITO DO PORTO;CALCADOMALAS;recurso;SINDICATO;trabalhadores;Extinta;1982-03-15;2006-03-22
1.609.0;SINDICATO DOS TRABALHADORES DE CALL CENTER;CALLCENTER;recurso;SINDICATO;trabalhadores;Activa;2014-06-15;2023-03-15
1.281.0;SINDICATO DOS TRABALHADORES DE ESCRITÓRIO DO DISTRITO DE BRAGA;ESCRITORIODISTRITO;recurso;SINDICATO;trabalhadores;Extinta;1975-10-06;1975-10-06
1.195.0;SINDICATO DOS TRABALHADORES DE ESCRITÓRIO DO DISTRITO DE COIMBRA;ESCRITORIODISTRITO;recurso;SINDICATO;trabalhadores;Extinta;1975-08-30;1981-08-15
1.218.0;SINDICATO DOS TRABALHADORES DE ESCRITÓRIO DO DISTRITO DE LISBOA;ESCRITORIODISTRITO;recurso;SINDICATO;trabalhadores;Activa;1975-12-17;1975-12-17
1.108.0;SINDICATO DOS TRABALHADORES DE ESCRITÓRIO DO DISTRITO DE SETÚBAL;ESCRITORIODISTRITO;recurso;SINDICATO;trabalhadores;Extinta;1975-08-20;1975-08-20
1.133.0;SINDICATO DOS TRABALHADORES DE ESCRITÓRIO DO DISTRITO DO PORTO;ESCRITORIODISTRITO;recurso;SINDICATO;trabalhadores;Extinta;1975-08-23;1975-08-23
1.49.0;SINDICATO DOS TRABALHADORES DE ESCRITÓRIO E COMÉRCIO DO DISTRITO DE PORTALEGRE;ESCRITORIOCOMERCIO;recurso;SINDICATO;trabalhadores;Extinta;1975-08-02;1975-08-02
1.280.0;SINDICATO DOS TRABALHADORES DE ESCRITÓRIO E COMÉRCIO DO DISTRITO DE VIANA DO CASTELO;ESCRITORIOCOMERCIO;recurso;SINDICATO;trabalhadores;Extinta;1975-09-24;1996-02-15
1.207.0;SINDICATO DOS TRABALHADORES DE ESCRITÓRIO E COMÉRCIO DO DISTRITO DE VISEU;ESCRITORIOCOMERCIO;recurso;SINDICATO;trabalhadores;Extinta;1975-08-13;1975-08-13
1.125.0;SINDICATO DOS TRABALHADORES DE ESCRITORIO E COMÉRCIO DOS DISTRITOS DE VILA REAL E BRAGANÇA;ESCRITORIOCOMERCIO;recurso;SINDICATO;trabalhadores;Extinta;1975-08-19;2011-07-22
1.222.0;SINDICATO DOS TRABALHADORES DE ESCRITÓRIO E DO COMÉRCIO DO DISTRITO DE AVEIRO;ESCRITORIOCOMERCIO;recurso;SINDICATO;trabalhadores;Activa;1975-08-26;1979-04-08
1.218.1;SINDICATO DOS TRABALHADORES DE ESCRITÓRIO E SERVIÇOS;SITESE;registo;SINDICATO;trabalhadores;Activa;1979-03-29;1979-03-29
1.281.1;SINDICATO DOS TRABALHADORES DE ESCRITÓRIO E SERVIÇOS DO DISTRITO DE BRAGA (STESDB);STESDB;registo;SINDICATO;trabalhadores;Extinta;1980-07-15;1980-07-15
1.108.1;SINDICATO DOS TRABALHADORES DE ESCRITÓRIO E SERVIÇOS DO DISTRITO DE SETÚBAL;STESDIS;registo;SINDICATO;trabalhadores;Extinta;1979-12-22;1979-12-22
1.218.2;SINDICATO DOS TRABALHADORES DE ESCRITÓRIO, COMÉRCIO E SERVIÇOS;SITESE;registo;SINDICATO;trabalhadores;Activa;1980-10-30;1983-06-30
1.49.1;SINDICATO DOS TRABALHADORES DE ESCRITÓRIO, COMÉRCIO E SERVIÇOS DO DISTRITO DE PORTALEGRE;SITESC;registo;SINDICATO;trabalhadores;Extinta;1981-06-15;1984-01-30
1.207.1;SINDICATO DOS TRABALHADORES DE ESCRITÓRIO, COMÉRCIO E SERVIÇOS DO DISTRITO DE VISEU;SINDECS;registo;SINDICATO;trabalhadores;Extinta;1985-08-15;1998-07-30
1.218.4;SINDICATO DOS TRABALHADORES DE ESCRITÓRIO, COMÉRCIO, HOTELARIA E SERVIÇOS;SITESE;registo;SINDICATO;trabalhadores;Activa;1997-12-18;2002-05-22
1.218.3;SINDICATO DOS TRABALHADORES DE ESCRITÓRIO, COMÉRCIO, SERVIÇOS E NOVAS TECNOLOGIAS;SITESE;registo;SINDICATO;trabalhadores;Activa;1987-01-15;1994-05-15
1.108.2;SINDICATO DOS TRABALHADORES DE ESCRITÓRIO, INFORMÁTICA E SERVIÇOS DA REGIÃO SUL;STEIS;registo;SINDICATO;trabalhadores;Extinta;1990-02-28;2007-10-15
1.133.1;SINDICATO DOS TRABALHADORES DE ESCRITÓRIO, SERVIÇOS E COMÉRCIO;SITESC;registo;SINDICATO;trabalhadores;Extinta;1984-05-15;2003-03-15
1.281.2;SINDICATO DOS TRABALHADORES DE ESCRITÓRIO, SERVIÇOS E COMÉRCIO DE BRAGA;STESCB;registo;SINDICATO;trabalhadores;Extinta;1984-12-30;1996-11-15
1.133.4;SINDICATO DOS TRABALHADORES DE ESCRITÓRIOS, SERVIÇOS, COMÉRCIO, ALIMENTAÇÃO, HOTELARIA E TURISMO;SITESC;registo;SINDICATO;trabalhadores;Extinta;2010-12-29;2017-06-08
1.227.0;SINDICATO DOS TRABALHADORES DE ESPECTÁCULOS;ESPECTACULOS;recurso;SINDICATO;trabalhadores;Extinta;1975-09-02;2017-06-22
1.627.0;SINDICATO DOS TRABALHADORES DE ESPECTACULOS, DO AUDIOVISUAL E DO MUSICOS;CENASTE;registo;SINDICATO;trabalhadores;Activa;2017-06-22;2026-01-15
1.517.1;SINDICATO DOS TRABALHADORES DE HANDLING, DA AVIAÇÃO E AEROPORTOS;STHAA;registo;SINDICATO;trabalhadores;Activa;2023-04-26;2026-06-22
1.279.0;SINDICATO DOS TRABALHADORES DE LANIFICIOS DO DISTRITO DE CASTELO BRANCO;LANIFICIOSDISTRITO;recurso;SINDICATO;trabalhadores;Activa;1975-08-23;1979-08-15
1.76.0;SINDICATO DOS TRABALHADORES DE LANIFÍCIOS DO NORTE;LANIFICIOSNORTE;recurso;SINDICATO;trabalhadores;Extinta;1975-08-07;1982-06-15
1.231.0;SINDICATO DOS TRABALHADORES DE LANIFÍCIOS DOS DISTRITOS DA GUARDA E VISEU;LANIFICIOSDISTRITOS;recurso;SINDICATO;trabalhadores;Activa;1975-09-17;1975-09-17
1.187.0;SINDICATO DOS TRABALHADORES DE SEGUROS DO NORTE;STSN;registo;SINDICATO;trabalhadores;Activa;1975-09-04;1999-07-29
1.85.0;SINDICATO DOS TRABALHADORES DE SEGUROS DO SUL;SEGUROSSUL;recurso;SINDICATO;trabalhadores;Activa;1975-07-30;1975-07-30
1.85.1;SINDICATO DOS TRABALHADORES DE SEGUROS DO SUL E ILHAS;STSSI;registo;SINDICATO;trabalhadores;Activa;1979-06-22;1979-06-22
1.85.2;SINDICATO DOS TRABALHADORES DE SEGUROS DO SUL E REGIÕES AUTÓNOMAS;STSSRA;registo;SINDICATO;trabalhadores;Activa;1987-06-30;1999-04-29
1.152.2;SINDICATO DOS TRABALHADORES DE SERVIÇOS DE PORTARIA, VIGILÂNCIA, LIMPEZA, DOMÉSTICAS E ACTIVIDADES DIVERSAS;STAD;registo;SINDICATO;trabalhadores;Activa;1998-10-27;2024-05-22
1.152.1;SINDICATO DOS TRABALHADORES DE SERVIÇOS DE PORTARIA, VIGILÂNCIA, LIMPEZA, DOMÉSTICAS E PROFISSÕES SIMILARES E ACTIVIDADES DIVERSAS;SERVICOSPORTARIA;recurso;SINDICATO;trabalhadores;Activa;1991-07-30;2001-12-15
1.119.1;SINDICATO DOS TRABALHADORES DE TELECOMUNICAÇÕES E COMUNICAÇÃO AUDIOVISUAL;STT;registo;SINDICATO;trabalhadores;Activa;1984-08-30;2025-01-15
1.173.1;SINDICATO DOS TRABALHADORES DE TERRA DA MARINHA MERCANTE, AERONAVEGAÇÃO E PESCA;TERRAMARINHAMERCANTE;recurso;SINDICATO;trabalhadores;Activa;1979-10-29;2003-07-29
1.113.1;SINDICATO DOS TRABALHADORES DE TRANSPORTES RODOVIÁRIOS DE AVEIRO;TRANSPORTES;recurso;SINDICATO;trabalhadores;Extinta;1981-10-30;2007-01-29
1.382.0;SINDICATO DOS TRABALHADORES DE TRANSPORTES RODOVIÁRIOS DO SUL;TRANSPORTES;recurso;SINDICATO;trabalhadores;Extinta;1981-03-21;2006-08-29
1.565.0;SINDICATO DOS TRABALHADORES DE TRANSPORTES RODOVIÁRIOS E URBANOS DE PORTUGAL;STRUP;registo;SINDICATO;trabalhadores;Activa;2006-08-29;2022-12-22
1.245.1;SINDICATO DOS TRABALHADORES DE TRANSPORTES RODOVIÁRIOS E URBANOS DE VIANA DO CASTELO;TRANSPORTES;recurso;SINDICATO;trabalhadores;Extinta;1983-10-30;2006-05-15
1.201.1;SINDICATO DOS TRABALHADORES DE TRANSPORTES RODOVIÁRIOS E URBANOS DE VISEU;TRANSPORTES;recurso;SINDICATO;trabalhadores;Extinta;1983-07-15;1983-07-15
1.201.2;SINDICATO DOS TRABALHADORES DE TRANSPORTES RODOVIÁRIOS E URBANOS DE VISEU E GUARDA;STTRUVG;registo;SINDICATO;trabalhadores;Extinta;1991-04-30;1999-12-08
1.394.0;SINDICATO DOS TRABALHADORES DE TRANSPORTES RODOVIÁRIOS E URBANOS DO CENTRO;STTRUC;registo;SINDICATO;trabalhadores;Extinta;1981-09-30;2006-08-29
1.392.1;SINDICATO DOS TRABALHADORES DE TRANSPORTES RODOVIÁRIOS E URBANOS DO NORTE;STRUN;registo;SINDICATO;trabalhadores;Activa;1984-03-30;2025-03-22
1.392.0;SINDICATO DOS TRABALHADORES DE TRANSPORTES RODOVIÁRIOS E URBANOS DO PORTO;TRANSPORTES;recurso;SINDICATO;trabalhadores;Activa;1981-08-29;1981-08-29
1.272.1;SINDICATO DOS TRABALHADORES DE VESTUÁRIO;VESTUARIO;recurso;SINDICATO;trabalhadores;Activa;1980-10-30;1980-10-30
1.272.0;SINDICATO DOS TRABALHADORES DE VESTUÁRIO, LAVANDARIAS E TINTURARIAS DO DISTRITO DE BRAGA;VESTUARIOLAVANDARIAS;recurso;SINDICATO;trabalhadores;Activa;1975-09-24;1977-11-29
1.150.0;SINDICATO DOS TRABALHADORES DO COMÉRCIO;COMERCIO;recurso;SINDICATO;trabalhadores;Extinta;1975-07-29;1975-07-29
1.208.0;SINDICATO DOS TRABALHADORES DO COMÉRCIO;COMERCIO;recurso;SINDICATO;trabalhadores;Extinta;1975-08-23;1975-08-23
1.58.0;SINDICATO DOS TRABALHADORES DO COMÉRCIO DO DISTRITO DE COIMBRA;COMERCIODISTRITO;recurso;SINDICATO;trabalhadores;Extinta;1975-08-06;1981-08-15
1.141.0;SINDICATO DOS TRABALHADORES DO COMÉRCIO DO DISTRITO DE SETÚBAL;COMERCIODISTRITO;recurso;SINDICATO;trabalhadores;Extinta;1975-08-11;1982-04-30
1.284.0;SINDICATO DOS TRABALHADORES DO COMÉRCIO E ESCRITÓRIO DO DISTRITO DE CASTELO BRANCO;COMERCIOESCRITORIO;recurso;SINDICATO;trabalhadores;Extinta;1975-10-01;1998-07-30
1.81.0;SINDICATO DOS TRABALHADORES DO COMÉRCIO E ESCRITÓRIO DO DISTRITO DE LEIRIA;COMERCIOESCRITORIO;recurso;SINDICATO;trabalhadores;Extinta;1975-07-30;1997-06-15
1.132.0;SINDICATO DOS TRABALHADORES DO COMÉRCIO E SERVIÇOS (DISTRITO DE SANTARÉM);DISTRITODESANTAREM;derivada;SINDICATO;trabalhadores;Extinta;1975-08-23;1998-07-30
1.271.0;SINDICATO DOS TRABALHADORES DO COMÉRCIO E SERVIÇOS DO DISTRITO DE BEJA;COMERCIOSERVICOS;recurso;SINDICATO;trabalhadores;Extinta;1975-09-16;1982-04-30
1.177.1;SINDICATO DOS TRABALHADORES DO COMÉRCIO E SERVIÇOS DO DISTRITO DE BRAGA;COMERCIOSERVICOS;recurso;SINDICATO;trabalhadores;Activa;1981-05-15;1981-05-15
1.123.1;SINDICATO DOS TRABALHADORES DO COMÉRCIO E SERVIÇOS DO DISTRITO DE ÉVORA;COMERCIOSERVICOS;recurso;SINDICATO;trabalhadores;Extinta;1980-05-22;1982-04-30
1.150.1;SINDICATO DOS TRABALHADORES DO COMÉRCIO E SERVIÇOS DO DISTRITO DE LISBOA;CESL;registo;SINDICATO;trabalhadores;Extinta;1980-03-08;1997-07-30
1.208.1;SINDICATO DOS TRABALHADORES DO COMÉRCIO E SERVIÇOS DO DISTRITO DO PORTO;COMERCIOSERVICOS;recurso;SINDICATO;trabalhadores;Extinta;1986-01-15;1986-01-15
1.177.0;SINDICATO DOS TRABALHADORES DO COMÉRCIO E SIMILARES DO DISTRITO DE BRAGA;COMERCIOSIMILARES;recurso;SINDICATO;trabalhadores;Activa;1975-09-16;1975-09-16
1.391.0;SINDICATO DOS TRABALHADORES DO COMÉRCIO, ESCRITÓRIO E SERVIÇOS DO DISTRITO DE COIMBRA;COMERCIOESCRITORIO;recurso;SINDICATO;trabalhadores;Extinta;1981-08-15;1998-07-30
1.81.1;SINDICATO DOS TRABALHADORES DO COMÉRCIO, ESCRITÓRIO E SERVIÇOS DO DISTRITO DE LEIRIA;COMERCIOESCRITORIO;recurso;SINDICATO;trabalhadores;Extinta;1994-05-15;1998-07-30
1.400.0;SINDICATO DOS TRABALHADORES DO COMÉRCIO, ESCRITÓRIO E SERVIÇOS DO SUL;CESSUL;registo;SINDICATO;trabalhadores;Extinta;1982-04-30;1998-07-30
1.518.0;SINDICATO DOS TRABALHADORES DO COMÉRCIO, ESCRITÓRIOS E SERVIÇOS DE PORTUGAL;CESP;registo;SINDICATO;trabalhadores;Activa;1998-03-15;2025-04-22
1.150.2;SINDICATO DOS TRABALHADORES DO COMÉRCIO, ESCRITÓRIOS E SERVIÇOS DO DISTRITO DE LISBOA;CESL;registo;SINDICATO;trabalhadores;Extinta;1984-07-15;1998-07-30
1.177.2;SINDICATO DOS TRABALHADORES DO COMÉRCIO, ESCRITÓRIOS E SERVIÇOS DO MINHO;COMERCIOESCRITORIOS;recurso;SINDICATO;trabalhadores;Activa;1997-11-15;2010-07-22
1.177.3;SINDICATO DOS TRABALHADORES DO COMÉRCIO, ESCRITÓRIOS E SERVIÇOS DO MINHO;CESMINHO;registo;SINDICATO;trabalhadores;Activa;2012-06-15;2022-12-08
1.282.2;SINDICATO DOS TRABALHADORES DO COMÉRCIO, ESCRITÓRIOS, SERVIÇOS, ALIMENTAÇÃO HOTELARIA E TURISMO (CESAHT);CESAHT;derivada;SINDICATO;trabalhadores;Extinta;2013-06-29;2014-01-29
1.282.3;SINDICATO DOS TRABALHADORES DO COMÉRCIO, ESCRITÓRIOS, SERVIÇOS, ALIMENTAÇÃO HOTELARIA E TURISMO (SINCESAHT);SINCESAHT;registo;SINDICATO;trabalhadores;Extinta;2014-06-29;2021-09-22
1.133.3;SINDICATO DOS TRABALHADORES DO COMÉRCIO, SERVIÇOS, ALIMENTAÇÃO, HOTELARIA E TURISMO;SITESC;registo;SINDICATO;trabalhadores;Extinta;2010-02-26;2010-03-22
1.612.0;SINDICATO DOS TRABALHADORES DO CONCELHO DE ALMADA;OS;registo;SINDICATO;trabalhadores;Activa;2015-03-22;2019-10-15
1.586.0;SINDICATO DOS TRABALHADORES DO ESTADO E DE ENTIDADES DO SECTOR PÚBLICO;STEESP;registo;SINDICATO;trabalhadores;Activa;2009-10-24;2025-11-08
1.582.0;SINDICATO DOS TRABALHADORES DO ESTADO PORTUGUÊS;STEP;registo;SINDICATO;trabalhadores;Activa;2009-05-15;2011-01-08
1.248.5;SINDICATO DOS TRABALHADORES DO GRUPO ALTICE EM PORTUGAL;STPT;registo;SINDICATO;trabalhadores;Activa;2018-08-22;2024-07-22
1.248.4;SINDICATO DOS TRABALHADORES DO GRUPO PORTUGAL TELECOM;STPT;registo;SINDICATO;trabalhadores;Activa;2002-05-29;2016-07-08
1.638.0;SINDICATO DOS TRABALHADORES DO METRO E FERROVIARIOS;STMEFE;registo;SINDICATO;trabalhadores;Activa;2018-08-29;2024-08-08
1.617.0;SINDICATO DOS TRABALHADORES DO METROPOLITANO DE LISBOA;STML;registo;SINDICATO;trabalhadores;Activa;2015-11-08;2016-01-08
1.617.1;SINDICATO DOS TRABALHADORES DO METROPOLITANO DE LISBOA;STMETRO;registo;SINDICATO;trabalhadores;Activa;2016-07-08;2025-03-29
1.327.1;SINDICATO DOS TRABALHADORES DO MUNICÍPIO DE LISBOA;STML;registo;SINDICATO;trabalhadores;Activa;1986-02-15;2025-07-08
1.607.0;SINDICATO DOS TRABALHADORES DO MUNICIPIO DE OEIRAS, TÉCNICOS DE SERVIÇOS E DE ENTIDADES COM FINS PÚBLCIOS E SOCIAIS;STMO;registo;SINDICATO;trabalhadores;Activa;2014-02-20;2014-05-22
1.170.2;SINDICATO DOS TRABALHADORES DO PORTO DE AVEIRO;STPA;registo;SINDICATO;trabalhadores;Activa;1995-03-30;2007-05-22
1.170.3;SINDICATO DOS TRABALHADORES DO PORTO DE AVEIRO;STPA;registo;SINDICATO;trabalhadores;Activa;2014-01-08;2014-03-29
1.170.4;SINDICATO DOS TRABALHADORES DO PORTO DE AVEIRO;STPA;registo;SINDICATO;trabalhadores;Activa;2014-07-22;2025-07-22
1.642.1;SINDICATO DOS TRABALHADORES DO SECTOR AUTOMOVEL;STASA;registo;SINDICATO;trabalhadores;Activa;2019-01-22;2022-08-15
1.642.2;SINDICATO DOS TRABALHADORES DO SECTOR AUTOMOVEL E AFINS;STASA;registo;SINDICATO;trabalhadores;Activa;2023-10-15;2023-10-15
1.209.1;SINDICATO DOS TRABALHADORES DO SECTOR FINANCEIRO DE PORTUGAL;SBN;registo;SINDICATO;trabalhadores;Activa;2020-07-22;2026-06-08
1.231.1;SINDICATO DOS TRABALHADORES DO SECTOR TÊXTIL DA BEIRA ALTA;SECTORTEXTILBEIRA;recurso;SINDICATO;trabalhadores;Activa;1989-02-15;2021-03-22
1.279.1;SINDICATO DOS TRABALHADORES DO SECTOR TÊXTIL DA BEIRA BAIXA;SECTORTEXTILBEIRA;recurso;SINDICATO;trabalhadores;Activa;1990-08-15;2021-08-22
1.403.0;SINDICATO DOS TRABALHADORES DO SECTOR TÊXTIL DE AVEIRO;SECTORTEXTILAVEIRO;recurso;SINDICATO;trabalhadores;Activa;1982-06-15;2019-03-29
1.218.6;SINDICATO DOS TRABALHADORES DO SETOR DE SERVIÇOS;SITESE;registo;SINDICATO;trabalhadores;Activa;2022-04-08;2025-06-29
1.366.1;SINDICATO DOS TRABALHADORES DO TESOURO;SITES;registo;SINDICATO;trabalhadores;Extinta;1992-07-30;2023-05-29
1.36.0;SINDICATO DOS TRABALHADORES DO TRÁFEGO PORTUÁRIO DE LISBOA E CENTRO DE PORTUGAL;TRAFEGOPORTUARIO;recurso;SINDICATO;trabalhadores;Extinta;1975-07-29;1999-02-15
1.272.4;SINDICATO DOS TRABALHADORES DO VESTUARIO, CONFEÇÃO E TÊXTIL DA REGIÃO NORTE;VESTUARIOCONFECAO;recurso;SINDICATO;trabalhadores;Activa;2012-06-08;2022-12-15
1.272.3;SINDICATO DOS TRABALHADORES DO VESTUARIO, CONFECÇAO E TÊXTIL DO NORTE;VESTUARIOCONFECCAO;recurso;SINDICATO;trabalhadores;Activa;2000-04-08;2009-07-15
1.266.0;SINDICATO DOS TRABALHADORES DO VESTUÁRIO, LAVANDARIAS E TINTURARIAS DO DISTRITO DE AVEIRO;VESTUARIOLAVANDARIAS;recurso;SINDICATO;trabalhadores;Extinta;1975-09-17;1982-06-15
1.215.0;SINDICATO DOS TRABALHADORES DO VESTUÁRIO, LAVANDARIAS E TINTURARIAS DO DISTRITO DO PORTO;SINPICVAT;registo;SINDICATO;trabalhadores;Activa;1975-10-15;2003-01-15
1.639.1;SINDICATO DOS TRABALHADORES DOS AEROPORTOS, MANUTENÇÃO E AVIAÇÃO;STAMA;registo;SINDICATO;trabalhadores;Activa;2018-09-29;2026-01-15
1.386.0;SINDICATO DOS TRABALHADORES DOS CENTROS DE TURISMO DE PORTUGAL NO ESTRANGEIRO;CENTROSTURISMO;recurso;SINDICATO;trabalhadores;Extinta;1981-07-30;2011-05-29
1.460.0;SINDICATO DOS TRABALHADORES DOS ESTABELECIMENTOS FABRIS DAS FORÇAS ARMADAS;ESTABELECIMENTOS;recurso;SINDICATO;trabalhadores;Activa;1989-08-15;1999-05-15
1.328.1;SINDICATO DOS TRABALHADORES DOS IMPOSTOS;STI;registo;SINDICATO;trabalhadores;Activa;1987-04-15;2026-06-22
1.321.0;SINDICATO DOS TRABALHADORES DOS REGISTOS E DO NOTARIADO;STRN;registo;SINDICATO;trabalhadores;Activa;1977-01-20;2024-04-23
1.199.2;SINDICATO DOS TRABALHADORES DOS SECTORES TÊXTEIS, VESTUARIO, CALÇADO E CURTUMES DO DISTRITO DO PORTO;SECTORESTEXTEIS;recurso;SINDICATO;trabalhadores;Activa;1999-07-20;2025-08-15
1.152.0;SINDICATO DOS TRABALHADORES DOS SERVIÇOS DE PORTARIA, VIGILÂNCIA, LIMPEZA E ACTIVIDADES SIMILARES;SERVICOSPORTARIA;recurso;SINDICATO;trabalhadores;Activa;1975-08-11;1975-08-11
1.307.0;SINDICATO DOS TRABALHADORES DOS SERVIÇOS MUNICIPALIZADOS (DA ZONA NORTE DO DISTRITO DE AVEIRO);SERVICOS;recurso;SINDICATO;trabalhadores;Extinta;1976-09-24;1976-09-24
1.248.2;SINDICATO DOS TRABALHADORES DOS TELEFONES DE LISBOA E PORTO;TLP;registo;SINDICATO;trabalhadores;Activa;1988-07-30;1988-07-30
1.104.3;SINDICATO DOS TRABALHADORES DOS TRANSPORTES;SITRA;registo;SINDICATO;trabalhadores;Activa;2005-04-17;2026-09-22
1.65.0;SINDICATO DOS TRABALHADORES DOS TRANSPORTES COLECTIVOS DO DISTRITO DE LISBOA;TUL;registo;SINDICATO;trabalhadores;Extinta;1975-07-29;2006-08-29
1.298.1;SINDICATO DOS TRABALHADORES DOS TRANSPORTES DA ÁREA METROPOLITANA DO PORTO;STTAMP;registo;SINDICATO;trabalhadores;Activa;2003-03-03;2017-06-15
1.298.2;SINDICATO DOS TRABALHADORES DOS TRANSPORTES DE PORTUGAL;STTAMP;registo;SINDICATO;trabalhadores;Activa;2020-08-22;2025-09-22
1.8.0;SINDICATO DOS TRABALHADORES DOS TRANSPORTES FLUVIAIS;TRANSPORTESFLUVIAIS;recurso;SINDICATO;trabalhadores;Activa;1975-07-24;1982-11-30
1.8.1;SINDICATO DOS TRABALHADORES DOS TRANSPORTES FLUVIAIS E COSTEIROS;TRANSPORTESFLUVIAIS;recurso;SINDICATO;trabalhadores;Activa;1986-01-15;1986-01-15
1.104.2;SINDICATO DOS TRABALHADORES DOS TRANSPORTES RODOVIÁRIOS E AFINS;SITRA;registo;SINDICATO;trabalhadores;Activa;1986-09-15;2001-07-08
1.87.1;SINDICATO DOS TRABALHADORES DOS TRANSPORTES RODOVIÁRIOS, GARAGENS, POSTOS DE ABASTECIMENTOS E OFÍCIOS CORRELATIVOS DO CENTRO E SUL;TRANSPORTES;recurso;SINDICATO;trabalhadores;Extinta;1977-08-15;1981-08-15
1.694.0;SINDICATO DOS TRABALHADORES DOS TRANSPORTES URBANOS DE CENTRO;STTUC;registo;SINDICATO;trabalhadores;Activa;2025-09-10;2025-10-08
1.622.0;SINDICATO DOS TRABALHADORES E TECNICOS DE SERVIÇOS DA COMUNIDADE INTERMUNICIPAL DO ALTO MINHO;STTS;registo;SINDICATO;trabalhadores;Activa;2016-08-08;2016-08-08
1.622.1;SINDICATO DOS TRABALHADORES E TECNICOS DE SERVIÇOS DO ALTO MINHO;STTS;registo;SINDICATO;trabalhadores;Activa;2016-10-28;2017-01-22
1.607.1;SINDICATO DOS TRABALHADORES E TECNICOS DE SERVIÇOS DO MUNICIPIO DE OEIRAS E DE ENTIDADES PUBLICAS E SOCIAIS DA AREA METROPLITANA DE LISBOA;STMO;registo;SINDICATO;trabalhadores;Activa;2014-07-29;2022-09-08
1.622.2;SINDICATO DOS TRABALHADORES E TECNICOS DE SERVIÇOS DO NORTE;STTS;registo;SINDICATO;trabalhadores;Activa;2017-11-29;2020-08-15
1.218.5;SINDICATO DOS TRABALHADORES E TECNICOS DE SERVIÇOS, COMERCIO, RESTAURAÇAO E TURISMO;SITESE;registo;SINDICATO;trabalhadores;Activa;2006-07-15;2021-06-22
1.145.0;SINDICATO DOS TRABALHADORES ELECTRICISTAS DO CENTRO;SIEC;registo;SINDICATO;trabalhadores;Extinta;1975-08-29;1998-08-15
1.678.0;SINDICATO DOS TRABALHADORES EM ARQUITECTURA (SINTARQ);SINTARQ;registo;SINDICATO;trabalhadores;Activa;2022-06-08;2026-03-08
1.151.0;SINDICATO DOS TRABALHADORES EM CARNES DOS DISTRITOS DE LISBOA E DE SETÚBAL;CARNESDISTRITOS;recurso;SINDICATO;trabalhadores;Activa;1975-08-11;1975-08-11
1.324.2;SINDICATO DOS TRABALHADORES EM FUNÇÕES PÚBLICAS E SOCIAIS DO CENTRO;STFPC;registo;SINDICATO;trabalhadores;Activa;2010-07-15;2022-12-29
1.313.2;SINDICATO DOS TRABALHADORES EM FUNÇÕES PÚBLICAS E SOCIAIS DO NORTE (STFPSN);STFPSN;registo;SINDICATO;trabalhadores;Activa;2011-11-15;2026-07-03
1.310.4;SINDICATO DOS TRABALHADORES EM FUNÇÕES PÚBLICAS E SOCIAIS DO SUL E REGIÕES AUTÓNOMAS;STFPSSRA;registo;SINDICATO;trabalhadores;Activa;2014-01-29;2024-07-08
1.121.0;SINDICATO DOS TRABALHADORES GRÁFICOS DO CENTRO;GRAFICOSCENTRO;recurso;SINDICATO;trabalhadores;Extinta;1975-08-19;1982-02-15
1.127.0;SINDICATO DOS TRABALHADORES GRÁFICOS DO SUL E ILHAS ADJACENTES;GRAFICOSSULILHAS;recurso;SINDICATO;trabalhadores;Extinta;1975-07-30;1980-11-30
1.136.0;SINDICATO DOS TRABALHADORES GRÁFICOS DOS DISTRITO DO PORTO, BRAGANÇA E VILA REAL;GRAFICOSDISTRITO;recurso;SINDICATO;trabalhadores;Extinta;1975-08-25;1980-12-15
1.74.0;SINDICATO DOS TRABALHADORES GRÁFICOS E AFINS DO MINHO;GRAFICOSAFINSMINHO;recurso;SINDICATO;trabalhadores;Extinta;1975-08-07;1980-12-15
1.312.0;SINDICATO DOS TRABALHADORES JUDICIAIS DO DISTRITO JUDICIAL DE ÉVORA;STJDJE;registo;SINDICATO;trabalhadores;Extinta;1976-09-29;1990-06-30
1.311.0;SINDICATO DOS TRABALHADORES JUDICIAIS DO DISTRITO JUDICIAL DE LISBOA;JUDICIAISDISTRITO;recurso;SINDICATO;trabalhadores;Extinta;1976-09-29;1990-06-30
1.319.0;SINDICATO DOS TRABALHADORES JUDICIAIS DO DISTRITO JUDICIAL DO PORTO;JUDICIAISDISTRITO;recurso;SINDICATO;trabalhadores;Extinta;1977-01-21;1990-06-30
1.212.0;SINDICATO DOS TRABALHADORES METALÚRGICOS DO ALENTEJO;METALURGICOSALENTEJO;recurso;SINDICATO;trabalhadores;Extinta;1975-09-02;1981-07-30
1.448.0;SINDICATO DOS TRABALHADORES NA AGRICULTURA DO DISTRITO DA GUARDA;AGRICULTURADISTRITO;recurso;SINDICATO;trabalhadores;Extinta;1989-02-28;2012-02-08
1.219.0;SINDICATO DOS TRABALHADORES NA HOTELARIA, RESTAURANTES E SIMILARES DO DISTRITO DE VIANA DO CASTELO;HOTELARIA;recurso;SINDICATO;trabalhadores;Extinta;1975-09-26;1981-09-30
1.21.0;SINDICATO DOS TRABALHADORES NA HOTELARIA, TURISMO, RESTAURANTES E SIMILARES DO SUL;HOTELARIATURISMO;recurso;SINDICATO;trabalhadores;Activa;1975-07-30;1975-07-30
1.34.0;SINDICATO DOS TRABALHADORES NA HOTELARIA, TURISMO,RESTAURANTES E SIMILARES DO DISTRITO DE VISEU;HOTELARIATURISMO;recurso;SINDICATO;trabalhadores;Extinta;1975-07-29;1981-07-15
1.21.1;SINDICATO DOS TRABALHADORES NA INDÚSTRIA DE HOTELARIA, TURISMO, RESTAURANTES E SIMILARES DO SUL;INDUSTRIAHOTELARIA;recurso;SINDICATO;trabalhadores;Activa;1985-05-15;2023-06-22
1.168.0;SINDICATO DOS TRABALHADORES NA INDÚSTRIA HOTELEIRA E SIMILARES DO DISTRITO DE AVEIRO;INDUSTRIAHOTELEIRA;recurso;SINDICATO;trabalhadores;Extinta;1975-08-13;1981-07-15
1.217.0;SINDICATO DOS TRABALHADORES NA INDÚSTRIA HOTELEIRA E SIMILARES DO DISTRITO DE FARO;INDUSTRIAHOTELEIRA;recurso;SINDICATO;trabalhadores;Activa;1975-10-16;1975-10-16
1.59.0;SINDICATO DOS TRABALHADORES NA INDÚSTRIA HOTELEIRA E SIMILARES DOS DISTRITO DE COIMBRA, LEIRIA, GUARDA E CASTELO BRANCO;INDUSTRIAHOTELEIRA;recurso;SINDICATO;trabalhadores;Extinta;1975-08-06;1981-07-15
1.18.0;SINDICATO DOS TRABALHADORES NAS INDÚSTRIAS DA CONSTRUÇÃO CIVIL DOS DISTRITO DE VISEU E GUARDA;INDUSTRIASCONSTRUCAO;recurso;SINDICATO;trabalhadores;Extinta;1975-07-24;1980-07-15
1.643.0;SINDICATO DOS TRABALHADORES PORTUARIOS DA FIGUEIRA DA FOZ;SINPORFOZ;registo;SINDICATO;trabalhadores;Activa;2018-12-15;2023-02-28
1.170.1;SINDICATO DOS TRABALHADORES PORTUÁRIOS DE AVEIRO;PORTUARIOSAVEIRO;recurso;SINDICATO;trabalhadores;Activa;1981-07-30;2008-03-22
1.469.0;SINDICATO DOS TRABALHADORES PORTUÁRIOS DE MAR E TERRA DE SINES;SINPORSINES;registo;SINDICATO;trabalhadores;Activa;1990-07-30;2026-05-15
1.99.1;SINDICATO DOS TRABALHADORES PORTUÁRIOS DE TRÁFEGO DO NORTE DE PORTUGAL;PORTUARIOSTRAFEGO;recurso;SINDICATO;trabalhadores;Extinta;1984-03-30;1991-12-15
1.479.0;SINDICATO DOS TRABALHADORES PORTUÁRIOS DO DOURO E LEIXÕES;PORTUARIOSDOURO;recurso;SINDICATO;trabalhadores;Extinta;1991-12-15;1994-10-15
1.45.1;SINDICATO DOS TRABALHADORES PORTUÁRIOS DOS PORTOS DE SETÚBAL E SESIMBRA;PORTUARIOSPORTOS;recurso;SINDICATO;trabalhadores;Extinta;1998-12-30;2007-04-08
1.96.1;SINDICATO DOS TRABALHADORES RODOVIÁRIOS DO DISTRITO DE CASTELO BRANCO;STRDCB;registo;SINDICATO;trabalhadores;Extinta;1981-03-21;1982-01-30
1.681.0;SINDICATO DOS TRABALHADORES RODOVIÁRIOS DO NORTE;STRN;registo;SINDICATO;trabalhadores;Activa;2023-01-10;2023-01-29
1.343.0;SINDICATO DOS TRABALHADORES RURAIS E SIMILARES DO OESTE;RURAISSIMILARESOESTE;recurso;SINDICATO;trabalhadores;Extinta;1978-06-15;1978-06-15
1.118.0;SINDICATO DOS TRABALHADORES SOCIAIS;SOCIAIS;recurso;SINDICATO;trabalhadores;Extinta;1975-08-14;1975-08-14
1.84.0;SINDICATO DOS TRABALHADORES TÉCNICOS DE VENDAS;TECNICOSVENDAS;recurso;SINDICATO;trabalhadores;Extinta;1975-07-25;1979-06-22
1.508.0;SINDICATO DOS TRABALHADORES TÊXTEIS DO DISTRITO DE SANTARÉM;TEXTEISDISTRITO;recurso;SINDICATO;trabalhadores;Extinta;1975-09-29;1976-06-29
1.507.0;SINDICATO DOS TRABALHADORES TÊXTEIS DO DISTRITO DE SETÚBAL;TEXTEISDISTRITO;recurso;SINDICATO;trabalhadores;Extinta;1975-08-05;1976-06-29
1.199.0;SINDICATO DOS TRABALHADORES TÊXTEIS DO DISTRITO DO PORTO;TEXTEISDISTRITOPORTO;recurso;SINDICATO;trabalhadores;Activa;1975-09-02;1975-09-02
1.199.1;SINDICATO DOS TRABALHADORES TÊXTEIS DOS DISTRITOS DO PORTO E AVEIRO;TEXTEISDISTRITOS;recurso;SINDICATO;trabalhadores;Activa;1977-10-08;1980-12-15
1.336.0;SINDICATO DOS TRABALHADORES TÊXTEIS, LANIFÍCIOS E VESTUÁRIO DO CENTRO;TEXTEISLANIFICIOS;recurso;SINDICATO;trabalhadores;Activa;1979-10-08;2012-03-15
1.242.0;SINDICATO DOS TRABALHADORES TEXTEIS, LANIFÍCIOS E VESTUÁRIO DO SUL;TEXTEISLANIFICIOS;recurso;SINDICATO;trabalhadores;Activa;1975-09-03;2002-05-08
1.242.1;SINDICATO DOS TRABALHADORES TEXTEIS, LANIFICIOS, VESTUÁRIO, CALÇADO E CURTUMES DO SUL;TEXTEISLANIFICIOS;recurso;SINDICATO;trabalhadores;Activa;2005-04-09;2023-01-08
1.336.1;SINDICATO DOS TRABALHADORES TÊXTEIS, LANIFÍCIOS, VESTUÁRIO, CALÇADO, ESTOFOS, CORDOARIA, LAVANDARIAS E AFINS DO CENTRO;TEXTEISLANIFICIOS;recurso;SINDICATO;trabalhadores;Activa;2013-05-22;2023-05-15
1.164.1;SINDICATO DOS TRABALHADORS PORTUÁRIOS DO ALGARVE;TRABALHADORS;recurso;SINDICATO;trabalhadores;Extinta;1990-04-16;2013-03-15
1.537.0;SINDICATO DOS TRABLHADORES DAS EMPRESAS DO GRUPO CAIXA GERAL DE DEPÓSITOS;STEC;registo;SINDICATO;trabalhadores;Activa;2001-12-15;2017-05-29
1.317.0;SINDICATO DOS TRABRABALHADORES AGRÍCOLAS E RESINEIROS DO DISTRITO DE COIMBRA;TRABRABALHADORES;recurso;SINDICATO;trabalhadores;Extinta;1976-12-13;2012-01-22
1.676.0;SINDICATO DOS TRANSPORTES;ST;registo;SINDICATO;trabalhadores;Activa;2022-02-28;2024-09-08
1.569.0;SINDICATO DOS TRANSPORTES FERROVIÁRIOS;STF;registo;SINDICATO;trabalhadores;Activa;2006-06-14;2026-06-08
1.8.2;SINDICATO DOS TRANSPORTES FLUVIAIS, COSTEIROS, E DA MARINHA MERCANTE;TRANSPORTESFLUVIAIS;recurso;SINDICATO;trabalhadores;Activa;1989-07-30;2024-04-08
1.196.0;SINDICATO DOS TRANSPORTES RODOVIÁRIOS DO DISTRITO DA GUARDA;TRANSPORTES;recurso;SINDICATO;trabalhadores;Extinta;1975-08-30;1991-04-30
1.113.0;SINDICATO DOS TRANSPORTES RODOVIÁRIOS DO DISTRITO DE AVEIRO;TRANSPORTES;recurso;SINDICATO;trabalhadores;Extinta;1975-08-09;1975-08-09
1.10.0;SINDICATO DOS TRANSPORTES RODOVIÁRIOS DO DISTRITO DE BEJA;STRDB;registo;SINDICATO;trabalhadores;Extinta;1975-07-23;1981-03-28
1.77.0;SINDICATO DOS TRANSPORTES RODOVIÁRIOS DO DISTRITO DE BRAGA;TRANSPORTES;recurso;SINDICATO;trabalhadores;Extinta;1975-08-09;2007-01-29
1.261.0;SINDICATO DOS TRANSPORTES RODOVIÁRIOS DO DISTRITO DE BRAGANÇA;TRANSPORTES;recurso;SINDICATO;trabalhadores;Extinta;1975-08-11;1984-03-30
1.96.0;SINDICATO DOS TRANSPORTES RODOVIÁRIOS DO DISTRITO DE CASTELO BRANCO;TRANSPORTES;recurso;SINDICATO;trabalhadores;Extinta;1975-07-30;1975-07-30
1.98.0;SINDICATO DOS TRANSPORTES RODOVIÁRIOS DO DISTRITO DE COIMBRA;STRDC;registo;SINDICATO;trabalhadores;Extinta;1975-08-30;1997-06-15
1.153.0;SINDICATO DOS TRANSPORTES RODOVIÁRIOS DO DISTRITO DE ÉVORA;STRDE;registo;SINDICATO;trabalhadores;Extinta;1975-08-11;1981-03-21
1.56.0;SINDICATO DOS TRANSPORTES RODOVIÁRIOS DO DISTRITO DE FARO;TRANSPORTES;recurso;SINDICATO;trabalhadores;Extinta;1975-07-31;2006-08-29
1.104.0;SINDICATO DOS TRANSPORTES RODOVIÁRIOS DO DISTRITO DE LEIRIA;TRANSPORTES;recurso;SINDICATO;trabalhadores;Activa;1975-08-11;1975-08-11
1.137.0;SINDICATO DOS TRANSPORTES RODOVIÁRIOS DO DISTRITO DE LISBOA;TRANSPORTES;recurso;SINDICATO;trabalhadores;Extinta;1975-09-16;1981-09-30
1.82.0;SINDICATO DOS TRANSPORTES RODOVIÁRIOS DO DISTRITO DE PORTALEGRE;STRDP;registo;SINDICATO;trabalhadores;Extinta;1975-07-30;1982-01-30
1.135.0;SINDICATO DOS TRANSPORTES RODOVIÁRIOS DO DISTRITO DE SANTARÉM;TRANSPORTES;recurso;SINDICATO;trabalhadores;Extinta;1975-08-23;1981-09-30
1.16.0;SINDICATO DOS TRANSPORTES RODOVIÁRIOS DO DISTRITO DE SETÚBAL;STDS;registo;SINDICATO;trabalhadores;Extinta;1975-10-16;1981-03-28
1.245.0;SINDICATO DOS TRANSPORTES RODOVIÁRIOS DO DISTRITO DE VIANA DO CASTELO;TRANSPORTES;recurso;SINDICATO;trabalhadores;Extinta;1975-08-13;1997-08-30
1.276.0;SINDICATO DOS TRANSPORTES RODOVIÁRIOS DO DISTRITO DE VILA REAL;TRANSPORTES;recurso;SINDICATO;trabalhadores;Extinta;1975-10-01;2006-08-29
1.201.0;SINDICATO DOS TRANSPORTES RODOVIÁRIOS DO DISTRITO DE VISEU;TRANSPORTES;recurso;SINDICATO;trabalhadores;Extinta;1975-09-02;1975-09-02
1.111.1;SINDICATO DOS TRANSPORTES RODOVIÁRIOS DO DISTRITO DO PORTO;TRANSPORTES;recurso;SINDICATO;trabalhadores;Extinta;1979-02-08;1981-08-29
1.104.1;SINDICATO DOS TRANSPORTES RODOVIÁRIOS E AFINS;SITRA;registo;SINDICATO;trabalhadores;Activa;1980-12-30;1980-12-30
1.154.0;SINDICATO DOS TREINADORES DE FUTEBOL;TREINADORESFUTEBOL;recurso;SINDICATO;trabalhadores;Extinta;1975-08-11;1986-03-15
1.255.0;SINDICATO DOS VIDREIROS E OFÍCIOS CORRELATIVOS DO DISTRITO DE AVEIRO;VIDREIROSOFICIOS;recurso;SINDICATO;trabalhadores;Extinta;1976-01-12;1976-01-12
1.640.1;SINDICATO ESPECIAL DE POLICIA;SINEPOL;registo;SINDICATO;trabalhadores;Activa;2019-05-22;2019-05-22
1.506.1;SINDICATO FERROVIÁRIO DA REVISÃO E COMERCIAL ITINERANTE;SFRCI;registo;SINDICATO;trabalhadores;Activa;2001-09-22;2024-06-22
1.524.0;SINDICATO INDEPENDENTE DA BANCA;INDEPENDENTEBANCA;recurso;SINDICATO;trabalhadores;Activa;1999-09-22;2022-12-22
1.541.0;SINDICATO INDEPENDENTE DA CARREIRA DE CHEFE DE POLICIA DA POLÍCIA DE SEGURANÇA PÚBLICA;SICCP;registo;SINDICATO;trabalhadores;Activa;2002-08-31;2002-09-22
1.668.0;SINDICATO INDEPENDENTE DE MOTORISTAS DE MATERIAS PERIGOSAS;SIMMPER;registo;SINDICATO;trabalhadores;Activa;2021-05-12;2022-10-22
1.628.0;SINDICATO INDEPENDENTE DE PILOTOS DE LINHA AEREA;INDEPENDENTEPILOTOS;recurso;SINDICATO;trabalhadores;Activa;2017-06-07;2017-10-15
1.628.1;SINDICATO INDEPENDENTE DE PILOTOS DE LINHAS AEREAS;INDEPENDENTEPILOTOS;recurso;SINDICATO;trabalhadores;Activa;2018-05-15;2026-08-15
1.551.0;SINDICATO INDEPENDENTE DE PROFESSORES E EDUCADORES (SIPE);SIPE;registo;SINDICATO;trabalhadores;Activa;2003-07-19;2024-03-29
1.659.0;SINDICATO INDEPENDENTE DE TODOS OS ENFERMEIROS UNIDOS;SITEU;registo;SINDICATO;trabalhadores;Activa;2020-01-29;2020-02-22
1.659.1;SINDICATO INDEPENDENTE DE TODOS OS ENFERMEIROS UNIDOS DO CONTINENTE E ILHAS;SITEU;registo;SINDICATO;trabalhadores;Activa;2020-07-22;2026-06-15
1.558.0;SINDICATO INDEPENDENTE DO COMÉRCIO E SERVIÇOS;SICOS;registo;SINDICATO;trabalhadores;Activa;2005-03-29;2022-12-22
1.580.0;SINDICATO INDEPENDENTE DO CORPO DA GUARDA PRISIONAL;SICGP;registo;SINDICATO;trabalhadores;Activa;2008-11-08;2019-05-22
1.495.0;SINDICATO INDEPENDENTE DO SECTOR ENERGÉTICO;SISE;registo;SINDICATO;trabalhadores;Activa;1995-06-15;2015-02-28
1.528.5;SINDICATO INDEPENDENTE DO SERVIÇO COMERCIAL;ASSIFECO;registo;SINDICATO;trabalhadores;Activa;;
1.598.0;SINDICATO INDEPENDENTE DOS AGENTES DAS EMPRESAS MUNICIPAIS, DOS TRABALHADORES DO ESTACIONAMENTO URBANO, DO ATENDIMENTO E DOS SERVIÇOS;SINA;registo;SINDICATO;trabalhadores;Activa;2012-06-21;2012-08-22
1.598.1;SINDICATO INDEPENDENTE DOS AGENTES DAS EMPRESAS MUNICIPAIS, DOS TRABALHADORES DO ESTACIONAMENTO URBANO, DO ATENDIMENTO E DOS SERVIÇOS;SINA;registo;SINDICATO;trabalhadores;Activa;2013-02-15;2013-02-15
1.542.0;SINDICATO INDEPENDENTE DOS AGENTES DE POLICIA;SIAP;registo;SINDICATO;trabalhadores;Activa;2002-08-30;2024-05-15
1.533.0;SINDICATO INDEPENDENTE DOS CORREIOS DE PORTUGAL;SINCOR;registo;SINDICATO;trabalhadores;Activa;2000-12-08;2024-10-29
1.662.0;SINDICATO INDEPENDENTE DOS CORREIOS TELECOMUNICAÇOES, TRANSPORTES E EXPRESSO DE PORTUGAL;SICTTEXPT;registo;SINDICATO;trabalhadores;Activa;2019-12-01;2025-01-22
1.452.0;SINDICATO INDEPENDENTE DOS ENFERMEIROS (REGIÃO SUL);SIENF;registo;SINDICATO;trabalhadores;Extinta;1989-04-15;2011-08-08
1.474.0;SINDICATO INDEPENDENTE DOS FERROVIÁRIOS E AFINS;SIFA;registo;SINDICATO;trabalhadores;Activa;1991-04-30;2020-07-29
1.535.0;SINDICATO INDEPENDENTE DOS FERROVIÁRIOS OPERACIONAIS DA CIRCULAÇÃO, TRANSPORTES E AFINS;SIFOCTA;registo;SINDICATO;trabalhadores;Extinta;2001-03-03;2002-07-15
1.365.0;SINDICATO INDEPENDENTE DOS MÉDICOS;SIM;registo;SINDICATO;trabalhadores;Activa;1979-08-29;2024-04-15
1.616.0;SINDICATO INDEPENDENTE DOS MOTORISTAS DE MERCADORIAS;SIMM;registo;SINDICATO;trabalhadores;Activa;2015-08-01;2025-01-22
1.544.0;SINDICATO INDEPENDENTE DOS OPERACIONAIS FERROVIÁRIOS E AFINS;SIOFA;registo;SINDICATO;trabalhadores;Activa;2002-10-07;2024-05-15
1.233.3;SINDICATO INDEPENDENTE DOS PROFISSIONAIS DE ENFERMAGEM;SIPENF;registo;SINDICATO;trabalhadores;Activa;2019-07-29;2026-02-08
1.632.0;SINDICATO INDEPENDENTE DOS TECNICOS AUXILIARES DE SAUDE;SITAS;registo;SINDICATO;trabalhadores;Activa;2017-12-15;2023-01-22
1.692.0;SINDICATO INDEPENDENTE DOS TÉCNICOS SUPERIORES DE SAÚDE;INDEPENDENTETECNICOS;recurso;SINDICATO;trabalhadores;Activa;2025-05-17;2025-07-08
1.559.0;SINDICATO INDEPENDENTE DOS TRABALHADORES DA ADMINISTRAÇÃO PÚBLICA;SITAP;registo;SINDICATO;trabalhadores;Activa;2005-04-08;2011-02-22
1.683.1;SINDICATO INDEPENDENTE DOS TRABALHADORES DA FLORESTA, AMBIENTE E PROTEÇÃO CIVIL;SINFAP;registo;SINDICATO;trabalhadores;Activa;2026-09-15;2026-09-15
1.516.1;SINDICATO INDEPENDENTE DOS TRABALHADORES DA INDÚSTRIA E COMUNICAÇÕES;SITIC;registo;SINDICATO;trabalhadores;Activa;1999-08-26;2007-06-22
1.516.0;SINDICATO INDEPENDENTE DOS TRABALHADORES DA INDÚSTRIA E CONSTRUÇÃO;SITIC;registo;SINDICATO;trabalhadores;Activa;1998-03-14;2001-03-29
1.516.2;SINDICATO INDEPENDENTE DOS TRABALHADORES DA INFORMAÇÃO E COMUNICAÇÕES;SITIC;registo;SINDICATO;trabalhadores;Activa;2007-09-08;2026-01-08
1.655.0;SINDICATO INDEPENDENTE DOS TRABALHADORES DA RODOVIARIA DE LISBOA;SITRL;registo;SINDICATO;trabalhadores;Extinta;2019-08-08;2023-01-15
1.683.0;SINDICATO INDEPENDENTE DOS TRABALHADORES DAS FLORESTAS, AMBIENTE E PROTEÇÃO CIVIL;SINFAP;registo;SINDICATO;trabalhadores;Activa;2023-03-10;2023-05-22
1.108.3;SINDICATO INDEPENDENTE DOS TRABALHADORES DE ESCRITÓRIO, COMÉRCIO, INFORMÁTICA E SERVIÇOS DA REGIÃO SUL;SITECIS;registo;SINDICATO;trabalhadores;Extinta;2010-06-12;2021-10-29
1.691.0;SINDICATO INDEPENDENTE DOS TRABALHADORES DO COMÉRCIO, ESCRITÓRIOS, SERVIÇOS E OUTROS;SITCES;registo;SINDICATO;trabalhadores;Activa;2025-04-02;2025-05-08
1.519.0;SINDICATO INDEPENDENTE DOS TRABALHADORES DO SECTOR EMPRESARIAL DA CERÂMICA, DOS CIMENTOS, DO VIDRO E ACTIVIDADES CONEXAS DOS DISTRITOS DE BRAGA, PORTO E VIANA DO CASTELO;INDEPENDENTESECTOR;recurso;SINDICATO;trabalhadores;Activa;1998-08-15;2024-11-08
1.646.0;SINDICATO INDEPENDENTE DOS TRABALHADORES DOS ORGANISMOS PUBLICOS E APOIO SOCIAL(SITOPAS);SITOPAS;registo;SINDICATO;trabalhadores;Activa;2019-03-22;2023-10-08
1.367.3;SINDICATO INDEPENDENTE DOS TRABALHADORES FERROVIÁRIOS, DAS INFRAESTRUTURAS E AFINS;SINFA;registo;SINDICATO;trabalhadores;Activa;2019-05-25;2024-11-08
1.695.0;SINDICATO INDEPENDENTE DOS TRIPULANTES DA AVIAÇÃO CILVIL;SITAC;registo;SINDICATO;trabalhadores;Activa;2026-06-22;2026-06-22
1.695.1;SINDICATO INDEPENDENTE DOS TRIPULANTES DA AVIAÇÃO CILVIL;SITACPT;registo;SINDICATO;trabalhadores;Activa;2026-07-04;2026-08-08
1.663.0;SINDICATO INDEPENDENTE E SOLIDARIO DOS TRABALHADORES DO ESTADO E REGIMES PUBLICOS ( SISTERP);SISTERP;registo;SINDICATO;trabalhadores;Activa;2020-12-08;2026-09-15
1.620.0;SINDICATO INDEPENDENTE LIVRE DA POLICIA;SILP;registo;SINDICATO;trabalhadores;Activa;2016-03-08;2026-01-29
1.478.2;SINDICATO INDEPENDENTE NACIONAL DOS FERROVIÁRIOS;SINFB;registo;SINDICATO;trabalhadores;Activa;2010-06-05;2022-12-22
1.233.2;SINDICATO INDEPENDENTE PROFISSIONAIS DE ENFERMAGEM;INDEPENDENTE;recurso;SINDICATO;trabalhadores;Activa;2007-09-08;2019-01-25
1.300.0;SINDICATO LIVRE DE EMPREGADAS DOMÉSTICAS;LIVREEMPREGADAS;recurso;SINDICATO;trabalhadores;Extinta;1976-02-21;1979-06-08
1.300.1;SINDICATO LIVRE DE EMPREGADAS DOMÉSTICAS E AFINS;LIVREEMPREGADAS;recurso;SINDICATO;trabalhadores;Extinta;1983-09-15;1983-09-15
1.131.0;SINDICATO LIVRE DO NORTE DOS TRABALHADORES DE ARMAZÉM;LIVRENORTEARMAZEM;recurso;SINDICATO;trabalhadores;Activa;1975-08-23;1975-08-23
1.130.0;SINDICATO LIVRE DOS EMPREGADOS DE ESCRITÓRIO E CAIXEIROS DO DISTRITO DE FARO;LIVREEMPREGADOS;recurso;SINDICATO;trabalhadores;Extinta;1975-08-23;1982-04-30
1.73.0;SINDICATO LIVRE DOS LINGADORES, APARTADORES, BARQUEIROS, FRAGATEIROS E CORRELATIVOS DO DISTRITO DO PORTO;LIVRELINGADORES;recurso;SINDICATO;trabalhadores;Extinta;1975-08-06;1975-08-06
1.182.0;SINDICATO LIVRE DOS MAQUINISTAS, MOTORISTAS E AJUDANTES MARÍTIMOS E FLUVIAIS DO NORTE;LIVREMAQUINISTAS;recurso;SINDICATO;trabalhadores;Extinta;1975-08-30;1982-08-30
1.202.0;SINDICATO LIVRE DOS MINEIROS E DEMAIS SIMILARES DAS INDÚSTRIAS EXTRACTIVAS DO NORTE DE PORTUGAL;LIVREMINEIROSDEMAIS;recurso;SINDICATO;trabalhadores;Extinta;1975-09-15;1975-09-15
1.188.0;SINDICATO LIVRE DOS OPERÁRIOS FABRICANTES DE GUARDA-SOIS E OFÍCIOS CORRELATIVOS DO DISTRITO DO PORTO;LIVREOPERARIOS;recurso;SINDICATO;trabalhadores;Extinta;1975-09-29;2011-10-15
1.252.0;SINDICATO LIVRE DOS PESCADORES;LIVREPESCADORES;recurso;SINDICATO;trabalhadores;Extinta;1975-09-08;1975-09-08
1.259.0;SINDICATO LIVRE DOS PESCADORES (SECÇÃO DE VIANA DO CASTELO);LIVREPESCADORES;recurso;SINDICATO;trabalhadores;Extinta;1976-02-20;1984-11-30
1.285.0;SINDICATO LIVRE DOS PESCADORES - SECÇÃO DE VILA PRAIA DE ÂNCORA;LIVREPESCADORES;recurso;SINDICATO;trabalhadores;Extinta;1976-02-19;1984-11-30
1.258.0;SINDICATO LIVRE DOS PESCADORES - SECÇÃO REGIONAL DE VILA DO CONDE;LIVREPESCADORES;recurso;SINDICATO;trabalhadores;Extinta;1976-02-20;1976-02-20
1.257.1;SINDICATO LIVRE DOS PESCADORES DO DISTRITO DO PORTO;LIVREPESCADORES;recurso;SINDICATO;trabalhadores;Extinta;1976-10-07;1995-03-15
1.257.0;SINDICATO LIVRE DOS PESCADORES DO DISTRITO DO PORTO - SECÇÃO DO PORTO;SECCAODOPORTO;derivada;SINDICATO;trabalhadores;Extinta;1976-02-20;1976-02-20
1.252.1;SINDICATO LIVRE DOS PESCADORES E PROFISSÕES AFINS;LIVREPESCADORES;recurso;SINDICATO;trabalhadores;Extinta;1984-11-30;2025-03-22
1.425.0;SINDICATO LIVRE DOS PROFISSIONAIS DE ODONTOLOGIA;SLIPO;registo;SINDICATO;trabalhadores;Extinta;1985-11-30;2012-01-08
1.235.0;SINDICATO LIVRE DOS PROFISSIONAIS RODOVIÁRIOS E EMPREGADOS DE GARAGENS DO DISTRITO DO PORTO;LIVRERODOVIARIOS;recurso;SINDICATO;trabalhadores;Extinta;1975-09-26;1981-08-29
1.184.0;SINDICATO LIVRE DOS TRABALHADORES DA INDÚSTRIA DE LANIFÍCIOS DOS DISTRITO DE LEIRIA E COIMBRA;LIVREINDUSTRIA;recurso;SINDICATO;trabalhadores;Extinta;1975-09-02;1980-01-08
1.267.0;SINDICATO LIVRE DOS TRABALHADORES DAS INDÚSTRIAS DE CERÂMICA, CIMENTOS E SIMILARES DO DISTRITO DE VIANA DO CASTELO;LIVREINDUSTRIAS;recurso;SINDICATO;trabalhadores;Extinta;1975-09-02;2013-01-15
1.287.0;SINDICATO LIVRE DOS TRABALHADORES DAS INDÚSTRIAS DE CONSTRUÇÃO CIVIL, PEDREIRAS, SERRAÇÃO DE MADEIRAS E CARPINTARIA MECÂNICA DO ALENTEJO;LIVREINDUSTRIAS;recurso;SINDICATO;trabalhadores;Extinta;1975-10-28;1975-10-28
1.112.0;SINDICATO LIVRE DOS TRABALHADORES DE PANIFICAÇÃO, MOAGENS, MASSAS E SIMILARES DO DISTRITO DO PORTO;LIVREPANIFICACAO;recurso;SINDICATO;trabalhadores;Extinta;1975-08-09;1975-08-09
1.300.2;SINDICATO LIVRE DOS TRABALHADORES DE SERVIÇOS DE LIMPEZA, PORTARIA, VIGILÂNCIA, MANUTENÇÃO, BENEFICÊNCIA, DOMÉSTICOS E AFINS;SLEDA;registo;SINDICATO;trabalhadores;Extinta;1989-12-30;2011-06-29
1.66.0;SINDICATO LIVRE DOS TRABALHADORES RODOVIÁRIOS E DE GARAGENS DO DISTRITO DE BRAGA;LIVRERODOVIARIOS;recurso;SINDICATO;trabalhadores;Extinta;1975-08-04;1983-07-15
1.554.0;SINDICATO MODERNO DOS PROFESSORES;SMPNOVUM;registo;SINDICATO;trabalhadores;Extinta;2004-02-29;2005-05-08
1.2.2;SINDICATO NACIONAL DA ACTIVIDADE TURÍSTICA, TRADUTORES E INTERPRETES;SNATTI;registo;SINDICATO;trabalhadores;Activa;1990-07-30;2025-01-08
1.450.0;SINDICATO NACIONAL DA ADMINISTRAÇÃO PÚBLICA, CENTRAL, REGIONAL E LOCAL;SINACEL;registo;SINDICATO;trabalhadores;Extinta;1989-03-15;2015-02-28
1.480.1;SINDICATO NACIONAL DA AGÊNCIA PARA A INTEGRAÇÃO, MIGRAÇÃO E ASILO (SINAIMA);SINAIMA;derivada;SINDICATO;trabalhadores;Activa;2025-04-15;2025-04-15
1.552.0;SINDICATO NACIONAL DA CARREIRA DE CHEFES DA POLÍCIA DE SEGURANÇA PÚBLICA;SNCCPSP;registo;SINDICATO;trabalhadores;Activa;2003-05-10;2024-09-29
1.264.4;SINDICATO NACIONAL DA CONSTRUÇÃO CIVIL, CERÂMICA, MADEIRAS, OBRAS PÚBLICAS E AFINS;SINDECO;registo;SINDICATO;trabalhadores;Extinta;1998-12-05;2004-04-15
1.264.5;SINDICATO NACIONAL DA CONSTRUÇÃO CIVIL, CERÂMICA, MADEIRAS, OBRAS PÚBLICAS E AFINS;SINDECO;registo;SINDICATO;trabalhadores;Extinta;2014-02-08;2014-02-08
1.520.0;SINDICATO NACIONAL DA EDUCAÇÃO INFANTIL E ENSINO PRÉ-ESCOLAR;SNEIP;registo;SINDICATO;trabalhadores;Extinta;1998-01-10;2012-03-29
1.361.1;SINDICATO NACIONAL DA ENERGIA;SINDEL;registo;SINDICATO;trabalhadores;Activa;1986-02-28;1998-08-15
1.361.2;SINDICATO NACIONAL DA INDÚSTRIA E DA ENERGIA;SINDEL;registo;SINDICATO;trabalhadores;Activa;2001-04-22;2022-05-22
1.687.0;SINDICATO NACIONAL DA INSPEÇÃO DA SEGURANÇA SOCIAL;SNISS;registo;SINDICATO;trabalhadores;Activa;2024-09-08;2026-03-08
1.555.0;SINDICATO NACIONAL DA POLÍCIA;SINAPOL;registo;SINDICATO;trabalhadores;Activa;2004-03-22;2023-05-29
1.658.0;SINDICATO NACIONAL DA PROTEÇAO CIVIL;SNPC;registo;SINDICATO;trabalhadores;Activa;2020-03-22;2026-08-08
1.564.0;SINDICATO NACIONAL DAS POLÍCIAS MUNICIPAIS (SNPM);SNPM;derivada;SINDICATO;trabalhadores;Activa;2006-01-22;2025-04-15
1.623.0;SINDICATO NACIONAL DAS TERAPEUTICAS NAO CONVENCIONAIS E INTEGRATIVAS;SINDNAT;registo;SINDICATO;trabalhadores;Extinta;2016-10-29;2018-05-29
1.2.1;SINDICATO NACIONAL DE ACTIVIDADE TURÍSTICA;ACTIVIDADETURISTICA;recurso;SINDICATO;trabalhadores;Activa;1980-10-30;1985-07-30
1.486.0;SINDICATO NACIONAL DE BOMBEIROS PROFISSIONAIS;SNBP;registo;SINDICATO;trabalhadores;Activa;1993-01-30;2023-07-02
1.497.0;SINDICATO NACIONAL DE CARTEIROS, LIVRE, DEMOCRÁTICO E INDEPENDENTE;SNC;registo;SINDICATO;trabalhadores;Extinta;1995-12-15;1996-10-15
1.447.0;SINDICATO NACIONAL DE ESTÉTICA PROFISSIONAL;SNEP;registo;SINDICATO;trabalhadores;Extinta;1989-01-30;2013-02-08
1.367.2;SINDICATO NACIONAL DE FERROVIÁRIOS E AFINS;SINFA;registo;SINDICATO;trabalhadores;Activa;1991-03-15;2015-05-29
1.668.1;SINDICATO NACIONAL DE MOTORISTAS DE MATERIAS PERIGOSAS E MERCADORIAS;SIMMPER;registo;SINDICATO;trabalhadores;Activa;2024-03-08;2024-03-08
1.545.0;SINDICATO NACIONAL DE OFICIAIS DE POLICIA;SNOP;registo;SINDICATO;trabalhadores;Activa;2003-02-15;2026-04-08
1.640.0;SINDICATO NACIONAL DE POLICIA;SNPSINAPOL;registo;SINDICATO;trabalhadores;Activa;2018-04-27;2018-11-08
1.412.1;SINDICATO NACIONAL DE QUADROS DA METALURGIA;MENSIQ;registo;SINDICATO;trabalhadores;Extinta;1983-10-30;1983-10-30
1.433.1;SINDICATO NACIONAL DE QUADROS DAS TELECOMUNICAÇÕES;TENSIQ;registo;SINDICATO;trabalhadores;Activa;1987-01-30;2025-11-22
1.412.2;SINDICATO NACIONAL DE QUADROS E TÉCNICOS DA INDÚSTRIA;MENSIQ;registo;SINDICATO;trabalhadores;Extinta;1990-09-30;1990-09-30
1.412.3;SINDICATO NACIONAL DE QUADROS E TÉCNICOS DA INDÚSTRIA E SERVIÇOS;MENSIQ;registo;SINDICATO;trabalhadores;Extinta;1997-04-19;2017-11-08
1.338.2;SINDICATO NACIONAL DE QUADROS LICENCIADOS;SNAQ;registo;SINDICATO;trabalhadores;Activa;1993-05-30;1997-08-15
1.338.3;SINDICATO NACIONAL DE QUADROS TECNICOS;SNAQ;registo;SINDICATO;trabalhadores;Activa;1999-10-08;2026-03-08
1.338.1;SINDICATO NACIONAL DE QUADROS TÉCNICOS DE EMPRESA;SNAQ;registo;SINDICATO;trabalhadores;Activa;1979-03-15;1986-05-15
1.264.2;SINDICATO NACIONAL DEMOCRÁTICO DA CONSTRUÇÃO CIVIL, MADEIRAS E OBRAS PÚBLICAS;SINDECO;registo;SINDICATO;trabalhadores;Extinta;1983-12-30;1987-05-30
1.264.3;SINDICATO NACIONAL DEMOCRÁTICO DA CONSTRUÇÃO CIVIL, MADEIRAS OBRAS PÚBLICAS E AFINS;SINDECO;registo;SINDICATO;trabalhadores;Extinta;1991-06-30;1992-03-30
1.436.1;SINDICATO NACIONAL DEMOCRATICO DA FERROVIA;SINDEFER;registo;SINDICATO;trabalhadores;Activa;1996-03-30;2026-05-15
1.436.0;SINDICATO NACIONAL DEMOCRÁTICO DOS FERROVIÁRIOS;SINDEFER;registo;SINDICATO;trabalhadores;Activa;1986-09-15;1996-03-30
1.409.0;SINDICATO NACIONAL DO CORPO DA GUARDA PRISIONAL;SNCGP;registo;SINDICATO;trabalhadores;Activa;1982-08-14;2025-06-08
1.463.0;SINDICATO NACIONAL DO ENSINO SUPERIOR (ASSOCIAÇÃO SINDICAL DE DOCENTES E INVESTIGADORES);SNESUP;registo;SINDICATO;trabalhadores;Activa;1989-12-30;2025-06-15
1.3.0;SINDICATO NACIONAL DO PESSOAL DA INDÚSTRIA DE DOÇARIA DO DISTRITO DE LISBOA;PESSOALINDUSTRIA;recurso;SINDICATO;trabalhadores;Extinta;1975-07-24;1979-06-15
1.543.0;SINDICATO NACIONAL DO PESSOAL DA SAÚDE;SNPS;registo;SINDICATO;trabalhadores;Extinta;2002-08-26;2012-11-22
1.117.0;SINDICATO NACIONAL DO PESSOAL DE VÔO DA AVIAÇÃO CIVIL;SNPVAC;registo;SINDICATO;trabalhadores;Activa;1975-08-13;2025-03-25
1.260.0;SINDICATO NACIONAL DOS AGENTES TÉCNICOS AGRÍCOLAS;AGENTESTECNICOS;recurso;SINDICATO;trabalhadores;Extinta;1976-02-20;1977-04-06
1.601.0;SINDICATO NACIONAL DOS ASSISTENTES SOCIAIS;SNAS;registo;SINDICATO;trabalhadores;Activa;2013-05-15;2018-11-08
1.657.0;SINDICATO NACIONAL DOS BOMBEIROS SAPADORES;SNBS;registo;SINDICATO;trabalhadores;Activa;2019-09-19;2023-11-15
1.99.0;SINDICATO NACIONAL DOS CARREGADORES E DESCARREGADORES DE TERRA E MAR DO DISTRITO DO PORTO;CARREGADORES;recurso;SINDICATO;trabalhadores;Extinta;1975-07-26;1975-07-26
1.241.0;SINDICATO NACIONAL DOS COBRADORES E PROFISSÕES SIMILARES;COBRADORESPROFISSOES;recurso;SINDICATO;trabalhadores;Extinta;1975-08-25;1980-08-15
1.381.0;SINDICATO NACIONAL DOS DELEGADOS E SUBDELEGADOS ESCOLARES;SINDLEP;registo;SINDICATO;trabalhadores;Extinta;1981-03-21;2024-12-22
1.675.0;SINDICATO NACIONAL DOS ENFERMEIROS;SNE;registo;SINDICATO;trabalhadores;Activa;2022-02-12;2026-03-15
1.167.0;SINDICATO NACIONAL DOS ENFERMEIROS DIPLOMADOS;SNED;registo;SINDICATO;trabalhadores;Extinta;1976-05-03;2014-06-15
1.15.2;SINDICATO NACIONAL DOS ENGENHEIROS;SNE;registo;SINDICATO;trabalhadores;Activa;1975-08-19;2008-05-08
1.15.3;SINDICATO NACIONAL DOS ENGENHEIROS E ARQUITECTOS;SNEA;registo;SINDICATO;trabalhadores;Activa;2010-11-29;2010-11-29
1.15.1;SINDICATO NACIONAL DOS ENGENHEIROS TÉCNICOS;SNETSETS;registo;SINDICATO;trabalhadores;Activa;1993-03-30;2001-04-08
1.15.4;SINDICATO NACIONAL DOS ENGENHEIROS, ENGENHEIROS TÉCNICOS E ARQUITECTOS (SNEET);SNEET;registo;SINDICATO;trabalhadores;Activa;2011-04-08;2024-12-22
1.164.0;SINDICATO NACIONAL DOS ESTIVADORES, CARREGADORES E DESCARREGADORES DE TERRA E MAR DO DISTRITO DE FARO;ESTIVADORES;recurso;SINDICATO;trabalhadores;Extinta;1975-09-29;1975-09-29
1.521.1;SINDICATO NACIONAL DOS ESTIVADORES, TRABALHADORES DO TRÁFEGO E CONFERENTES MARÍTIMOS E OUTROS;ESTIVADORESTRAFEGO;recurso;SINDICATO;trabalhadores;Activa;2017-01-08;2026-02-15
1.216.1;SINDICATO NACIONAL DOS FARMACÊUTICOS;FARMACEUTICOS;recurso;SINDICATO;trabalhadores;Activa;1976-06-23;2022-08-15
1.397.1;SINDICATO NACIONAL DOS FERROVIÁRIOS ADMINISTRATIVOS, TÉCNICOS E DE SERVIÇOS;SINFESE;registo;SINDICATO;trabalhadores;Extinta;1984-01-15;2019-01-15
1.478.0;SINDICATO NACIONAL DOS FERROVIÁRIOS BRAÇAIS;SINFB;registo;SINDICATO;trabalhadores;Activa;1991-09-30;2003-07-08
1.478.1;SINDICATO NACIONAL DOS FERROVIÁRIOS BRAÇAIS E AFINS;SINFB;registo;SINDICATO;trabalhadores;Activa;2002-05-18;2006-07-15
1.396.0;SINDICATO NACIONAL DOS FERROVIÁRIOS DE ESTAÇÃO;SINAFE;registo;SINDICATO;trabalhadores;Activa;1981-12-15;1981-12-15
1.396.1;SINDICATO NACIONAL DOS FERROVIÁRIOS DE ESTAÇÃO E AFINS;SINAFE;registo;SINDICATO;trabalhadores;Activa;1987-07-30;1987-07-30
1.397.0;SINDICATO NACIONAL DOS FERROVIÁRIOS DE SERVIÇOS;SINFESE;registo;SINDICATO;trabalhadores;Extinta;1981-12-15;1981-12-15
1.396.2;SINDICATO NACIONAL DOS FERROVIÁRIOS DO MOVIMENTO E AFINS;SINAFE;registo;SINDICATO;trabalhadores;Activa;1992-04-30;2025-11-15
1.419.0;SINDICATO NACIONAL DOS FUNCIONÁRIOS DAS COMISSÕES DE CONCILIAÇÃO E JULGAMENTO;FUNCIONARIOS;recurso;SINDICATO;trabalhadores;Extinta;1984-01-15;1990-12-15
1.680.0;SINDICATO NACIONAL DOS JUÍZES DE PAZ;SINJUP;registo;SINDICATO;trabalhadores;Activa;2021-12-17;2025-06-08
1.344.0;SINDICATO NACIONAL DOS MAQUINISTAS DOS CAMINHOS DE FERRO PORTUGUESES;SNMCFP;registo;SINDICATO;trabalhadores;Activa;1978-06-15;1978-06-15
1.344.1;SINDICATO NACIONAL DOS MAQUINISTAS DOS CAMINHOS DE FERRO PORTUGUESES;SMAQ;registo;SINDICATO;trabalhadores;Activa;1987-10-15;2003-05-23
1.344.2;SINDICATO NACIONAL DOS MAQUINISTAS DOS CAMINHOS DE FERRO PORTUGUESES;SMAQ;registo;SINDICATO;trabalhadores;Activa;2006-06-30;2025-07-29
1.420.1;SINDICATO NACIONAL DOS MASSAGISTAS DE RECUPERAÇÃO E CINESIOTERAPEUTAS;SIMAC;registo;SINDICATO;trabalhadores;Activa;1986-11-30;2014-03-03
1.420.2;SINDICATO NACIONAL DOS MASSAGISTAS DE RECUPERAÇAO, CINESIOTERAPEUTAS, OSTEOPATAS, TERAPEUTAS MANUAIS E PESSOAL AUXILIAR E ADMINISTRATIVO;SIMAC;registo;SINDICATO;trabalhadores;Activa;2014-12-08;2019-08-08
1.162.0;SINDICATO NACIONAL DOS MÉDICOS VETERINÁRIOS;SNMV;registo;SINDICATO;trabalhadores;Activa;1975-09-26;2025-02-15
1.427.0;SINDICATO NACIONAL DOS MOTORISTAS;MOTORISTAS;recurso;SINDICATO;trabalhadores;Activa;1985-11-30;2016-09-08
1.641.0;SINDICATO NACIONAL DOS MOTORISTAS DE MATERIAS PERIGOSAS;SNMMP;registo;SINDICATO;trabalhadores;Extinta;2018-09-22;2022-11-09
1.512.0;SINDICATO NACIONAL DOS MOTORISTAS DE TAXIS E AUTOMÓVEIS ALUGUER LIGEIROS DE PASSAGEIROS;SINMTAXI;registo;SINDICATO;trabalhadores;Extinta;1997-08-15;2012-02-08
1.427.1;SINDICATO NACIONAL DOS MOTORISTAS E OUTROS TRABALHADORES;MOTORISTASOUTROS;recurso;SINDICATO;trabalhadores;Activa;2021-07-07;2021-08-22
1.427.2;SINDICATO NACIONAL DOS MOTORISTAS E OUTROS TRABALHADORES;SNMOT;registo;SINDICATO;trabalhadores;Activa;2023-02-08;2025-11-29
1.156.0;SINDICATO NACIONAL DOS MOTORISTAS MARÍTIMOS E AJUDANTES DO DISTRITO DE LEIRIA;MOTORISTASMARITIMOS;recurso;SINDICATO;trabalhadores;Extinta;1975-08-09;1981-12-15
1.63.0;SINDICATO NACIONAL DOS ODONTOLOGISTAS PORTUGUESES;SNOP;registo;SINDICATO;trabalhadores;Extinta;1975-08-08;1975-08-08
1.637.0;SINDICATO NACIONAL DOS OFICIAIS DE JUSTIÇA;SNOJ;registo;SINDICATO;trabalhadores;Activa;2018-07-15;2018-07-15
1.574.0;SINDICATO NACIONAL DOS OFICIAIS DE OPERAÇÕES DE VOO;SINOOV;registo;SINDICATO;trabalhadores;Activa;2007-06-08;2010-05-08
1.240.0;SINDICATO NACIONAL DOS OPERÁRIOS CONFEITEIROS E OFÍCIOS CORRELATIVOS DO DISTRITO DO PORTO;OPERARIOS;recurso;SINDICATO;trabalhadores;Extinta;1975-08-12;2003-01-08
1.165.0;SINDICATO NACIONAL DOS OPERÁRIOS DA INDÚSTRIA DE CURTUMES E OFÍCIOS CORRELATIVOS DO DISTRITO DE SANTARÉM;OPERARIOSINDUSTRIA;recurso;SINDICATO;trabalhadores;Extinta;1975-09-28;2013-08-15
1.262.0;SINDICATO NACIONAL DOS OPERÁRIOS METALÚRGICOS DO DISTRITO DE BRAGANÇA;OPERARIOS;recurso;SINDICATO;trabalhadores;Extinta;1975-12-19;1982-08-14
1.666.0;SINDICATO NACIONAL DOS OSTEOPATAS;SNO;registo;SINDICATO;trabalhadores;Activa;2021-02-08;2021-02-08
1.377.1;SINDICATO NACIONAL DOS PROFESSORES;SINAP;registo;SINDICATO;trabalhadores;Activa;1988-08-15;1988-08-15
1.377.0;SINDICATO NACIONAL DOS PROFESSORES (ENSINO PARTICULAR);ENSINOPARTICULAR;derivada;SINDICATO;trabalhadores;Activa;1980-11-15;1980-11-15
1.557.0;SINDICATO NACIONAL DOS PROFESSORES DO ENSINO SECUNDÁRIO;PROFESSORESENSINO;recurso;SINDICATO;trabalhadores;Extinta;2004-06-29;2012-03-22
1.568.0;SINDICATO NACIONAL DOS PROFESSORES E EDUCADORES (SINPROFE);SINPROFE;registo;SINDICATO;trabalhadores;Extinta;2006-06-22;2011-03-29
1.513.0;SINDICATO NACIONAL DOS PROFESSORES E INVESTIGADORES DO ENSINO SUPERIOR PARTICULAR E COOPERATIVO (ASSOCIAÇÃO SINDICAL DE INVESTIGADORES E DOCENTES DO ENSINO SUPERIOR PARTICULAR E COOPERATIVO);SIPESP;registo;SINDICATO;trabalhadores;Activa;1997-10-30;2011-04-22
1.570.0;SINDICATO NACIONAL DOS PROFESSORES E/OU FORMADORES PÓS-GRADUADOS;SINPROFPG;registo;SINDICATO;trabalhadores;Extinta;2006-07-22;2007-02-15
1.570.1;SINDICATO NACIONAL DOS PROFESSORES E/OU FORMADORES PÓS-GRADUADOS;SINPROFPG;registo;SINDICATO;trabalhadores;Extinta;2014-06-15;2014-06-15
1.482.0;SINDICATO NACIONAL DOS PROFESSORES LICENCIADOS;SNPL;registo;SINDICATO;trabalhadores;Activa;1992-07-30;2026-08-29
1.489.1;SINDICATO NACIONAL DOS PROFESSORES LICENCIADOS PELOS INSTITUTOS POLITÉCNICOS E UNIVERSIDADES;SPLIU;registo;SINDICATO;trabalhadores;Activa;1994-07-30;2000-06-22
1.489.2;SINDICATO NACIONAL DOS PROFESSORES LICENCIADOS PELOS POLITÉCNICOS E UNIVERSIDADES;SPLIU;registo;SINDICATO;trabalhadores;Activa;2000-06-22;2025-02-22
1.619.0;SINDICATO NACIONAL DOS PROFISSIONAIS DA AUTORIDADE DE SEGURANÇA ALIMENTAR E ECONOMICA (SNP;ASAE;registo;SINDICATO;trabalhadores;Activa;2016-02-22;2020-08-22
1.377.2;SINDICATO NACIONAL DOS PROFISSIONAIS DA EDUCAÇÃO;SINAPE;registo;SINDICATO;trabalhadores;Activa;1993-08-15;2026-04-22
1.215.1;SINDICATO NACIONAL DOS PROFISSIONAIS DA INDÚSTRIA E COMÉRCIO DE VESTUÁRIO E DE ARTIGOS TÊXTEIS;SINPICVAT;registo;SINDICATO;trabalhadores;Activa;2005-03-29;2026-01-08
1.230.1;SINDICATO NACIONAL DOS PROFISSIONAIS DA INDÚSTRIA E COMÉRCIO DO CALÇADO, MALAS E AFINS;INDUSTRIACOMERCIO;recurso;SINDICATO;trabalhadores;Activa;2012-04-08;2026-05-08
1.588.0;SINDICATO NACIONAL DOS PROFISSIONAIS DE EMERGÊNCIA MÉDICA;SINAPEM;registo;SINDICATO;trabalhadores;Extinta;2010-07-08;2026-03-08
1.229.1;SINDICATO NACIONAL DOS PROFISSIONAIS DE FARMÁCIA;SINPROFARM;registo;SINDICATO;trabalhadores;Activa;1992-02-29;2022-11-15
1.19.1;SINDICATO NACIONAL DOS PROFISSIONAIS DE FARMÁCIA E PARAMÉDICOS;SIFAP;registo;SINDICATO;trabalhadores;Activa;1990-01-30;2022-02-28
1.122.0;SINDICATO NACIONAL DOS PROFISSIONAIS DE PSICOLOGIA;SNP;registo;SINDICATO;trabalhadores;Activa;1975-08-18;1977-08-15
1.187.1;SINDICATO NACIONAL DOS PROFISSIONAIS DE SEGUROS E AFINS (SINAPSA);SINAPSA;registo;SINDICATO;trabalhadores;Activa;2000-02-22;2025-07-08
1.118.2;SINDICATO NACIONAL DOS PROFISSIONAIS DE SERVIÇO SOCIAL;SERVICOSOCIAL;recurso;SINDICATO;trabalhadores;Extinta;2004-10-29;2010-12-08
1.122.1;SINDICATO NACIONAL DOS PSICÓLOGOS;PSICOLOGOS;recurso;SINDICATO;trabalhadores;Activa;1980-11-30;2025-01-29
1.417.0;SINDICATO NACIONAL DOS QUADROS E TÉCNICOS BANCÁRIOS;QUADROSTECNICOS;recurso;SINDICATO;trabalhadores;Activa;1984-02-15;2025-12-15
1.603.0;SINDICATO NACIONAL DOS REGISTOS;SNR;registo;SINDICATO;trabalhadores;Activa;2013-08-22;2022-05-15
1.428.0;SINDICATO NACIONAL DOS TÉCNICOS ASSISTENTES DENTÁRIOS;SINTAD;registo;SINDICATO;trabalhadores;Extinta;1985-12-30;2012-03-15
1.456.0;SINDICATO NACIONAL DOS TÉCNICOS DA SAÚDE;SINTES;registo;SINDICATO;trabalhadores;Extinta;1989-05-15;1991-03-15
1.498.0;SINDICATO NACIONAL DOS TÉCNICOS DE EMPREGO;STE;registo;SINDICATO;trabalhadores;Activa;1996-03-30;2011-01-22
1.435.0;SINDICATO NACIONAL DOS TÉCNICOS DE SAÚDE;SINTES;registo;SINDICATO;trabalhadores;Extinta;1986-08-15;2012-01-08
1.200.0;SINDICATO NACIONAL DOS TÉCNICOS E OPERÁRIOS METALÚRGICOS E METALOMECÂNICOS DO DISTRITO DE FARO;TECNICOSOPERARIOS;recurso;SINDICATO;trabalhadores;Extinta;1975-09-02;1981-07-30
1.273.3;SINDICATO NACIONAL DOS TÉCNICOS SUPERIORES DE SAÚDE DAS ÁREAS DE DIAGNÓSTICO E TERAPÊUTICA;TECNICOSSUPERIORES;recurso;SINDICATO;trabalhadores;Activa;2012-03-08;2025-07-08
1.248.0;SINDICATO NACIONAL DOS TELEFONISTAS E OFÍCIOS CORRELATIVOS DO DISTRITO DE LISBOA;TELEFONISTASOFICIOS;recurso;SINDICATO;trabalhadores;Activa;1975-08-30;1975-08-30
1.29.0;SINDICATO NACIONAL DOS TOUREIROS PORTUGUESES;TOUREIROS;recurso;SINDICATO;trabalhadores;Activa;1975-07-23;2020-01-29
1.29.1;SINDICATO NACIONAL DOS TOUREIROS PORTUGUESES;SNTP;registo;SINDICATO;trabalhadores;Activa;2026-03-29;2026-03-29
1.306.0;SINDICATO NACIONAL DOS TRABALHADORES DA ADMINISTRAÇÃO LOCAL;STAL;registo;SINDICATO;trabalhadores;Activa;1976-07-20;2012-01-22
1.306.1;SINDICATO NACIONAL DOS TRABALHADORES DA ADMINISTRAÇÃO LOCAL E REGIONAL, EMPRESAS PÚBLICAS, CONCESSIONÁRIAS E AFINS;STAL;registo;SINDICATO;trabalhadores;Activa;2014-01-22;2024-01-22
1.631.0;SINDICATO NACIONAL DOS TRABALHADORES DA AGRICULTURA, FLORESTA PESCA TURISMO INDÚSTRIA ALIMENTAR BEBIDAS E AFINS;SETAAB;registo;SINDICATO;trabalhadores;Activa;2017-10-28;2022-05-15
1.470.0;SINDICATO NACIONAL DOS TRABALHADORES DA AVIAÇÃO CIVIL;SINTAC;registo;SINDICATO;trabalhadores;Activa;1990-08-15;2022-09-22
1.57.1;SINDICATO NACIONAL DOS TRABALHADORES DA BANCA, SEGUROS E TECNOLOGIAS;SBC;registo;SINDICATO;trabalhadores;Activa;2023-04-27;2026-01-22
1.625.0;SINDICATO NACIONAL DOS TRABALHADORES DA EDUCAÇÃO A CONTRATO;SINATEC;registo;SINDICATO;trabalhadores;Extinta;2017-01-24;2020-02-15
1.14.0;SINDICATO NACIONAL DOS TRABALHADORES DA INDÚSTRIA ALIMENTAR;INDUSTRIAALIMENTAR;recurso;SINDICATO;trabalhadores;Extinta;1975-07-28;1982-07-30
1.406.2;SINDICATO NACIONAL DOS TRABALHADORES DA INDÚSTRIA ALIMENTAR;STIAC;registo;SINDICATO;trabalhadores;Activa;2022-05-29;2022-11-29
1.323.0;SINDICATO NACIONAL DOS TRABALHADORES DA INDÚSTRIA DE BEBIDAS;INDUSTRIABEBIDAS;recurso;SINDICATO;trabalhadores;Extinta;1977-02-23;2001-05-08
1.131.4;SINDICATO NACIONAL DOS TRABALHADORES DA INDÚSTRIA E COMÉRCIO DE ALIMENTAÇÃO BEBIDAS E AFINS;INDUSTRIACOMERCIO;recurso;SINDICATO;trabalhadores;Activa;2000-12-08;2026-02-22
1.131.3;SINDICATO NACIONAL DOS TRABALHADORES DA INDÚSTRIA E COMÉRCIO DE BEBIDAS;INDUSTRIACOMERCIO;recurso;SINDICATO;trabalhadores;Activa;1999-07-21;1999-09-08
1.573.0;SINDICATO NACIONAL DOS TRABALHADORES DA INDÚSTRIA FARMACÊUTICA;STIF;registo;SINDICATO;trabalhadores;Extinta;2007-03-08;2019-06-08
1.325.0;SINDICATO NACIONAL DOS TRABALHADORES DAS ADMINISTRAÇÕES E JUNTAS PORTUÁRIAS;ADMINISTRACOESJUNTAS;recurso;SINDICATO;trabalhadores;Activa;1977-02-24;1998-05-30
1.325.1;SINDICATO NACIONAL DOS TRABALHADORES DAS ADMINISTRAÇÕES PORTUÁRIAS;ADMINISTRACOES;recurso;SINDICATO;trabalhadores;Activa;1986-06-30;2022-11-08
1.488.1;SINDICATO NACIONAL DOS TRABALHADORES DAS INDÚSTRIAS DE ALIMENTAÇAO E BEBIDAS (STIANOR);STIANOR;registo;SINDICATO;trabalhadores;Activa;2020-07-29;2026-03-15
1.323.2;SINDICATO NACIONAL DOS TRABALHADORES DAS INDÚSTRIAS DE BEBIDAS;INDUSTRIASBEBIDAS;recurso;SINDICATO;trabalhadores;Extinta;1994-12-30;2006-04-29
1.295.1;SINDICATO NACIONAL DOS TRABALHADORES DAS INDÚSTRIAS DE CERÂMICA, CIMENTOS, ABRASIVOS, VIDRO E SIMILARES;SINTICAVS;registo;SINDICATO;trabalhadores;Activa;1982-07-15;2012-05-19
1.295.2;SINDICATO NACIONAL DOS TRABALHADORES DAS INDÚSTRIAS DE CERÂMICA, CIMENTOS, ABRASIVOS, VIDRO, SIMILARES, CONSTRUÇAO CIVIL E OBRAS PUBLICAS (SINTICAVS);SINTICAVS;registo;SINDICATO;trabalhadores;Activa;2012-05-22;2026-01-08
1.550.1;SINDICATO NACIONAL DOS TRABALHADORES DAS INDÚSTRIAS DE CERÂMICA, CIMENTOS, CONSTRUÇÃO E SIMILARES;INDUSTRIASCERAMICA;recurso;SINDICATO;trabalhadores;Activa;2006-11-29;2020-04-29
1.44.2;SINDICATO NACIONAL DOS TRABALHADORES DAS TELECOMUNICAÇÕES;SINTEL;registo;SINDICATO;trabalhadores;Extinta;1985-10-30;1985-10-30
1.44.1;SINDICATO NACIONAL DOS TRABALHADORES DAS TELECOMUNICAÇÕES DOS CTT;SINTEL;registo;SINDICATO;trabalhadores;Extinta;1983-03-15;1983-03-15
1.504.0;SINDICATO NACIONAL DOS TRABALHADORES DAS TELECOMUNICAÇÕES E AUDIOVISUAL;SINTTAV;registo;SINDICATO;trabalhadores;Activa;1997-02-15;2023-04-29
1.44.3;SINDICATO NACIONAL DOS TRABALHADORES DAS TELECOMUNICAÇÕES, COMUNICAÇÕES E AUDIOVISUAL;SINTEL;registo;SINDICATO;trabalhadores;Extinta;1995-06-15;1997-02-15
1.530.0;SINDICATO NACIONAL DOS TRABALHADORES DAS VIAS FÉRREAS PORTUGUESAS;VIASFERREAS;recurso;SINDICATO;trabalhadores;Extinta;2000-07-22;2021-02-22
1.649.0;SINDICATO NACIONAL DOS TRABALHADORES DO ESTADO E FUNÇOES SOCIAIS;SINTEFS;registo;SINDICATO;trabalhadores;Activa;2019-06-08;2024-11-22
1.615.0;SINDICATO NACIONAL DOS TRABALHADORES DO ESTADO SETOR PUBLICO E AFINS;SINTESPA;registo;SINDICATO;trabalhadores;Activa;2015-05-23;2025-01-15
1.607.2;SINDICATO NACIONAL DOS TRABALHADORES DO ESTADO, DAS AUTARQUIAS E DE ENTIDADES COM FINS PÚBLICOS E SOCIAIS;STMO;registo;SINDICATO;trabalhadores;Activa;2023-12-22;2025-11-08
1.282.1;SINDICATO NACIONAL DOS TRABALHADORES DO RAMO ALIMENTAR E SIMILARES;RAMOALIMENTAR;recurso;SINDICATO;trabalhadores;Extinta;2003-06-08;2012-03-29
1.642.3;SINDICATO NACIONAL DOS TRABALHADORES DO SECTOR AUTOMOVEL E AFINS;STASA;registo;SINDICATO;trabalhadores;Activa;2024-05-02;2024-06-29
1.277.2;SINDICATO NACIONAL DOS TRABALHADORES DO SECTOR DAS PESCAS;PESCAS;registo;SINDICATO;trabalhadores;Activa;1987-08-30;1987-08-30
1.277.3;SINDICATO NACIONAL DOS TRABALHADORES DO SECTOR DAS PESCAS;PESCAS;registo;SINDICATO;trabalhadores;Activa;;
1.277.4;SINDICATO NACIONAL DOS TRABALHADORES DO SECTOR DAS PESCAS;PESCAS;registo;SINDICATO;trabalhadores;Activa;2011-07-02;2020-01-22
1.44.0;SINDICATO NACIONAL DOS TRABALHADORES DO SECTOR DAS TELECOMUNICAÇÕES DOS CTT;SINTEL;registo;SINDICATO;trabalhadores;Extinta;1975-11-03;1975-11-03
1.525.0;SINDICATO NACIONAL DOS TRABALHADORES DO SECTOR FERROVIÁRIO;SECTORFERROVIARIO;recurso;SINDICATO;trabalhadores;Activa;1999-10-15;2023-03-29
1.498.1;SINDICATO NACIONAL DOS TRABALHADORES DO SERVIÇO PÚBLICO DE EMPREGO E FORMAÇÃO PROFISSIONAL;STEMPFOR;registo;SINDICATO;trabalhadores;Activa;2009-05-15;2026-06-16
1.47.0;SINDICATO NACIONAL DOS TRABALHADORES DOS CORREIOS E TELECOMUNICAÇOES;SNTCT;registo;SINDICATO;trabalhadores;Activa;1975-12-09;2024-01-22
1.406.3;SINDICATO NACIONAL DOS TRABALHADORES DOS SECTORES ALIMENTAR, BEBIDAS, AGRICULTURA, AQUICULTURA, PESCA E SERVIÇOS RELACIONADOS;STIAC;registo;SINDICATO;trabalhadores;Activa;2023-11-15;2023-11-15
1.622.3;SINDICATO NACIONAL DOS TRABALHADORES DOS SERVIÇOS E DE ENTIDADES COM FINS PÚBLICOS;STTS;registo;SINDICATO;trabalhadores;Activa;2020-12-15;2026-09-08
1.307.1;SINDICATO NACIONAL DOS TRABALHADORES DOS SERVIÇOS MUNICIPALIZADOS;SERVICOS;recurso;SINDICATO;trabalhadores;Extinta;1979-04-08;1989-01-30
1.608.0;SINDICATO NACIONAL DOS TRABALHADORES DOS TRANSPORTES E INDÚSTRIA;SINTTI;registo;SINDICATO;trabalhadores;Activa;2014-01-25;2024-02-22
1.12.1;SINDICATO NACIONAL DOS TRABALHADORES E TÉCNICOS DA AGRICULTURA, FLORESTAS E PECUÁRIA;TECNICOSAGRICULTURA;recurso;SINDICATO;trabalhadores;Extinta;1993-02-15;2006-04-29
1.536.0;SINDICATO NACIONAL DOS TRANSPORTES, COMUNICAÇÕES E OBRAS PÚBLICAS;FENTCOP;registo;SINDICATO;trabalhadores;Activa;2001-08-31;2022-02-28
1.393.1;SINDICATO NACIONAL E DEMOCRATICO DOS PROFESSORES;SINDEP;registo;SINDICATO;trabalhadores;Activa;1992-07-30;2026-04-22
1.506.0;SINDICATO NACIONAL FERROVIÁRIO DA REVISÃO;SNFR;registo;SINDICATO;trabalhadores;Activa;1997-04-30;2000-08-22
1.367.0;SINDICATO NACIONAL FERROVIÁRIO DE TRENS E REVISÃO DOS CAMINHOS DE FERRO PORTUGUESES;SNFTR;registo;SINDICATO;trabalhadores;Activa;1980-01-15;1980-01-15
1.367.1;SINDICATO NACIONAL FERROVIÁRIO DE TRENS, REVISÃO E AFINS;SNFTR;registo;SINDICATO;trabalhadores;Activa;1988-06-15;1989-08-15
1.515.0;SINDICATO NACIONAL FERROVIÁRIO DO PESSOAL DE TRENS;SITRENS;registo;SINDICATO;trabalhadores;Activa;1998-01-30;2025-01-22
1.378.0;SINDICATO NACIONAL VERTICAL DOS TRABALHADORES DAS INDÚSTRIAS EXTRACTIVAS E DEMAIS SIMILARES;VERTICALINDUSTRIAS;recurso;SINDICATO;trabalhadores;Extinta;1981-02-28;1981-02-28
1.301.0;SINDICATO OPERÁRIO DA INDÚSTRIA DE PANIFICAÇÃO E PRODUTOS AFINS DO DISTRITO DE FARO;OPERARIOINDUSTRIA;recurso;SINDICATO;trabalhadores;Extinta;1976-04-09;1976-04-09
1.203.0;SINDICATO OPERÁRIO DAS INDÚSTRIAS QUÍMICAS DO NORTE;STIQN;registo;SINDICATO;trabalhadores;Extinta;1975-09-17;1975-09-17
1.296.2;SINDICATO PORTUGUÊS DOS ENGENHEIROS GRADUADOS NA UNIÃO EUROPEIA;SETN;registo;SINDICATO;trabalhadores;Activa;2002-08-08;2002-12-08
1.296.3;SINDICATO PORTUGUÊS DOS ENGENHEIROS GRADUADOS NA UNIÃO EUROPEIA;SPEUE;registo;SINDICATO;trabalhadores;Activa;2004-04-29;2011-06-08
1.296.4;SINDICATO PORTUGUÊS DOS ENGENHEIROS GRADUADOS NA UNIÃO EUROPEIA;SPEUE;registo;SINDICATO;trabalhadores;Activa;2015-10-31;2023-11-29
1.547.0;SINDICATO PORTUGUES DOS PSICOLOGOS;PSICOLOGOS;recurso;SINDICATO;trabalhadores;Extinta;2003-05-15;2004-02-22
1.547.1;SINDICATO PORTUGUES DOS PSICOLOGOS;PSICOLOGOS;recurso;SINDICATO;trabalhadores;Extinta;2011-05-08;2011-05-08
1.665.0;SINDICATO PORTUGUES DOS PSICOLOGOS (SPP);SPP;registo;SINDICATO;trabalhadores;Activa;2021-05-15;2021-08-15
1.653.0;SINDICATO SVP;SVP;recurso;SINDICATO;trabalhadores;Activa;2019-07-12;2019-09-08
1.124.0;SINDICATO TÊXTIL DO DISTRITO DE BRAGA;TEXTILDISTRITOBRAGA;recurso;SINDICATO;trabalhadores;Activa;1975-08-23;1982-12-15
1.120.0;SINDICATO TÊXTIL DO DISTRITO DE COIMBRA;TEXTILDISTRITO;recurso;SINDICATO;trabalhadores;Extinta;1975-08-18;1980-01-08
1.109.0;SINDICATO TÊXTIL DO DISTRITO DE LEIRIA;TEXTILDISTRITOLEIRIA;recurso;SINDICATO;trabalhadores;Extinta;1975-08-20;1980-01-08
1.124.1;SINDICATO TÊXTIL DO MINHO E TRÁS-OS-MONTES;STMTM;registo;SINDICATO;trabalhadores;Activa;1991-02-15;2025-05-15
1.272.2;SINDICATO TÊXTIL DO MINHO E TRÁS-OS-MONTES;STMTM;registo;SINDICATO;trabalhadores;Activa;1991-07-30;1997-01-30
1.679.0;SINDICATO TRIPULATES DA NETJETS-SSTN;SKYSHARE;registo;SINDICATO;trabalhadores;Activa;2022-09-12;2022-09-19
1.556.0;SINDICATO UNIDADE DOS PROFESSORES;SINDUP;registo;SINDICATO;trabalhadores;Activa;2004-04-29;2011-08-08
1.523.1;SINDICATO UNIFICADO DA POLÍCIA DE SEGURANÇA PÚBLICA;SUP;registo;SINDICATO;trabalhadores;Activa;2008-04-28;2023-03-22
1.673.0;SINDICATO UNIFICADO DA SEGURANÇA PRIVADA;SUSP;registo;SINDICATO;trabalhadores;Activa;2021-11-02;2026-02-15
1.605.0;SINDICATO VERTICAL DE CARREIRAS DA POLICIA;SVCP;registo;SINDICATO;trabalhadores;Activa;2013-11-08;2024-04-22
1.4.0;SINDICATO VERTICAL DOS TRABALHADORES TERRESTRES DA MANIPULAÇÃO DO PESCADO E AFINS DE PORTUGAL;VERTICALTERRESTRES;recurso;SINDICATO;trabalhadores;Activa;1975-08-13;1975-08-13
1.553.0;SINDICATO XXI - ASSOCIAÇÃO SINDICAL DOS TRABALHADORES ADMINISTRATIVOS, TÉCNICOS E OPERADORES DOS TERMINAIS DE CARGA CONTENTORIZADA DO PORTO DE SINES;SINDICATOXXI;derivada;SINDICATO;trabalhadores;Activa;2004-01-30;2025-06-15
1.237.2;SINDICATOS DOS TRABALHADORES DAS INDÚSTRIAS ELÉCTRICAS DO NORTE;STIEN;registo;SINDICATO;trabalhadores;Extinta;1998-04-15;2007-07-15
1.679.1;SKYSHARE - SINDICATO NACIONAL DOS TRIPULATES DA NETJETS;SSTN;registo;SINDICATO;trabalhadores;Activa;2024-12-08;2024-12-08
1.455.2;STAE-ZN- SINDICATO DOS TRABALHADORES DE APOIO EDUCATIVO/PESSOAL NÃO DOCENTE DA ZONA NORTE;STAEZN;registo;SINDICATO;trabalhadores;Activa;;
3.47.0;UGT - ALGARVE, UNIÃO GERAL DE TRABALHADORES DO ALGARVE;UGTALGARVE;registo;UNIÃO SINDICAL;trabalhadores;Activa;2010-03-20;2023-07-08
3.57.0;UGT - AVEIRO, UNIÃO GERAL DE TRABALHADORES DE AVEIRO;UGTAVEIRO;registo;UNIÃO SINDICAL;trabalhadores;Activa;2010-05-29;2023-03-15
3.45.0;UGT - BRAGA, UNIÃO GERAL DE TRABALHADORES DE BRAGA;UGTBRAGA;registo;UNIÃO SINDICAL;trabalhadores;Activa;2010-02-06;2023-07-11
3.50.0;UGT - CASTELO BRANCO - UNIÃO GERAL DE TRABALHADORES DE CASTELO BRANCO;UGTCBRANCO;registo;UNIÃO SINDICAL;trabalhadores;Activa;2010-04-11;2024-01-08
3.42.0;UGT - COIMBRA - UNIÃO GERAL DE TRABALHADORES DE COIMBRA;UGTCOIMBRA;registo;UNIÃO SINDICAL;trabalhadores;Activa;2009-10-31;2026-09-08
3.52.0;UGT - ÉVORA - UNIÃO GERAL DE TRABALHADORES DE ÉVORA;UGTEVORA;registo;UNIÃO SINDICAL;trabalhadores;Activa;2010-04-18;2023-11-08
3.49.0;UGT - GUARDA, UNIÃO GERAL DE TRABALHADORES DA GUARDA;UGTGUARDA;registo;UNIÃO SINDICAL;trabalhadores;Activa;2010-04-10;2026-06-29
3.60.0;UGT - LEIRIA - UNIÃO GERAL DE TRABALHADORES DE LEIRIA;UGTLEIRIA;registo;UNIÃO SINDICAL;trabalhadores;Activa;2010-09-04;2023-02-15
3.44.0;UGT - SETÚBAL, UNIÃO GERAL DE TRABALHADORES DE SETÚBAL;UGTSETUBAL;registo;UNIÃO SINDICAL;trabalhadores;Activa;2009-11-28;2023-04-29
3.46.0;UGT - VIANA DO CASTELO, UNIÃO GERAL DOS TRABALHADORES DE VIANA DO CASTELO;UGTVCASTELO;registo;UNIÃO SINDICAL;trabalhadores;Activa;2010-02-07;2023-11-08
3.53.0;UGT - VILA REAL, UNIÃO GERAL DE TRABALHADORES DE VILA REAL;UGTVILAREAL;registo;UNIÃO SINDICAL;trabalhadores;Activa;2010-05-15;2023-02-08
3.56.0;UGT - VISEU, UNIÃO GERAL DE TRABALHADORES DE VISEU;UGTVISEU;registo;UNIÃO SINDICAL;trabalhadores;Activa;2010-05-30;2026-07-08
3.48.0;UGT BEJA - UNIÃO GERAL DE TRABALHADORES DE BEJA;UGTBEJA;registo;UNIÃO SINDICAL;trabalhadores;Activa;2010-03-21;2014-12-08
3.51.0;UGT PORTALEGRE - UNIÃO GERAL DE TRABALHADORES DE PORTALEGRE;UGTPORTALEGRE;registo;UNIÃO SINDICAL;trabalhadores;Activa;2010-04-17;2023-04-22
3.55.0;UGT-BRAGANÇA - UNIÃO GERAL DE TRABALHADORES DE BRAGANÇA;UGTBRAGANCA;registo;UNIÃO SINDICAL;trabalhadores;Activa;2010-05-16;2023-11-08
3.58.0;UGT-LISBOA, UNIÃO GERAL DE TRABALHADORES DE LISBOA;UGTLISBOA;registo;UNIÃO SINDICAL;trabalhadores;Activa;2010-09-18;2026-05-15
3.54.0;UGT-SANTAREM, UNIÃO GERAL DE TRABALHADORES DE SANTAREM;UGTSANTAREM;registo;UNIÃO SINDICAL;trabalhadores;Activa;2010-05-08;2024-02-29
3.25.0;UNIÃO DOS SINDICATOS DA AMADORA;AMADORA;recurso;UNIÃO SINDICAL;trabalhadores;Extinta;1978-12-29;2011-09-22
3.37.0;UNIÃO DOS SINDICATOS DA FIGUEIRA DA FOZ;USFFN;registo;UNIÃO SINDICAL;trabalhadores;Activa;1982-06-15;2025-08-08
3.16.0;UNIÃO DOS SINDICATOS DA GUARDA/CGTP-IN;USGN;registo;UNIÃO SINDICAL;trabalhadores;Activa;1976-10-08;2025-11-29
3.7.0;UNIÃO DOS SINDICATOS DE AVEIRO;AVEIRO;recurso;UNIÃO SINDICAL;trabalhadores;Activa;1975-09-02;1997-04-30
3.7.1;UNIÃO DOS SINDICATOS DE AVEIRO /CGT;AVEIROCGT;recurso;UNIÃO SINDICAL;trabalhadores;Activa;1981-08-29;1981-08-29
3.7.2;UNIÃO DOS SINDICATOS DE AVEIRO/CGTP-IN;USAN;registo;UNIÃO SINDICAL;trabalhadores;Activa;1984-03-30;2024-08-15
3.32.0;UNIÃO DOS SINDICATOS DE BENAVENTE E SALVATERRA DE MAGOS;BENAVENTESALVATERRA;recurso;UNIÃO SINDICAL;trabalhadores;Extinta;1979-10-29;2016-04-15
3.12.1;UNIÃO DOS SINDICATOS DE BRAGA - CGTP-IN;USB;registo;UNIÃO SINDICAL;trabalhadores;Activa;1993-08-15;1996-12-15
3.30.0;UNIÃO DOS SINDICATOS DE BRAGANÇA;CGTPIN;registo;UNIÃO SINDICAL;trabalhadores;Activa;1979-09-15;1981-03-21
3.30.1;UNIÃO DOS SINDICATOS DE BRAGANÇA;USB;registo;UNIÃO SINDICAL;trabalhadores;Activa;1998-06-26;1998-08-15
3.30.2;UNIÃO DOS SINDICATOS DE BRAGANÇA (U.S. BRAGANÇA;USBN;registo;UNIÃO SINDICAL;trabalhadores;Activa;2002-04-13;2024-12-08
3.20.0;UNIÃO DOS SINDICATOS DE CALDAS DA RAÍNHA;CALDASRAINHA;recurso;UNIÃO SINDICAL;trabalhadores;Extinta;1978-09-22;2018-10-15
3.31.0;UNIÃO DOS SINDICATOS DE CASTELO BRANCO;CASTELOBRANCO;recurso;UNIÃO SINDICAL;trabalhadores;Activa;1979-10-29;1979-10-29
3.17.0;UNIÃO DOS SINDICATOS DE CASTELO BRANCO (VILA VELHA DO RÓDÃO);VILAVELHADORODAO;derivada;UNIÃO SINDICAL;trabalhadores;Extinta;1980-12-15;1997-04-22
3.31.1;UNIÃO DOS SINDICATOS DE CASTELO BRANCO / CGTP;CASTELOBRANCOCGTP;recurso;UNIÃO SINDICAL;trabalhadores;Activa;1986-04-15;1990-11-15
3.31.2;UNIÃO DOS SINDICATOS DE CASTELO BRANCO / CGTP-IN;USCBN;registo;UNIÃO SINDICAL;trabalhadores;Activa;1991-06-30;2026-04-22
3.8.0;UNIÃO DOS SINDICATOS DE COIMBRA;COIMBRA;recurso;UNIÃO SINDICAL;trabalhadores;Activa;1975-09-16;1981-02-14
3.8.1;UNIÃO DOS SINDICATOS DE COIMBRA / CGTP-IN;USC;registo;UNIÃO SINDICAL;trabalhadores;Activa;1983-11-30;1984-06-15
3.8.2;UNIÃO DOS SINDICATOS DE COIMBRA/CONFEDERAÇÃO GERAL DOS TRABALHADORES PORTUGUESES-INTERSINDICAL NACIONAL;USC;registo;UNIÃO SINDICAL;trabalhadores;Activa;1984-07-15;2026-08-29
3.6.1;UNIÃO DOS SINDICATOS DE FARO;FARO;recurso;UNIÃO SINDICAL;trabalhadores;Activa;1978-01-29;1983-03-15
3.38.0;UNIÃO DOS SINDICATOS DE GUIMARÃES;GUIMARAES;recurso;UNIÃO SINDICAL;trabalhadores;Extinta;1983-12-30;2018-11-15
3.11.0;UNIÃO DOS SINDICATOS DE LISBOA/CGTP-IN;USLN;registo;UNIÃO SINDICAL;trabalhadores;Activa;1975-10-06;2023-12-29
3.23.0;UNIÃO DOS SINDICATOS DE MAFRA;MAFRA;recurso;UNIÃO SINDICAL;trabalhadores;Extinta;1978-11-22;1978-11-22
3.9.0;UNIÃO DOS SINDICATOS DE SANTARÉM;SANTAREM;recurso;UNIÃO SINDICAL;trabalhadores;Activa;1976-03-25;1978-03-15
3.1.2;UNIÃO DOS SINDICATOS DE SETÚBAL /CGTP-IN;USSN;registo;UNIÃO SINDICAL;trabalhadores;Activa;1991-01-30;2024-10-29
3.18.0;UNIÃO DOS SINDICATOS DE SINES E SANTIAGO DO CACEM (CGTP;SINESSANTIAGOCACEM;recurso;UNIÃO SINDICAL;trabalhadores;Activa;1977-11-15;1998-08-30
3.27.0;UNIÃO DOS SINDICATOS DE TOMAR/CGTP-IN;USTN;registo;UNIÃO SINDICAL;trabalhadores;Extinta;1979-04-08;2020-01-22
3.21.0;UNIÃO DOS SINDICATOS DE TORRES NOVAS;TORRESNOVAS;recurso;UNIÃO SINDICAL;trabalhadores;Extinta;1978-10-08;2011-04-08
3.14.0;UNIÃO DOS SINDICATOS DE VIANA DO CASTELO;VIANACASTELO;recurso;UNIÃO SINDICAL;trabalhadores;Activa;1975-11-04;1981-02-21
3.14.2;UNIÃO DOS SINDICATOS DE VIANA DO CASTELO/CGTP-IN;USVCN;registo;UNIÃO SINDICAL;trabalhadores;Activa;1987-07-30;2026-07-22
3.24.0;UNIÃO DOS SINDICATOS DE VILA FRANCA DE XIRA;VILAFRANCAXIRA;recurso;UNIÃO SINDICAL;trabalhadores;Extinta;1978-12-22;2013-03-15
3.3.0;UNIÃO DOS SINDICATOS DE VILA REAL;VILAREAL;recurso;UNIÃO SINDICAL;trabalhadores;Activa;1975-08-11;1987-02-15
3.3.2;UNIÃO DOS SINDICATOS DE VILA REAL;USVR;registo;UNIÃO SINDICAL;trabalhadores;Activa;1994-04-30;2023-12-22
3.15.0;UNIÃO DOS SINDICATOS DE VISEU;INTERSINDICAL;registo;UNIÃO SINDICAL;trabalhadores;Activa;1976-09-28;1976-09-28
3.15.1;UNIÃO DOS SINDICATOS DE VISEU;VISEU;recurso;UNIÃO SINDICAL;trabalhadores;Activa;1978-02-08;2003-10-15
3.15.2;UNIÃO DOS SINDICATOS DE VISEU / CGTP - INTERSINDICAL NACIONAL;VISEUCGTP;recurso;UNIÃO SINDICAL;trabalhadores;Activa;1981-03-21;1981-03-21
3.15.3;UNIÃO DOS SINDICATOS DE VISEU/CONFEDERAÇÃO GERAL DOS TRABALHADORES PORTUGUESES-INTERSINDICAL NACIONAL;USVN;registo;UNIÃO SINDICAL;trabalhadores;Activa;1985-01-15;2023-12-22
3.6.2;UNIÃO DOS SINDICATOS DO ALGARVE/CGTP-IN;USAN;registo;UNIÃO SINDICAL;trabalhadores;Activa;1986-05-15;2022-11-29
3.22.0;UNIÃO DOS SINDICATOS DO BARREIRO E MOITA;BARREIROMOITA;recurso;UNIÃO SINDICAL;trabalhadores;Extinta;1978-09-22;1988-03-30
3.22.1;UNIÃO DOS SINDICATOS DO BARREIRO E MOITA/CGTP-IN;USBMN;registo;UNIÃO SINDICAL;trabalhadores;Extinta;1988-04-30;2015-08-08
3.39.0;UNIÃO DOS SINDICATOS DO CENCELHO DE FAMALICÃO;CENCELHOFAMALICAO;recurso;UNIÃO SINDICAL;trabalhadores;Extinta;1986-07-30;2011-05-15
3.19.0;UNIÃO DOS SINDICATOS DO CONCELHO DE ALMADA;CONCELHOALMADA;recurso;UNIÃO SINDICAL;trabalhadores;Extinta;1978-06-15;1988-03-15
3.19.1;UNIÃO DOS SINDICATOS DO CONCELHO DE ALMADA / CGTP;CONCELHOALMADACGTP;recurso;UNIÃO SINDICAL;trabalhadores;Extinta;1988-06-15;2012-05-15
3.34.0;UNIÃO DOS SINDICATOS DO CONCELHO DE MONTEMOR;ONOVO;registo;UNIÃO SINDICAL;trabalhadores;Extinta;1980-07-22;2011-06-15
3.4.0;UNIÃO DOS SINDICATOS DO DISTRITO DE BEJA;USBEJA;registo;UNIÃO SINDICAL;trabalhadores;Activa;1975-08-30;1975-08-30
3.4.1;UNIÃO DOS SINDICATOS DO DISTRITO DE BEJA/ CGTP - IN;USBEJAN;registo;UNIÃO SINDICAL;trabalhadores;Activa;1982-03-30;2025-05-22
3.12.0;UNIÃO DOS SINDICATOS DO DISTRITO DE BRAGA;CGTPIN;registo;UNIÃO SINDICAL;trabalhadores;Activa;1976-03-26;1990-06-30
3.12.2;UNIÃO DOS SINDICATOS DO DISTRITO DE BRAGA;USBN;registo;UNIÃO SINDICAL;trabalhadores;Activa;2000-10-27;2024-08-08
3.33.0;UNIÃO DOS SINDICATOS DO DISTRITO DE ÉVORA;DISTRITOEVORA;recurso;UNIÃO SINDICAL;trabalhadores;Activa;1980-01-08;1999-05-08
3.33.2;UNIÃO DOS SINDICATOS DO DISTRITO DE ÉVORA;USDEN;registo;UNIÃO SINDICAL;trabalhadores;Activa;1996-01-30;2023-07-22
3.33.1;UNIÃO DOS SINDICATOS DO DISTRITO DE ÉVORA / CGTP;DISTRITOEVORACGTP;recurso;UNIÃO SINDICAL;trabalhadores;Activa;1986-02-28;2008-05-08
3.6.0;UNIÃO DOS SINDICATOS DO DISTRITO DE FARO / INTERSINDICAL;DISTRITOFARO;recurso;UNIÃO SINDICAL;trabalhadores;Activa;1975-08-23;1975-08-23
3.2.0;UNIÃO DOS SINDICATOS DO DISTRITO DE LEIRIA;DISTRITOLEIRIA;recurso;UNIÃO SINDICAL;trabalhadores;Extinta;1975-09-02;1976-10-14
3.41.0;UNIÃO DOS SINDICATOS DO DISTRITO DE LEIRIA;DISTRITOLEIRIA;recurso;UNIÃO SINDICAL;trabalhadores;Activa;1978-01-29;1999-05-29
3.41.1;UNIÃO DOS SINDICATOS DO DISTRITO DE LEIRIA;USDL;registo;UNIÃO SINDICAL;trabalhadores;Activa;1996-03-30;2022-12-08
3.10.0;UNIÃO DOS SINDICATOS DO DISTRITO DE PORTALEGRE;DISTRITOPORTALEGRE;recurso;UNIÃO SINDICAL;trabalhadores;Activa;1976-06-25;1999-09-22
3.9.1;UNIÃO DOS SINDICATOS DO DISTRITO DE SANTARÉM/CGTP - INTERSINDICAL NACIONAL;USSN;registo;UNIÃO SINDICAL;trabalhadores;Activa;1981-03-21;2023-11-22
3.1.0;UNIÃO DOS SINDICATOS DO DISTRITO DE SETÚBAL;DISTRITOSETUBAL;recurso;UNIÃO SINDICAL;trabalhadores;Activa;1975-08-06;1975-08-06
3.1.1;UNIÃO DOS SINDICATOS DO DISTRITO DE SETÚBAL;CGTPIN;registo;UNIÃO SINDICAL;trabalhadores;Activa;1977-08-15;2008-11-15
3.14.1;UNIÃO DOS SINDICATOS DO DISTRITO DE VIANA DO CASTELO/CGTP-IN;USVCN;registo;UNIÃO SINDICAL;trabalhadores;Activa;1984-09-30;2008-08-15
3.3.1;UNIÃO DOS SINDICATOS DO DISTRITO DE VILA REAL;CGTPIN;registo;UNIÃO SINDICAL;trabalhadores;Activa;1987-05-30;1990-04-30
3.10.1;UNIÃO DOS SINDICATOS DO NORTE ALENTEJANO;NORTEALENTEJANO;recurso;UNIÃO SINDICAL;trabalhadores;Activa;2002-10-01;2023-03-29
3.5.0;UNIÃO DOS SINDICATOS DO PORTO;PORTO;recurso;UNIÃO SINDICAL;trabalhadores;Activa;1975-09-29;2004-11-15
3.5.1;UNIÃO DOS SINDICATOS DO PORTO / CGT;PORTOCGT;recurso;UNIÃO SINDICAL;trabalhadores;Activa;1978-01-29;1983-10-15
3.5.2;UNIÃO DOS SINDICATOS DO PORTO / CONFEDERAÇAO GERAL DOS TRABALHADORES PORTUGUESES/CGTP-IN;USPN;registo;UNIÃO SINDICAL;trabalhadores;Activa;1984-04-15;2024-12-29
4.7.0;UNIÃO DOS SINDICATOS INDEPENDENTES;USI;registo;CONFEDERAÇÃO SINDICAL;trabalhadores;Activa;2001-01-08;2024-07-08
4.2.0;UNIÃO GERAL DE TRABALHADORES;GERAL;recurso;CONFEDERAÇÃO SINDICAL;trabalhadores;Activa;1978-12-22;2022-05-22
3.43.0;UNIAO GERAL DE TRABALHADORES - UGT PORTO;UGTPORTO;registo;UNIÃO SINDICAL;trabalhadores;Activa;2009-11-07;2023-05-22
3.29.0;UNIÃO LOCAL DOS SINDICATOS DE ÁGUEDA;LOCALAGUEDA;recurso;UNIÃO SINDICAL;trabalhadores;Extinta;1979-07-08;2012-03-15
3.26.0;UNIÃO LOCAL DOS SINDICATOS DE PORTIMÃO E LAGOA/CGTP-IN;USPLN;registo;UNIÃO SINDICAL;trabalhadores;Extinta;1979-01-29;2011-07-08
3.18.1;UNIÃO LOCAL DOS SINDICATOS DE SINES, SANTIAGO DO CACEM, GRÂNDOLA E ALCÁCER DO SAL/CGTP-IN;USSSCGAN;registo;UNIÃO SINDICAL;trabalhadores;Activa;2001-10-19;2022-02-15
3.28.0;UNIÃO LOCAL DOS SINDICATOS DE SXO JOÃO DA MADEIRA;LOCALSXOJOAOMADEIRA;recurso;UNIÃO SINDICAL;trabalhadores;Extinta;1979-05-08;2012-03-29
3.40.0;UNIÃO LOCAL DOS SINDICATOS DE VILA REAL DE SANTO ANTÓNIO, TAVIRA, CASTRO MARIM E ALCOUTIM;LOCALVILAREALSANTO;recurso;UNIÃO SINDICAL;trabalhadores;Extinta;1990-03-30;2011-06-08
3.36.0;UNIÃO SINDICAL CONCELHIA DE FELGUEIRAS/CGTP/IN;USFN;registo;UNIÃO SINDICAL;trabalhadores;Activa;1980-11-15;2006-07-08
3.35.0;UNIÃO SINDICAL CONCELHIA DE PENAFIEL;CONCELHIAPENAFIEL;recurso;UNIÃO SINDICAL;trabalhadores;Extinta;1980-10-30;2013-07-22
3.23.1;UNIÃO SINDICAL DE MAFRA;USM;registo;UNIÃO SINDICAL;trabalhadores;Extinta;1984-11-15;2011-12-15
1.562.0;UNIÃO SINDICAL DE PROFESSORES;USPROF;registo;SINDICATO;trabalhadores;Extinta;2005-07-08;2010-04-29
3.13.0;UNIÃO SINDICAL DE TORRES VEDRAS;USTV;registo;UNIÃO SINDICAL;trabalhadores;Activa;1975-10-16;2013-04-22
3.13.1;UNIÃO SINDICAL DE TORRES VEDRAS, CADAVAL, LOURINHÃ, MAFRA E SOBRAL DE MONTE AGRAÇO;USTCLMS;registo;UNIÃO SINDICAL;trabalhadores;Activa;2014-02-08;2026-02-22
